{
    "CTL-999": 1002,
    "CTL-998": 1001,
    "CTL-997": 1000,
    "CTL-996": 999,
    "CTL-995": 998,
    "CTL-994": 997,
    "CTL-993": 996,
    "CTL-992": 995,
    "CTL-991": 994,
    "CTL-99": 993,
    "CTL-989": 992,
    "CTL-988": 991,
    "CTL-987": 990,
    "CTL-986": 989,
    "CTL-985": 988,
    "CTL-984": 987,
    "CTL-983": 986,
    "CTL-982": 985,
    "CTL-981": 984,
    "CTL-980": 983,
    "CTL-98": 982,
    "CTL-979": 981,
    "CTL-978": 980,
    "CTL-977": 979,
    "CTL-976": 978,
    "CTL-975": 977,
    "CTL-974": 976,
    "CTL-973": 975,
    "CTL-972": 974,
    "CTL-971": 973,
    "CTL-970": 972,
    "CTL-97": 971,
    "CTL-969": 970,
    "CTL-968": 969,
    "CTL-967": 968,
    "CTL-966": 967,
    "CTL-965": 966,
    "CTL-964": 965,
    "CTL-963": 964,
    "CTL-962": 963,
    "CTL-961": 962,
    "CTL-96": 961,
    "CTL-958": 960,
    "CTL-957": 959,
    "CTL-956": 958,
    "CTL-955": 957,
    "CTL-954": 956,
    "CTL-953": 955,
    "CTL-952": 954,
    "CTL-951": 953,
    "CTL-950": 952,
    "CTL-95": 951,
    "CTL-949": 950,
    "CTL-948": 949,
    "CTL-945": 948,
    "CTL-944": 947,
    "CTL-943": 946,
    "CTL-942": 945,
    "CTL-941": 944,
    "CTL-940": 943,
    "CTL-94": 942,
    "CTL-939": 941,
    "CTL-938": 940,
    "CTL-937": 939,
    "CTL-936": 938,
    "CTL-935": 937,
    "CTL-934": 936,
    "CTL-933": 935,
    "CTL-932": 934,
    "CTL-931": 933,
    "CTL-930": 932,
    "CTL-93": 931,
    "CTL-929": 930,
    "CTL-928": 929,
    "CTL-927": 928,
    "CTL-926": 927,
    "CTL-925": 926,
    "CTL-924": 925,
    "CTL-923": 924,
    "CTL-922": 923,
    "CTL-921": 922,
    "CTL-920": 921,
    "CTL-92": 920,
    "CTL-919": 919,
    "CTL-918": 918,
    "CTL-917": 917,
    "CTL-916": 916,
    "CTL-915": 915,
    "CTL-914": 914,
    "CTL-913": 913,
    "CTL-912": 912,
    "CTL-911": 911,
    "CTL-910": 910,
    "CTL-91": 909,
    "CTL-909": 908,
    "CTL-908": 907,
    "CTL-907": 906,
    "CTL-906": 905,
    "CTL-905": 904,
    "CTL-904": 903,
    "CTL-903": 902,
    "CTL-901": 901,
    "CTL-900": 900,
    "CTL-90": 899,
    "CTL-9": 898,
    "CTL-899": 897,
    "CTL-898": 896,
    "CTL-897": 895,
    "CTL-896": 894,
    "CTL-895": 893,
    "CTL-894": 892,
    "CTL-893": 891,
    "CTL-892": 890,
    "CTL-891": 889,
    "CTL-890": 888,
    "CTL-89": 887,
    "CTL-889": 886,
    "CTL-888": 885,
    "CTL-887": 884,
    "CTL-886": 883,
    "CTL-885": 882,
    "CTL-884": 881,
    "CTL-883": 880,
    "CTL-882": 879,
    "CTL-881": 878,
    "CTL-880": 877,
    "CTL-88": 876,
    "CTL-879": 875,
    "CTL-878": 874,
    "CTL-877": 873,
    "CTL-876": 872,
    "CTL-875": 871,
    "CTL-874": 870,
    "CTL-873": 869,
    "CTL-872": 868,
    "CTL-871": 867,
    "CTL-870": 866,
    "CTL-87": 865,
    "CTL-869": 864,
    "CTL-868": 863,
    "CTL-867": 862,
    "CTL-866": 861,
    "CTL-865": 860,
    "CTL-864": 859,
    "CTL-863": 858,
    "CTL-862": 857,
    "CTL-861": 856,
    "CTL-86": 855,
    "CTL-859": 854,
    "CTL-858": 853,
    "CTL-857": 852,
    "CTL-856": 851,
    "CTL-855": 850,
    "CTL-854": 849,
    "CTL-853": 848,
    "CTL-852": 847,
    "CTL-851": 846,
    "CTL-850": 845,
    "CTL-85": 844,
    "CTL-849": 843,
    "CTL-848": 842,
    "CTL-847": 841,
    "CTL-846": 840,
    "CTL-844": 839,
    "CTL-843": 838,
    "CTL-842": 837,
    "CTL-841": 836,
    "CTL-840": 835,
    "CTL-84": 834,
    "CTL-839": 833,
    "CTL-838": 832,
    "CTL-837": 831,
    "CTL-836": 830,
    "CTL-835": 829,
    "CTL-834": 828,
    "CTL-833": 827,
    "CTL-832": 826,
    "CTL-831": 825,
    "CTL-830": 824,
    "CTL-83": 823,
    "CTL-829": 822,
    "CTL-828": 821,
    "CTL-827": 820,
    "CTL-826": 819,
    "CTL-825": 818,
    "CTL-824": 817,
    "CTL-823": 816,
    "CTL-822": 815,
    "CTL-821": 814,
    "CTL-820": 813,
    "CTL-82": 812,
    "CTL-819": 811,
    "CTL-818": 810,
    "CTL-817": 809,
    "CTL-816": 808,
    "CTL-815": 807,
    "CTL-814": 806,
    "CTL-813": 805,
    "CTL-812": 804,
    "CTL-811": 803,
    "CTL-810": 802,
    "CTL-81": 801,
    "CTL-809": 800,
    "CTL-808": 799,
    "CTL-807": 798,
    "CTL-806": 797,
    "CTL-805": 796,
    "CTL-804": 795,
    "CTL-803": 794,
    "CTL-802": 793,
    "CTL-801": 792,
    "CTL-800": 791,
    "CTL-80": 790,
    "CTL-8": 789,
    "CTL-799": 788,
    "CTL-798": 787,
    "CTL-797": 786,
    "CTL-796": 785,
    "CTL-795": 784,
    "CTL-793": 783,
    "CTL-792": 782,
    "CTL-791": 781,
    "CTL-790": 780,
    "CTL-79": 779,
    "CTL-789": 778,
    "CTL-788": 777,
    "CTL-787": 776,
    "CTL-786": 775,
    "CTL-785": 774,
    "CTL-784": 773,
    "CTL-783": 772,
    "CTL-782": 771,
    "CTL-781": 770,
    "CTL-780": 769,
    "CTL-78": 768,
    "CTL-779": 767,
    "CTL-778": 766,
    "CTL-777": 765,
    "CTL-776": 764,
    "CTL-775": 763,
    "CTL-774": 762,
    "CTL-773": 761,
    "CTL-772": 760,
    "CTL-771": 759,
    "CTL-770": 758,
    "CTL-77": 757,
    "CTL-769": 756,
    "CTL-768": 755,
    "CTL-767": 754,
    "CTL-766": 753,
    "CTL-76": 752,
    "CTL-759": 751,
    "CTL-758": 750,
    "CTL-757": 749,
    "CTL-756": 748,
    "CTL-755": 747,
    "CTL-754": 746,
    "CTL-753": 745,
    "CTL-752": 744,
    "CTL-751": 743,
    "CTL-750": 742,
    "CTL-75": 741,
    "CTL-749": 740,
    "CTL-748": 739,
    "CTL-747": 738,
    "CTL-746": 737,
    "CTL-745": 736,
    "CTL-744": 735,
    "CTL-743": 734,
    "CTL-742": 733,
    "CTL-741": 732,
    "CTL-740": 731,
    "CTL-74": 730,
    "CTL-739": 729,
    "CTL-738": 728,
    "CTL-737": 727,
    "CTL-736": 726,
    "CTL-735": 725,
    "CTL-734": 724,
    "CTL-733": 723,
    "CTL-732": 722,
    "CTL-731": 721,
    "CTL-730": 720,
    "CTL-73": 719,
    "CTL-729": 718,
    "CTL-728": 717,
    "CTL-727": 716,
    "CTL-726": 715,
    "CTL-725": 714,
    "CTL-724": 713,
    "CTL-723": 712,
    "CTL-722": 711,
    "CTL-721": 710,
    "CTL-720": 709,
    "CTL-72": 708,
    "CTL-719": 707,
    "CTL-718": 706,
    "CTL-717": 705,
    "CTL-716": 704,
    "CTL-713": 703,
    "CTL-712": 702,
    "CTL-711": 701,
    "CTL-710": 700,
    "CTL-71": 699,
    "CTL-707": 698,
    "CTL-706": 697,
    "CTL-705": 696,
    "CTL-704": 695,
    "CTL-703": 694,
    "CTL-696": 693,
    "CTL-695": 692,
    "CTL-694": 691,
    "CTL-693": 690,
    "CTL-692": 689,
    "CTL-691": 688,
    "CTL-690": 687,
    "CTL-69": 686,
    "CTL-689": 685,
    "CTL-688": 684,
    "CTL-687": 683,
    "CTL-684": 682,
    "CTL-683": 681,
    "CTL-682": 680,
    "CTL-681": 679,
    "CTL-680": 678,
    "CTL-679": 677,
    "CTL-678": 676,
    "CTL-677": 675,
    "CTL-676": 674,
    "CTL-675": 673,
    "CTL-674": 672,
    "CTL-673": 671,
    "CTL-672": 670,
    "CTL-671": 669,
    "CTL-670": 668,
    "CTL-67": 667,
    "CTL-669": 666,
    "CTL-668": 665,
    "CTL-667": 664,
    "CTL-666": 663,
    "CTL-665": 662,
    "CTL-664": 661,
    "CTL-663": 660,
    "CTL-662": 659,
    "CTL-661": 658,
    "CTL-660": 657,
    "CTL-658": 656,
    "CTL-657": 655,
    "CTL-656": 654,
    "CTL-655": 653,
    "CTL-654": 652,
    "CTL-650": 651,
    "CTL-65": 650,
    "CTL-649": 649,
    "CTL-642": 648,
    "CTL-634": 647,
    "CTL-633": 646,
    "CTL-632": 645,
    "CTL-631": 644,
    "CTL-630": 643,
    "CTL-628": 642,
    "CTL-627": 641,
    "CTL-626": 640,
    "CTL-625": 639,
    "CTL-623": 638,
    "CTL-622": 637,
    "CTL-621": 636,
    "CTL-620": 635,
    "CTL-62": 634,
    "CTL-619": 633,
    "CTL-618": 632,
    "CTL-617": 631,
    "CTL-616": 630,
    "CTL-615": 629,
    "CTL-612": 628,
    "CTL-611": 627,
    "CTL-610": 626,
    "CTL-61": 625,
    "CTL-609": 624,
    "CTL-608": 623,
    "CTL-607": 622,
    "CTL-606": 621,
    "CTL-605": 620,
    "CTL-604": 619,
    "CTL-603": 618,
    "CTL-602": 617,
    "CTL-601": 616,
    "CTL-600": 615,
    "CTL-60": 614,
    "CTL-6": 613,
    "CTL-599": 612,
    "CTL-598": 611,
    "CTL-580": 610,
    "CTL-58": 609,
    "CTL-579": 608,
    "CTL-57": 607,
    "CTL-569": 606,
    "CTL-568": 605,
    "CTL-567": 604,
    "CTL-566": 603,
    "CTL-565": 602,
    "CTL-564": 601,
    "CTL-563": 600,
    "CTL-562": 599,
    "CTL-561": 598,
    "CTL-560": 597,
    "CTL-559": 596,
    "CTL-558": 595,
    "CTL-556": 594,
    "CTL-555": 593,
    "CTL-554": 592,
    "CTL-553": 591,
    "CTL-552": 590,
    "CTL-551": 589,
    "CTL-550": 588,
    "CTL-548": 587,
    "CTL-547": 586,
    "CTL-546": 585,
    "CTL-544": 584,
    "CTL-543": 583,
    "CTL-542": 582,
    "CTL-541": 581,
    "CTL-540": 580,
    "CTL-54": 579,
    "CTL-539": 578,
    "CTL-525": 577,
    "CTL-524": 576,
    "CTL-523": 575,
    "CTL-522": 574,
    "CTL-521": 573,
    "CTL-520": 572,
    "CTL-507": 571,
    "CTL-506": 570,
    "CTL-501": 569,
    "CTL-500": 568,
    "CTL-50": 567,
    "CTL-5": 566,
    "CTL-495": 565,
    "CTL-494": 564,
    "CTL-493": 563,
    "CTL-492": 562,
    "CTL-491": 561,
    "CTL-490": 560,
    "CTL-49": 559,
    "CTL-489": 558,
    "CTL-488": 557,
    "CTL-487": 556,
    "CTL-486": 555,
    "CTL-485": 554,
    "CTL-484": 553,
    "CTL-483": 552,
    "CTL-48": 551,
    "CTL-478": 550,
    "CTL-477": 549,
    "CTL-476": 548,
    "CTL-475": 547,
    "CTL-474": 546,
    "CTL-473": 545,
    "CTL-472": 544,
    "CTL-471": 543,
    "CTL-470": 542,
    "CTL-47": 541,
    "CTL-469": 540,
    "CTL-468": 539,
    "CTL-467": 538,
    "CTL-466": 537,
    "CTL-465": 536,
    "CTL-464": 535,
    "CTL-463": 534,
    "CTL-461": 533,
    "CTL-460": 532,
    "CTL-46": 531,
    "CTL-459": 530,
    "CTL-458": 529,
    "CTL-457": 528,
    "CTL-456": 527,
    "CTL-455": 526,
    "CTL-454": 525,
    "CTL-453": 524,
    "CTL-452": 523,
    "CTL-451": 522,
    "CTL-450": 521,
    "CTL-45": 520,
    "CTL-449": 519,
    "CTL-448": 518,
    "CTL-447": 517,
    "CTL-446": 516,
    "CTL-445": 515,
    "CTL-444": 514,
    "CTL-443": 513,
    "CTL-442": 512,
    "CTL-441": 511,
    "CTL-440": 510,
    "CTL-439": 509,
    "CTL-438": 508,
    "CTL-437": 507,
    "CTL-436": 506,
    "CTL-435": 505,
    "CTL-434": 504,
    "CTL-433": 503,
    "CTL-432": 502,
    "CTL-430": 501,
    "CTL-43": 500,
    "CTL-429": 499,
    "CTL-428": 498,
    "CTL-427": 497,
    "CTL-426": 496,
    "CTL-425": 495,
    "CTL-424": 494,
    "CTL-423": 493,
    "CTL-422": 492,
    "CTL-421": 491,
    "CTL-420": 490,
    "CTL-42": 489,
    "CTL-419": 488,
    "CTL-418": 487,
    "CTL-417": 486,
    "CTL-416": 485,
    "CTL-415": 484,
    "CTL-414": 483,
    "CTL-413": 482,
    "CTL-406": 481,
    "CTL-405": 480,
    "CTL-403": 479,
    "CTL-402": 478,
    "CTL-401": 477,
    "CTL-400": 476,
    "CTL-40": 475,
    "CTL-4": 474,
    "CTL-399": 473,
    "CTL-398": 472,
    "CTL-397": 471,
    "CTL-396": 470,
    "CTL-395": 469,
    "CTL-394": 468,
    "CTL-393": 467,
    "CTL-392": 466,
    "CTL-391": 465,
    "CTL-390": 464,
    "CTL-39": 463,
    "CTL-389": 462,
    "CTL-388": 461,
    "CTL-387": 460,
    "CTL-386": 459,
    "CTL-385": 458,
    "CTL-384": 457,
    "CTL-383": 456,
    "CTL-382": 455,
    "CTL-381": 454,
    "CTL-380": 453,
    "CTL-38": 452,
    "CTL-379": 451,
    "CTL-378": 450,
    "CTL-377": 449,
    "CTL-376": 448,
    "CTL-375": 447,
    "CTL-374": 446,
    "CTL-373": 445,
    "CTL-372": 444,
    "CTL-371": 443,
    "CTL-370": 442,
    "CTL-37": 441,
    "CTL-369": 440,
    "CTL-368": 439,
    "CTL-367": 438,
    "CTL-366": 437,
    "CTL-365": 436,
    "CTL-364": 435,
    "CTL-363": 434,
    "CTL-362": 433,
    "CTL-361": 432,
    "CTL-360": 431,
    "CTL-36": 430,
    "CTL-359": 429,
    "CTL-358": 428,
    "CTL-357": 427,
    "CTL-356": 426,
    "CTL-355": 425,
    "CTL-354": 424,
    "CTL-353": 423,
    "CTL-352": 422,
    "CTL-351": 421,
    "CTL-350": 420,
    "CTL-35": 419,
    "CTL-349": 418,
    "CTL-348": 417,
    "CTL-347": 416,
    "CTL-346": 415,
    "CTL-345": 414,
    "CTL-344": 413,
    "CTL-343": 412,
    "CTL-342": 411,
    "CTL-341": 410,
    "CTL-340": 409,
    "CTL-34": 408,
    "CTL-339": 407,
    "CTL-337": 406,
    "CTL-336": 405,
    "CTL-335": 404,
    "CTL-334": 403,
    "CTL-333": 402,
    "CTL-332": 401,
    "CTL-331": 400,
    "CTL-330": 399,
    "CTL-33": 398,
    "CTL-329": 397,
    "CTL-328": 396,
    "CTL-327": 395,
    "CTL-326": 394,
    "CTL-325": 393,
    "CTL-324": 392,
    "CTL-323": 391,
    "CTL-322": 390,
    "CTL-321": 389,
    "CTL-320": 388,
    "CTL-32": 387,
    "CTL-319": 386,
    "CTL-318": 385,
    "CTL-317": 384,
    "CTL-316": 383,
    "CTL-315": 382,
    "CTL-314": 381,
    "CTL-313": 380,
    "CTL-312": 379,
    "CTL-311": 378,
    "CTL-310": 377,
    "CTL-31": 376,
    "CTL-309": 375,
    "CTL-308": 374,
    "CTL-307": 373,
    "CTL-306": 372,
    "CTL-305": 371,
    "CTL-304": 370,
    "CTL-303": 369,
    "CTL-302": 368,
    "CTL-301": 367,
    "CTL-300": 366,
    "CTL-30": 365,
    "CTL-3": 364,
    "CTL-299": 363,
    "CTL-298": 362,
    "CTL-297": 361,
    "CTL-296": 360,
    "CTL-295": 359,
    "CTL-294": 358,
    "CTL-293": 357,
    "CTL-292": 356,
    "CTL-291": 355,
    "CTL-290": 354,
    "CTL-29": 353,
    "CTL-289": 352,
    "CTL-288": 351,
    "CTL-287": 350,
    "CTL-286": 349,
    "CTL-285": 348,
    "CTL-284": 347,
    "CTL-283": 346,
    "CTL-282": 345,
    "CTL-281": 344,
    "CTL-280": 343,
    "CTL-28": 342,
    "CTL-279": 341,
    "CTL-278": 340,
    "CTL-277": 339,
    "CTL-276": 338,
    "CTL-275": 337,
    "CTL-274": 336,
    "CTL-273": 335,
    "CTL-272": 334,
    "CTL-271": 333,
    "CTL-270": 332,
    "CTL-27": 331,
    "CTL-269": 330,
    "CTL-268": 329,
    "Improve readme for Catel repository": 328,
    "CTL-266": 327,
    "CTL-265": 326,
    "CTL-264": 325,
    "CTL-263": 324,
    "CTL-262": 323,
    "CTL-794": 322,
    "CTL-260": 321,
    "CTL-26": 320,
    "CTL-259": 319,
    "CTL-258": 318,
    "CTL-257": 317,
    "CTL-256": 316,
    "CTL-255": 315,
    "CTL-254": 314,
    "CTL-253": 313,
    "CTL-252": 312,
    "CTL-251": 311,
    "CTL-250": 310,
    "CTL-686": 309,
    "CTL-25": 308,
    "CTL-249": 307,
    "CTL-248": 306,
    "CTL-247": 305,
    "CTL-246": 304,
    "CTL-245": 303,
    "CTL-244": 302,
    "CTL-243": 301,
    "CTL-242": 300,
    "CTL-241": 299,
    "CTL-240": 298,
    "CTL-24": 297,
    "CTL-239": 296,
    "CTL-238": 295,
    "CTL-237": 294,
    "CTL-236": 293,
    "CTL-235": 292,
    "CTL-234": 291,
    "CTL-233": 290,
    "CTL-232": 289,
    "CTL-231": 288,
    "CTL-230": 287,
    "CTL-23": 286,
    "CTL-229": 285,
    "CTL-228": 284,
    "CTL-227": 283,
    "CTL-226": 282,
    "CTL-225": 281,
    "CTL-224": 280,
    "CTL-223": 279,
    "CTL-222": 278,
    "CTL-221": 277,
    "CTL-220": 276,
    "CTL-22": 275,
    "CTL-219": 274,
    "CTL-218": 273,
    "CTL-217": 272,
    "CTL-216": 271,
    "CTL-215": 270,
    "CTL-214": 269,
    "CTL-213": 268,
    "CTL-212": 267,
    "CTL-211": 266,
    "CTL-210": 265,
    "CTL-21": 264,
    "CTL-209": 263,
    "CTL-208": 262,
    "CTL-207": 261,
    "CTL-206": 260,
    "CTL-205": 259,
    "CTL-204": 258,
    "CTL-203": 257,
    "CTL-202": 256,
    "CTL-201": 255,
    "CTL-200": 254,
    "CTL-20": 253,
    "CTL-199": 252,
    "CTL-198": 251,
    "CTL-197": 250,
    "CTL-196": 249,
    "CTL-195": 248,
    "CTL-194": 247,
    "CTL-193": 246,
    "CTL-192": 245,
    "CTL-191": 244,
    "CTL-190": 243,
    "CTL-19": 242,
    "CTL-189": 241,
    "CTL-188": 240,
    "CTL-187": 239,
    "CTL-186": 238,
    "CTL-185": 237,
    "CTL-184": 236,
    "CTL-183": 235,
    "CTL-182": 234,
    "CTL-181": 233,
    "CTL-180": 232,
    "CTL-18": 231,
    "CTL-179": 230,
    "CTL-178": 229,
    "CTL-177": 228,
    "CTL-176": 227,
    "CTL-175": 226,
    "CTL-174": 225,
    "CTL-173": 224,
    "CTL-172": 223,
    "CTL-171": 222,
    "CTL-170": 221,
    "CTL-17": 220,
    "CTL-169": 219,
    "CTL-168": 218,
    "CTL-167": 217,
    "CTL-166": 216,
    "CTL-165": 215,
    "CTL-164": 214,
    "CTL-163": 213,
    "CTL-162": 212,
    "CTL-160": 211,
    "CTL-16": 210,
    "CTL-159": 209,
    "CTL-158": 208,
    "CTL-157": 207,
    "CTL-156": 206,
    "CTL-155": 205,
    "CTL-154": 204,
    "CTL-153": 203,
    "CTL-152": 202,
    "CTL-151": 201,
    "CTL-150": 200,
    "CTL-15": 199,
    "CTL-149": 198,
    "CTL-148": 197,
    "CTL-147": 196,
    "CTL-146": 195,
    "CTL-145": 194,
    "CTL-144": 193,
    "CTL-143": 192,
    "CTL-142": 191,
    "CTL-141": 190,
    "CTL-140": 189,
    "CTL-14": 188,
    "CTL-139": 187,
    "CTL-138": 186,
    "CTL-137": 185,
    "CTL-136": 184,
    "CTL-135": 183,
    "CTL-134": 182,
    "CTL-133": 181,
    "CTL-132": 180,
    "CTL-131": 179,
    "CTL-130": 178,
    "CTL-13": 177,
    "CTL-129": 176,
    "CTL-128": 175,
    "CTL-127": 174,
    "CTL-126": 173,
    "CTL-125": 172,
    "CTL-124": 171,
    "CTL-123": 170,
    "CTL-122": 169,
    "CTL-121": 168,
    "CTL-120": 167,
    "CTL-12": 166,
    "CTL-119": 165,
    "CTL-118": 164,
    "CTL-117": 163,
    "CTL-116": 162,
    "CTL-115": 161,
    "CTL-114": 160,
    "CTL-113": 159,
    "CTL-112": 158,
    "CTL-111": 157,
    "CTL-110": 156,
    "CTL-11": 155,
    "CTL-109": 154,
    "CTL-108": 153,
    "CTL-107": 152,
    "CTL-106": 151,
    "CTL-105": 150,
    "CTL-104": 149,
    "CTL-103": 148,
    "CTL-1029": 147,
    "CTL-1028": 146,
    "CTL-1027": 145,
    "CTL-1026": 144,
    "CTL-1025": 143,
    "CTL-1024": 142,
    "CTL-1023": 141,
    "CTL-1022": 140,
    "CTL-1021": 139,
    "CTL-1020": 138,
    "CTL-102": 137,
    "CTL-1019": 136,
    "CTL-1018": 135,
    "CTL-1017": 134,
    "CTL-1016": 133,
    "CTL-1015": 132,
    "CTL-1014": 131,
    "CTL-1013": 130,
    "CTL-1012": 129,
    "CTL-1011": 128,
    "CTL-1010": 127,
    "CTL-101": 126,
    "CTL-1009": 125,
    "CTL-1008": 124,
    "CTL-1007": 123,
    "CTL-1006": 122,
    "CTL-1005": 121,
    "CTL-1004": 120,
    "CTL-1003": 119,
    "CTL-1002": 118,
    "CTL-1001": 117,
    "CTL-1000": 116,
    "CTL-100": 115,
    "CTL-10": 114,
    "CTL-2": 113,
    "CTL-1": 112,
    "Improved argument parsing": 53
}