{
    "issue": {
        "title": "CTL-359: Improve performance on DependencyObjectExtensions.FindLogicalOrVisualAncestor",
        "body": "Jira issue originally created by user @geertvanhorrik:\n\nCurrently, the code searches the logical tree twice which is not good for performance.",
        "created_at": "2014-02-23T18:48:25Z",
        "closed": true,
        "labels": [
            "Improvement"
        ],
        "milestone": 12,
        "assignee": "geertvanhorrik"
    },
    "comments": [
        {
            "created_at": "2014-02-23T18:52:32Z",
            "body": "Comment created by @geertvanhorrik:\n\nFixed."
        },
        {
            "created_at": "2014-02-23T18:52:32Z",
            "body": "Issue was closed with resolution \"Fixed\""
        }
    ]
}