{
    "issue": {
        "title": "CTL-214: Update CSLA.NET to v4.5.40",
        "body": "Jira issue originally created by user @geertvanhorrik:\n\n",
        "created_at": "2013-10-26T16:35:36Z",
        "closed": true,
        "labels": [
            "Task"
        ],
        "milestone": 15,
        "assignee": "geertvanhorrik"
    },
    "comments": [
        {
            "created_at": "2013-10-28T18:02:19Z",
            "body": "Comment created by @geertvanhorrik:\n\nDone."
        },
        {
            "created_at": "2013-10-28T18:02:19Z",
            "body": "Issue was closed with resolution \"Fixed\""
        }
    ]
}