{
    "issue": {
        "title": "CTL-215: PleaseWaitService UpdateStatus not work",
        "body": "Jira issue originally created by user Siddy74:\n\nI use in a \"foreach\" the \"PleaseWaitService\" and i call the \"UpdateStatus(int, int, string)\" but the status is not updated. I see the Message and that is it. The loading animation not work. Here my code:\r\n\r\nint i = 1;\r\nforeach(Customer c in Customers.Values)\r\n{\r\n          pleaseWaitService.UpdateStatus(i, Customers.Count, \"Updating {0} from {1} Customers);\r\n\r\n} \r\n\r\npleaseWaitService.Hide();",
        "created_at": "2013-10-29T09:04:58Z",
        "closed": true,
        "labels": [
            "Bug"
        ],
        "milestone": 15,
        "assignee": "geertvanhorrik"
    },
    "comments": [
        {
            "body": "empty body",
            "created_at": "2013-10-29T09:04:58Z"
        },
        {
            "created_at": "2013-10-29T09:07:49Z",
            "body": "Comment created by @geertvanhorrik:\n\nDuplicate, see [CTL-206](https:\/\/catelproject.atlassian.net\/browse\/CTL-206)"
        },
        {
            "created_at": "2013-10-29T09:08:49Z",
            "body": "Issue was closed with resolution \"Duplicate\""
        }
    ]
}