{
    "issue": {
        "title": "CTL-351: CommandManager throws NullReferenceException on KeyDown",
        "body": "Jira issue originally created by user @geertvanhorrik:\n\nCommandManager will throw NullReference exception when no key gestures are used.",
        "created_at": "2014-02-18T10:06:57Z",
        "closed": true,
        "labels": [
            "Bug"
        ],
        "milestone": 12,
        "assignee": "geertvanhorrik"
    },
    "comments": [
        {
            "created_at": "2014-02-18T10:13:00Z",
            "body": "Issue was closed with resolution \"Fixed\""
        }
    ]
}