{
    "issue": {
        "title": "CTL-445: Support command parameters with application-wide commands",
        "body": "Jira issue originally created by user @geertvanhorrik:\n\nSupport command parameters.",
        "created_at": "2014-05-23T23:31:42Z",
        "closed": true,
        "labels": [
            "Improvement"
        ],
        "milestone": 12,
        "assignee": "geertvanhorrik"
    },
    "comments": [
        {
            "created_at": "2014-05-24T01:40:59Z",
            "body": "Comment created by @geertvanhorrik:\n\nDone with unit tests."
        },
        {
            "created_at": "2014-05-24T01:40:59Z",
            "body": "Issue was closed with resolution \"Fixed\""
        }
    ]
}