{
    "issue": {
        "title": "CTL-417: Add IoC support to Catel.R#",
        "body": "Jira issue originally created by user Towelie:\n\nHi.\r\nIt would be great to add support of ServiceLocator to R# via Catel.R#.\r\nTo be able to register instance of class or suppres R# warning that this class have never instanciated.\r\n\r\nThere is already stand alone addin for R# https:\/\/github.com\/hmemcpy\/AgentMulder",
        "created_at": "2014-04-17T00:32:35Z",
        "closed": true,
        "labels": [
            "New Feature"
        ]
    },
    "comments": [
        {
            "created_at": "2014-04-18T14:45:57Z",
            "body": "Comment created by @geertvanhorrik:\n\nI know that Agent Mulder has support(ed?) Catel. I will contact him about this question."
        },
        {
            "created_at": "2014-04-18T14:48:44Z",
            "body": "Comment created by @geertvanhorrik:\n\nQuick answer:\r\n\r\n@hmemcpy: @GeertvanHorrik yup, should be! Contributed by @alexfdezsauco!"
        },
        {
            "created_at": "2014-09-01T21:28:52Z",
            "body": "Comment created by @geertvanhorrik:\n\nAlready supported by Agent Mulder."
        },
        {
            "created_at": "2014-09-01T21:28:52Z",
            "body": "Issue was closed with resolution \"Won't Fix\""
        }
    ]
}