{
    "issue": {
        "title": "CTL-140: Move Expose attribute to Fody and mark obsolete in Catel",
        "body": "Jira issue originally created by user @geertvanhorrik:\n\nIf the Expose attribute is moved to Fody, it can be used by any framework (SL, WP, WinRT). It also improves performance on WPF.",
        "created_at": "2013-07-31T08:17:37Z",
        "closed": true,
        "labels": [
            "Task"
        ],
        "milestone": 15,
        "assignee": "geertvanhorrik"
    },
    "comments": [
        {
            "created_at": "2013-11-11T18:33:38Z",
            "body": "Issue was closed with resolution \"Fixed\""
        }
    ]
}