{
    "issue": {
        "title": "CTL-305: Review sources compatibility with Prism 4.2",
        "body": "Jira issue originally created by user @alexfdezsauco:\n\nGet the Prism source from http:\/\/compositewpf.codeplex.com\/releases\/view\/117297",
        "created_at": "2014-01-22T15:27:54Z",
        "closed": true,
        "labels": [
            "Task"
        ]
    },
    "comments": [
        {
            "created_at": "2014-11-26T11:58:19Z",
            "body": "Comment created by @geertvanhorrik:\n\nWhat's the status?"
        },
        {
            "created_at": "2014-11-26T16:47:27Z",
            "body": "Comment created by @alexfdezsauco:\n\nNever done.  \r\n\r\nSee: https:\/\/catelproject.atlassian.net\/browse\/[CTL-427](https:\/\/catelproject.atlassian.net\/browse\/CTL-427)"
        },
        {
            "created_at": "2014-11-26T16:47:27Z",
            "body": "Issue was closed with resolution \"Won't Fix\""
        }
    ]
}