{
    "issue": {
        "title": "CTL-15: GetConnectionString extension method for DbContext",
        "body": "Jira issue originally created by user @geertvanhorrik:\n\nGetConnectionString extension method.",
        "created_at": "2013-03-08T16:01:18Z",
        "closed": true,
        "labels": [
            "Task"
        ],
        "milestone": 18,
        "assignee": "geertvanhorrik"
    },
    "comments": [
        {
            "created_at": "2013-03-08T17:03:03Z",
            "body": "Comment created by @geertvanhorrik:\n\nDone."
        },
        {
            "created_at": "2013-03-08T17:03:03Z",
            "body": "Issue was closed with resolution \"Fixed\""
        }
    ]
}