{
    "issue": {
        "title": "CTL-376: CancelViewModel raise System.InvalidOperationException",
        "body": "Jira issue originally created by user filippobottega:\n\nIn WPF.GettingStarted (VB.NET Version) System.InvalidOperationException raised when pressing Cancel in Family Window and at least one person is selected.",
        "created_at": "2014-03-05T14:43:42Z",
        "closed": true,
        "labels": [
            "Bug"
        ],
        "milestone": 12,
        "assignee": "geertvanhorrik"
    },
    "comments": [
        {
            "created_at": "2014-03-05T16:17:06Z",
            "body": "Comment created by @geertvanhorrik:\n\nThe problem is that the Family model is being rolled back to a previous instance when canceling. This modifies the SelectedPerson property, which is also defined as a model. This means that models will be reset during the cancellation, and this is very tricky. \r\n\r\nYou have 2 options:\r\n\r\n1) Don't use the Model attribute on the SelectedPerson (I see no reason to do that)\r\n2) Use this on the Family model: <Model(SupportIEditableObject:=False)> _"
        },
        {
            "created_at": "2014-03-05T16:18:03Z",
            "body": "Comment created by @geertvanhorrik:\n\nProvided solution."
        },
        {
            "created_at": "2014-03-05T16:51:22Z",
            "body": "Comment created by filippobottega:\n\nThank you Geert,\r\n  this is a mistake that I have done using a code snippet.\r\n\r\n  If it's possible I suggest you to manage this type of exception because it's very hard to figure out the cause of this strange behavior without your analysis ... ;)\r\n\r\n  Best regards,\r\n    Filippo."
        },
        {
            "created_at": "2014-03-05T16:54:11Z",
            "body": "Comment created by @geertvanhorrik:\n\nSuch problems are always complex. If there is a good way to prevent this, yes, I can fix this. But unfortunately there is no generic way (because now it is a Model => collection => model thing, but what is next?"
        },
        {
            "created_at": "2014-03-05T16:18:03Z",
            "body": "Issue was closed with resolution \"Fixed\""
        }
    ]
}