{
    "issue": {
        "title": "CTL-402: Trymethods for IDependencyResolver and IServiceLocator",
        "body": "Jira issue originally created by user Towelie:\n\nHi.\r\n\r\nI think it would be very usefull to change methods like Resolve so they thows exception if requested interface not found and also add Extensions like TryResolve which returns null (as they now do) if requested interface not found.",
        "created_at": "2014-04-01T22:49:31Z",
        "closed": true,
        "labels": [
            "Improvement"
        ],
        "milestone": 12,
        "assignee": "geertvanhorrik"
    },
    "comments": [
        {
            "created_at": "2014-04-01T22:52:18Z",
            "body": "Comment created by @geertvanhorrik:\n\nWe will consider this. It is a breaking change (thus great for a 4.0 version), but we are very booked up with the support for Xamarin (Android and iOS). Maybe I will have some time, but don't expect anything soon.\r\n\r\nIf you can create a pull request, this might be accepted earlier."
        },
        {
            "created_at": "2014-04-02T17:07:03Z",
            "body": "Comment created by @geertvanhorrik:\n\nReceived pull request:\r\n\r\nhttps:\/\/github.com\/Catel\/Catel\/pull\/18"
        },
        {
            "created_at": "2014-04-10T17:52:33Z",
            "body": "Comment created by @geertvanhorrik:\n\nReviewing pull request now."
        },
        {
            "created_at": "2014-04-10T18:20:29Z",
            "body": "Comment created by @geertvanhorrik:\n\nAccepted pull request, making some changes now."
        },
        {
            "created_at": "2014-04-10T19:06:11Z",
            "body": "Comment created by @geertvanhorrik:\n\nFixed unit tests."
        },
        {
            "created_at": "2014-04-10T19:15:43Z",
            "body": "Comment created by @geertvanhorrik:\n\nAll done!"
        },
        {
            "created_at": "2014-04-10T19:15:43Z",
            "body": "Issue was closed with resolution \"Fixed\""
        }
    ]
}