{
    "issue": {
        "title": "CTL-415: MessageMediator Not sending messages",
        "body": "Jira issue originally created by user Bitfiddler:\n\nThis is an issue likely only on my machine.  The bug report is for better error reporting and\/or exception handling.  For whatever reason the MessageMedatior is not sending messages anymore inside my application.  I have tried version 3.9.0 and the latest prerelease package off Nuget.\r\n\r\nI tried with a previously working application that has had no changes since it's deployment and still no messages are sent.  When I swap out the message mediator for the Prism Event aggregator, everything works fine.  Something is obviously failing internally within the message mediator, again this is likely an issue with some library being missing or some prerequisite not being found, however I am not getting any exceptions or errors to help debug the issue.  I verified that the mediator is instantiated and has all the message handlers registered but none of the Handlers get called when a message is sent.",
        "created_at": "2014-04-14T22:26:19Z",
        "closed": true,
        "labels": [
            "Bug"
        ],
        "milestone": 11,
        "assignee": "geertvanhorrik"
    },
    "comments": [
        {
            "created_at": "2014-04-15T09:19:40Z",
            "body": "Comment created by @geertvanhorrik:\n\nThe messaging in Catel does not require any prerequisites. We did change that viewmodels are not longer automatically subscribed using the [ViewModelBase.InitializeViewModel](https:\/\/github.com\/Catel\/Catel\/blob\/552fdff2990cbce9c963b94796dbe09b5fb52ee6\/src\/Catel.MVVM\/Catel.MVVM.NET40\/MVVM\/ViewModels\/ViewModelBase.cs#L1337), but that is already several versions back.\r\n\r\nDid you try enabling Catel logging using:\r\n\r\n```\r\nLogManager.AddDebugListener();\r\n```"
        },
        {
            "created_at": "2014-05-14T10:00:41Z",
            "body": "Comment created by @geertvanhorrik:\n\nCannot reproduce, no response."
        },
        {
            "created_at": "2014-05-14T10:00:41Z",
            "body": "Issue was closed with resolution \"Cannot Reproduce\""
        }
    ]
}