{
    "issue": {
        "title": "CTL-340: LogManager IsCatelEnabled",
        "body": "Jira issue originally created by user facos:\n\nHi Geert,\r\n\r\nit would be helpful (and a speed improvement) if we could enable\/disable Catel logging at global LogManager and ILogListener level. \r\n\r\npublic interface ILogListener\r\n{\r\n      bool IsCatelEnabled { get; set; }\r\n      .....\r\n}\r\n\r\npublic class LogManager\r\n{\r\n      bool? IsCatelEnabled { get; set; }\r\n      .....\r\n}\r\n\r\nMany thanks!\r\n",
        "created_at": "2014-02-12T16:31:01Z",
        "closed": true,
        "labels": [
            "Improvement"
        ],
        "milestone": 12,
        "assignee": "geertvanhorrik"
    },
    "comments": [
        {
            "created_at": "2014-02-12T20:11:52Z",
            "body": "Comment created by @geertvanhorrik:\n\nIt works a bit different because it is not yet available on the interface. But I will add it."
        },
        {
            "created_at": "2014-02-12T20:19:43Z",
            "body": "Comment created by @geertvanhorrik:\n\nDone."
        },
        {
            "created_at": "2014-02-12T23:25:38Z",
            "body": "Comment created by facos:\n\nThanks a lot for the fast additions!"
        },
        {
            "created_at": "2014-02-12T20:19:43Z",
            "body": "Issue was closed with resolution \"Fixed\""
        }
    ]
}