{
    "issue": {
        "title": "CTL-250: Decorate argument checks with MethodImplOptions.AggressiveInlining attribute",
        "body": "Jira issue originally created by user @geertvanhorrik:\n\nMight give a positive performance improvement. Same goes for the Log classes.\r\n\r\nSee http:\/\/msdn.microsoft.com\/en-us\/library\/system.runtime.compilerservices.methodimploptions(v=vs.110).aspx.",
        "created_at": "2013-11-28T14:54:57Z",
        "closed": true,
        "labels": [
            "Improvement"
        ],
        "assignee": "geertvanhorrik"
    },
    "comments": [
        {
            "created_at": "2014-02-20T15:50:49Z",
            "body": "Comment created by @geertvanhorrik:\n\nDid some extensive testing with Log class members (and extensions) decorated with the attribute, but doesn't make a difference on 50k log calls."
        },
        {
            "created_at": "2014-02-20T15:51:09Z",
            "body": "Comment created by @geertvanhorrik:\n\nWon't fix, doesn't provide any added value."
        },
        {
            "created_at": "2014-02-20T15:51:08Z",
            "body": "Issue was closed with resolution \"Won't Fix\""
        }
    ]
}