{
    "issue": {
        "title": "CTL-317: MVC DependencyResolver does not support dynamic new pages",
        "body": "Jira issue originally created by user @geertvanhorrik:\n\nWhen using the DependencyResolver of Catel inside ASP.NET MVC, it does not correctly support dynamic rebuild of recompiled pages.",
        "created_at": "2014-01-31T18:15:19Z",
        "closed": true,
        "labels": [
            "Bug"
        ],
        "milestone": 13,
        "assignee": "geertvanhorrik"
    },
    "comments": [
        {
            "created_at": "2014-01-31T18:26:28Z",
            "body": "Comment created by @geertvanhorrik:\n\nCurrently implementing that the TypeFactory will automatically clear its cache when a new assembly is loaded into the AppDomain."
        },
        {
            "created_at": "2014-01-31T19:01:07Z",
            "body": "Comment created by @geertvanhorrik:\n\nFirst tests show that it is working."
        },
        {
            "created_at": "2014-01-31T19:03:42Z",
            "body": "Comment created by @geertvanhorrik:\n\nSubscripting to a static class is no option, that will cause memory leaks. Checking whether weak events are an option."
        },
        {
            "created_at": "2014-01-31T19:23:43Z",
            "body": "Comment created by @geertvanhorrik:\n\nFixed!"
        },
        {
            "created_at": "2014-01-31T19:23:43Z",
            "body": "Issue was closed with resolution \"Fixed\""
        }
    ]
}