{
    "issue": {
        "title": "CTL-254: Log with { and } in literal string caused errors",
        "body": "Jira issue originally created by user @geertvanhorrik:\n\nWrite unit tests and prevent this.",
        "created_at": "2013-12-03T11:10:54Z",
        "closed": true,
        "labels": [
            "Bug"
        ],
        "milestone": 15,
        "assignee": "geertvanhorrik"
    },
    "comments": [
        {
            "created_at": "2013-12-03T18:05:32Z",
            "body": "Comment created by @geertvanhorrik:\n\nFixed."
        },
        {
            "created_at": "2013-12-03T18:05:32Z",
            "body": "Issue was closed with resolution \"Fixed\""
        }
    ]
}