{
    "issue": {
        "title": "CTL-127: Create isolation DbContextExtensions",
        "body": "Jira issue originally created by user @geertvanhorrik:\n\nFor example:\r\n\r\nSetTransactionIsolutionLevelToReadUncommitted();\r\n\r\nobjectContext.ExecuteStoreCommand(\"SET TRANSACTION ISOLATION LEVEL READ UNCOMMITTED;\");\r\n",
        "created_at": "2013-07-19T11:04:41Z",
        "closed": true,
        "labels": [
            "Task"
        ],
        "milestone": 16,
        "assignee": "geertvanhorrik"
    },
    "comments": [
        {
            "created_at": "2013-07-20T12:02:50Z",
            "body": "Comment created by @geertvanhorrik:\n\nDone."
        },
        {
            "created_at": "2013-07-20T12:02:50Z",
            "body": "Issue was closed with resolution \"Fixed\""
        }
    ]
}