{
    "issue": {
        "title": "CTL-437: Possible deadlock in ServiceLocator.ResolveType",
        "body": "Jira issue originally created by user @geertvanhorrik:\n\nThe ServiceLocator.ResolveType locks twice. In very active multithreaded environments, it might be possible that a deadlock will occur due to the double lock.\r\n\r\nTo prevent this, the code must be rewritten to use a single lock.",
        "created_at": "2014-05-09T10:53:40Z",
        "closed": true,
        "labels": [
            "Bug"
        ],
        "milestone": 12,
        "assignee": "geertvanhorrik"
    },
    "comments": [
        {
            "created_at": "2014-05-09T11:05:34Z",
            "body": "Comment created by @geertvanhorrik:\n\nFixed."
        },
        {
            "created_at": "2014-05-09T11:05:34Z",
            "body": "Issue was closed with resolution \"Fixed\""
        }
    ]
}