{
    "issue": {
        "title": "CTL-180: Calling an Command from an ContextMenu inside HierarchicalDataTemplate not possible",
        "body": "Jira issue originally created by user pgross:\n\nHi, \r\n\r\nI'm trying to call a command. The command is part of a ContextMenu, which is defined within an ItemTemplate\/HierarchicalDataTemplate of a TreeView. \r\nI assume, that the command doesn't get called, because of a wrong DataContext. \r\n\r\nThere are some approaches to this problem on the web, even one from GeertVanHorrik like here: https:\/\/catel.codeplex.com\/discussions\/249731 \r\n\r\nBut I can't get it to work. \r\nI've attached an sample project as requested.\r\n\r\nSee also: http:\/\/catel.codeplex.com\/discussions\/459388#post1099847",
        "created_at": "2013-09-27T00:30:29Z",
        "closed": true,
        "labels": [
            "Bug"
        ],
        "milestone": 16,
        "assignee": "geertvanhorrik"
    },
    "comments": [
        {
            "created_at": "2013-09-27T00:45:35Z",
            "body": "Comment created by @geertvanhorrik:\n\nThis requires a bit of a workaround, but here are the steps:\r\n\r\n1) Add a tag to the TextBlock:\r\n\r\n```\r\n<TextBlock Text=\"{Binding Path=Name}\"\r\n                   Tag=\"{Binding ElementName=UniqueIdentifierTreeView, Path=DataContext}\">\r\n```\r\n\r\n2) Repeat the DataContext for the ContextMenu:\r\n\r\n```\r\n<ContextMenu DataContext=\"{Binding RelativeSource={RelativeSource Self}, Path=PlacementTarget.Tag, Mode=OneWay}\">\r\n```\r\n\r\n3) Use the bindings as you would normally:\r\n\r\n```\r\n<MenuItem Header=\"New\" Command=\"{Binding NewUniqueIdentifierCommand}\"\/>\r\n<MenuItem Header=\"Delete\" Command=\"{Binding DeleteUniqueIdentifierCommand}\"\/>\r\n```\r\n\r\nThe reason for this is that the ContextMenu is not part of the visual tree. Then you need this workaround."
        },
        {
            "created_at": "2013-09-27T12:13:00Z",
            "body": "Issue was closed with resolution \"Fixed\""
        }
    ]
}