{
    "issue": {
        "title": "CTL-103: CancelAndCloseViewModel() does not close view when view is opened with Show()",
        "body": "Jira issue originally created by user floydinspace:\n\nWhen a view is opened with Show() then none of the cancel or close methods closes the view.\r\n\r\nI have tested on the AdvencedDemo:\r\n\r\nvar uiVisualizerService = GetService<IUIVisualizerService>();\r\nuiVisualizerService.Unregister(typeof(DemoWindowViewModel));\r\nuiVisualizerService.Register(typeof(DemoWindowViewModel), typeof(Views.LogicInViewBase.DemoWindow));\r\nuiVisualizerService.ShowDialog(new DemoWindowViewModel());\r\n\r\nworks fine, but if one changes ShowDialog to Show it stops working.\r\n\r\nThanks for the great support you are giving.\r\n",
        "created_at": "2013-06-26T16:40:06Z",
        "closed": true,
        "labels": [
            "Bug"
        ],
        "milestone": 16,
        "assignee": "geertvanhorrik"
    },
    "comments": [
        {
            "created_at": "2013-07-02T20:55:55Z",
            "body": "Comment created by @geertvanhorrik:\n\nCurrently investigating."
        },
        {
            "created_at": "2013-07-11T18:02:32Z",
            "body": "Comment created by @geertvanhorrik:\n\nIt just works here. Are you using WPF or Silverlight?\r\n\r\n- edit -\r\n\r\nNevermind, it only happens when using as a behavior."
        },
        {
            "created_at": "2013-07-11T18:23:57Z",
            "body": "Comment created by @geertvanhorrik:\n\nIssue fixed. It will be available in the next nightly build via NuGet."
        },
        {
            "created_at": "2013-07-11T18:23:57Z",
            "body": "Issue was closed with resolution \"Fixed\""
        }
    ]
}