{
    "issue": {
        "title": "CTL-184: Retry Action in Exception Handling",
        "body": "Jira issue originally created by user rajiv.mounguengue:\n\nAdd the capability to retry action when exception occurs.",
        "created_at": "2013-10-08T11:48:10Z",
        "closed": true,
        "labels": [
            "New Feature"
        ],
        "milestone": 15
    },
    "comments": [
        {
            "created_at": "2013-11-05T16:05:26Z",
            "body": "Comment created by rajiv.mounguengue:\n\nUnit tests and Docs left."
        },
        {
            "created_at": "2013-11-07T15:20:13Z",
            "body": "Comment created by rajiv.mounguengue:\n\nAdded unit tests, doc left"
        },
        {
            "created_at": "2013-11-08T09:36:57Z",
            "body": "Comment created by rajiv.mounguengue:\n\nDone."
        },
        {
            "created_at": "2013-11-08T09:36:57Z",
            "body": "Issue was closed with resolution \"Fixed\""
        }
    ]
}