{
    "issue": {
        "title": "CTL-251: Cancelling an Object",
        "body": "Jira issue originally created by user manvindersingh:\n\nI have a very simple DataEntry screen. The view model has a property named Customer of type Customer(serializable) which is decorated with Model attribute.\r\n\r\nI made few changes in the screen and call the code CancelViewModel but nothing seems to happen. I am expecting screen to return to new mode but it closes the screen.\r\n\r\nI have dig a little deeper upto the method RestoreBackup in ModelBase.editableObject.cs and the problem seems to be during deserializing. oldPropertiesValue dictionary seems to be empty. I don't know the reason.\r\n\r\nHowever I am attaching the code. Please have a look if you could.",
        "created_at": "2013-11-29T13:35:14Z",
        "closed": true,
        "labels": [
            "Bug"
        ],
        "milestone": 15,
        "assignee": "geertvanhorrik"
    },
    "comments": [
        {
            "created_at": "2013-12-01T21:21:03Z",
            "body": "Comment created by @geertvanhorrik:\n\nThanks for this issue, we will look into this."
        },
        {
            "created_at": "2013-12-02T15:00:31Z",
            "body": "Comment created by @geertvanhorrik:\n\nThe reason why this doesn't work is because the properties on the model are not Catel properties. You have 3 options:\r\n\r\n1) Use Catel properties instead of regular properties on the Customer model\r\n2) Use Catel.Fody (see http:\/\/www.catelproject.com\/tools\/catel-fody\/) which automatically transforms regular properties into Catel properties for you are compile time\r\n\r\n3) (not recommended): keep using normal properties and implement IEditableObject yourself (but then what is the whole point of using ModelBase for the customer?)."
        },
        {
            "created_at": "2013-12-02T15:38:42Z",
            "body": "Comment created by manvindersingh:\n\nI understand the point, but if you look in CustomerManager.cs file the Customer property is catel property not a simple .net property.\r\n\r\nI don't know how to proceed from that point onwards.\r\n\r\nThanks"
        },
        {
            "created_at": "2013-12-02T17:13:17Z",
            "body": "Comment created by @geertvanhorrik:\n\nTrue, but you are actually trying to revert the model itself, and the model is Customer, not CustomerManager. Therefore the Customer must implement the IEditableObject (which Catel does for you)."
        },
        {
            "created_at": "2013-12-02T19:08:52Z",
            "body": "Comment created by manvindersingh:\n\nI get your point, but the thing is Customer is a database entity which is automatic generated by entity framework with the default .net properties. What would you suggest me to do for such classes.\r\n"
        },
        {
            "created_at": "2013-12-02T19:10:53Z",
            "body": "Comment created by @geertvanhorrik:\n\nI hope that such database classes do implement IEditableObject by themselves. Otherwise just get rid of them (refetch them from the database)."
        },
        {
            "created_at": "2013-12-02T19:12:44Z",
            "body": "Issue was closed with resolution \"Fixed\""
        }
    ]
}