{
    "issue": {
        "title": "CTL-513: FileLogListener should create directory if it doesn't exist",
        "body": "Jira issue originally created by user facos:\n\nHi Geert,\r\n\r\ncould you please insert the following into LogFileListener\/WriteBatch(...) to ensure that the log output directory is always created if it doesn't exist:\r\n\r\n```\r\ntry\r\n{\r\n       var directoryName = Path.GetDirectoryName(this.FilePath);\r\n       if (!string.IsNullOrEmpty(directoryName))\r\n       {\r\n              Path.CreateDirectory(directoryName);\r\n       }\r\n       string filePath = this.FilePath;\r\n       FileInfo fileInfo = new FileInfo(filePath);\r\n       ......\r\n}\r\n```\r\n\r\nThanks!",
        "created_at": "2014-08-22T17:27:45Z",
        "closed": true,
        "labels": [
            "Improvement"
        ],
        "milestone": 12,
        "assignee": "geertvanhorrik"
    },
    "comments": [
        {
            "created_at": "2014-08-23T00:42:42Z",
            "body": "Comment created by @geertvanhorrik:\n\nDone."
        },
        {
            "created_at": "2014-08-23T09:48:23Z",
            "body": "Comment created by facos:\n\nThanks a lot!"
        },
        {
            "created_at": "2014-08-23T13:18:43Z",
            "body": "Comment created by @geertvanhorrik:\n\nI have implemented the code so it now resolves relative paths to the application data directory. These unit tests now succeed:\r\n\r\n```\r\n[TestCase(@\"log.txt\", @\"{AppData}\\CatenaLogic\\Catel.Test\\log.txt\")]\r\n[TestCase(@\"..\\log.txt\", @\"{AppData}\\CatenaLogic\\log.txt\")]\r\n[TestCase(@\"c:\\source\\log.txt\", @\"c:\\source\\log.txt\")]\r\npublic void ReturnsRightFullPath(string path, string expectedPath)\r\n```"
        },
        {
            "created_at": "2014-08-23T00:42:42Z",
            "body": "Issue was closed with resolution \"Fixed\""
        }
    ]
}