{
    "issue": {
        "title": "CTL-179: TextBox doesn't fire TextChanged event when Shift + any key is entered",
        "body": "Jira issue originally created by user lbui:\n\nA textbox which is bound to an String doesn't raise the TextChanged event if the shift + any key is pressed.\r\n",
        "created_at": "2013-09-24T14:28:42Z",
        "closed": true,
        "labels": [
            "Bug"
        ],
        "milestone": 16,
        "assignee": "geertvanhorrik"
    },
    "comments": [
        {
            "created_at": "2013-09-25T20:02:56Z",
            "body": "Comment created by @geertvanhorrik:\n\nActually you are saying that this works correctly with Catel (EventToCommand), but not with the default WPF UpdateTrigger."
        },
        {
            "created_at": "2013-09-25T20:08:17Z",
            "body": "Comment created by @geertvanhorrik:\n\nNever mind, I was looking at it the wrong way, my bad.. Currently checking out why modifiers are not working."
        },
        {
            "created_at": "2013-09-25T20:13:57Z",
            "body": "Comment created by @geertvanhorrik:\n\nDone."
        },
        {
            "created_at": "2013-09-26T10:06:28Z",
            "body": "Comment created by lbui:\n\nAmazing!! Problem resolved in 11 mins :). Great work!"
        },
        {
            "created_at": "2013-09-25T20:13:57Z",
            "body": "Issue was closed with resolution \"Fixed\""
        }
    ]
}