{
    "issue": {
        "title": "CTL-474: Validate the parent of the parent ",
        "body": "Jira issue originally created by user jens_weller:\n\nAccording to discussion: http:\/\/catel.codeplex.com\/discussions\/548902\r\n\r\nRepro:\r\n\r\nIf you change change the selection of any combobox the child and the parent is validated. You see following messages in outputwindow:\r\n---\r\nvalidate child\r\nvalidate parent\r\nvalidate child\r\nvalidate child\r\n---\r\n\r\nmissing grandparent\r\n\r\n\r\n",
        "created_at": "2014-06-25T07:54:37Z",
        "closed": false,
        "labels": [
            "Bug"
        ],
        "milestone": 23,
        "assignee": "geertvanhorrik"
    },
    "comments": [
        {
            "created_at": "2014-06-25T14:21:07Z",
            "body": "Comment created by @geertvanhorrik:\n\nIs this introduced in 4.0 or was this always the case?"
        },
        {
            "created_at": "2014-06-25T15:42:43Z",
            "body": "Comment created by jens_weller:\n\nTested in catel 3.9.0. -> It was always the case."
        },
        {
            "created_at": "2014-06-25T16:50:46Z",
            "body": "Comment created by @geertvanhorrik:\n\nOk, then I will move this to PR \/ Support only. Don't have the resources for this atm."
        },
        {
            "created_at": "2015-07-29T12:03:59Z",
            "body": "Comment created by @geertvanhorrik:\n\n[~jens_weller], interested in doing a PR to support this?"
        }
    ]
}