{
    "issue": {
        "title": "CTL-308: Catel ModelBase PropertyData deserialization after decoding",
        "body": "Jira issue originally created by user bobahml:\n\nOriginal description of the problem\r\nhttp:\/\/stackoverflow.com\/questions\/21283761\/catel-modelbase-propertydata-deserialization\r\n\r\n WCF-WPF application.\r\nData between client and server is encrypted at the message level. Implemented a custom authentication and authorization using their own policies based on roles and user name and password.\r\n\r\nFaced with a strange error. The application works if simple types or types implement [DataContract] transferred between the client and the server. But, when i try to transfer items containing PropertyData of Catel library. Getting an exception System.Security.Cryptography.CryptographicException: (DigestVerificationFailedForReference) test failed digest for links \\ \"# _0 \\\". \r\n\r\nIf you disable encryption at the message level, the data is transmitted normally. If you just serialize an object, and then deserialized, the operation is completed normally. Problem if played between serialization and deserialization models Katel added encryption.\r\n\r\n",
        "created_at": "2014-01-23T08:54:07Z",
        "closed": true,
        "labels": [
            "Bug"
        ],
        "assignee": "geertvanhorrik"
    },
    "comments": [
        {
            "created_at": "2014-01-26T17:33:13Z",
            "body": "Comment created by @geertvanhorrik:\n\nIs it possible to provide a small sample application so we can easily debug this?"
        },
        {
            "created_at": "2014-01-27T06:58:00Z",
            "body": "Comment created by bobahml:\n\nHere is a piece of our project and test. I can send more if you need a test certificate, or change it in App.config and regenerate the link in the test project.\r\nhttps:\/\/skydrive.live.com\/redir?resid=730789503DC0F0CC!677&authkey=!ALfnm4n-I0dtPP8&ithint=file%2c.zip"
        },
        {
            "created_at": "2014-01-27T21:38:22Z",
            "body": "Comment created by @geertvanhorrik:\n\nI think I found the reason why it is failing. It's because for value types, the serialization engine provides the namespace. When the namespace is omitted, it seems to work correctly."
        },
        {
            "created_at": "2014-01-27T21:41:52Z",
            "body": "Comment created by @geertvanhorrik:\n\nCurrently releasing a new nightly build, please try the latest version once it is available (nightly build)."
        },
        {
            "created_at": "2014-01-28T12:32:07Z",
            "body": "Comment created by bobahml:\n\nChecked out the latest version. Part of the problem was solved, however, described the error is reproduced if the model contains a collection of models. \r\nIf you need here is an example\r\nhttps:\/\/skydrive.live.com\/redir?resid=730789503DC0F0CC!678&authkey=!APGFDuY8-Mzp07E&ithint=file%2c.7z"
        },
        {
            "created_at": "2014-02-01T17:25:50Z",
            "body": "Comment created by @geertvanhorrik:\n\nI think I know what must be done. The namespace that we use must be written using the XmlNamespaceManager we use to write the xml. I will implement this in the XmlNamespaceManager so it will do exactly as expected by the WCF service."
        },
        {
            "created_at": "2014-02-01T17:49:32Z",
            "body": "Comment created by @geertvanhorrik:\n\nImplemented all changes to XmlSchemaHelper and XmlNamespaceManager. Will test another time."
        },
        {
            "created_at": "2014-02-03T21:38:21Z",
            "body": "Comment created by @geertvanhorrik:\n\nComparing the xml that is being sent over the wire without encryption to compare what is different."
        },
        {
            "created_at": "2014-02-03T22:26:03Z",
            "body": "Comment created by @geertvanhorrik:\n\nI don't think I can fix this for 3.9."
        },
        {
            "created_at": "2014-02-04T20:11:36Z",
            "body": "Comment created by @geertvanhorrik:\n\nCreated feature branch."
        },
        {
            "created_at": "2014-04-06T20:44:11Z",
            "body": "Comment created by @geertvanhorrik:\n\nMoved to 4.1"
        },
        {
            "created_at": "2015-03-27T15:50:00Z",
            "body": "Comment created by @geertvanhorrik:\n\nSo much work to install the certificates and stuff :-("
        },
        {
            "created_at": "2015-05-04T09:30:55Z",
            "body": "Comment created by @geertvanhorrik:\n\n[~bobahml], can you give a small how-to guide on how to easily set up the testing environment?"
        },
        {
            "created_at": "2015-05-05T10:13:38Z",
            "body": "Comment created by bobahml:\n\nHello. In our projects, we are now using a simple DTO models (Not inherited from Catel).\r\nYou can help the following article:\r\n[http:\/\/www.codeproject.com\/Articles\/36705\/simple-steps-to-enable-HTTPS-on-WCF-WsHttp-bindi]\r\n\r\nYou need to change KompositeType to the test class."
        },
        {
            "created_at": "2015-05-05T10:25:51Z",
            "body": "Comment created by @geertvanhorrik:\n\nIf you have solved it, I'd rather not spend time on it now."
        },
        {
            "created_at": "2015-05-05T10:26:06Z",
            "body": "Comment created by @geertvanhorrik:\n\nCustomer found a different solution, no need to fix it (right now)."
        },
        {
            "created_at": "2015-05-05T10:26:06Z",
            "body": "Issue was closed with resolution \"Won't Fix\""
        }
    ]
}