{
    "issue": {
        "title": "CTL-200: Remove support for Silverlight 4",
        "body": "Jira issue originally created by user @geertvanhorrik:\n\nSince VS2013 will not support this, remove support.",
        "created_at": "2013-10-18T14:16:19Z",
        "closed": true,
        "labels": [
            "Task"
        ],
        "milestone": 15,
        "assignee": "geertvanhorrik"
    },
    "comments": [
        {
            "created_at": "2013-10-18T15:12:31Z",
            "body": "Comment created by @geertvanhorrik:\n\nDone!"
        },
        {
            "created_at": "2013-10-18T15:12:31Z",
            "body": "Issue was closed with resolution \"Fixed\""
        }
    ]
}