{
    "issue": {
        "title": "CTL-197: NotSupportedException was thrown on \"Authentication\"",
        "body": "Jira issue originally created by user @geertvanhorrik:\n\nHi, I get this exception from the XAML Designer, following the sample on Authetication,\r\nusing VS 2010 and Catel 3.6. Didn't have this error on Catel 3.4.\r\n\r\nThe type 'Catel.MVVM.IAuthenticationProvider' is not registered, not even in an external container\r\nat Catel.IoC.ServiceLocator.ResolveType(Type serviceType, Object tag)\r\nat Catel.IoC.ServiceLocatorExtensions.ResolveType[TService](IServiceLocator serviceLocator)\r\nat Catel.Windows.Interactivity.Authentication..cctor()\r\n\r\n*Already added the namespaces \r\n\r\nxmlns:catel=\"http:\/\/catel.codeplex.com\" \r\nxmlns:i=\"clr-namespace:System.Windows.Interactivity;assembly=System.Windows.Interactivity\"\r\n\r\n*and used exactly the same as the example.\r\n```\r\n<i:Interaction.Behaviors>\r\n <catel:Authentication AuthenticationTag=\"Administrator\" Action=\"Disable\"\/>\r\n<\/i:Interaction.Behaviors>\r\n```\r\n\r\n*Intellisense highlights ONLY AuthenticationTAG=\"Administrator\" Action=\"Disable\"\r\n\r\n\r\n*Error List shows errors on the following properties - Authentication and Action \r\nwith error description \"Exception has been thrown by the target of an invocation\".\r\nNevertheless it compiles with no errors and runs fine, but the design time exception is annoying.",
        "created_at": "2013-10-16T21:02:03Z",
        "closed": true,
        "labels": [
            "Bug"
        ],
        "milestone": 16,
        "assignee": "geertvanhorrik"
    },
    "comments": [
        {
            "created_at": "2013-10-16T21:06:20Z",
            "body": "Comment created by @geertvanhorrik:\n\nOne option is to use Fody.ModuleInit to register the type. Then it is registered as soon as it is loaded into the appdomain of the designer."
        },
        {
            "created_at": "2013-10-16T21:15:09Z",
            "body": "Comment created by @geertvanhorrik:\n\nFixed the issue in Catel as well. Now the behaviors are no longer handling logic when hosted in a design tool."
        },
        {
            "created_at": "2013-10-16T21:18:33Z",
            "body": "Comment created by @geertvanhorrik:\n\nCurrently creating a new nightly build."
        },
        {
            "created_at": "2013-10-16T21:21:30Z",
            "body": "Issue was closed with resolution \"Fixed\""
        }
    ]
}