{
    "issue": {
        "title": "CTL-456: Allow DoubleClickToCommand timeout specific and default to 500ms",
        "body": "Jira issue originally created by user @geertvanhorrik:\n\nThe default time was 200ms and is now 500ms. It is also specifciable in the constructor now.",
        "created_at": "2014-06-04T16:03:56Z",
        "closed": true,
        "labels": [
            "Improvement"
        ],
        "milestone": 12,
        "assignee": "geertvanhorrik"
    },
    "comments": [
        {
            "created_at": "2014-06-04T16:07:52Z",
            "body": "Comment created by @geertvanhorrik:\n\nDone."
        },
        {
            "created_at": "2014-06-04T16:07:52Z",
            "body": "Issue was closed with resolution \"Fixed\""
        }
    ]
}