{
    "issue": {
        "title": "CTL-1011: Create IUIVisualizerService for UWP",
        "body": "Jira issue originally created by user @geertvanhorrik:\n\n",
        "created_at": "2017-02-17T13:29:11Z",
        "closed": true,
        "labels": [
            "Task"
        ],
        "milestone": 1,
        "assignee": "geertvanhorrik"
    },
    "comments": [
        {
            "created_at": "2017-02-17T15:00:31Z",
            "body": "Comment created by @geertvanhorrik:\n\nDone."
        },
        {
            "created_at": "2017-02-17T15:00:31Z",
            "body": "Issue was closed with resolution \"Fixed\""
        }
    ]
}