{
    "issue": {
        "title": "CTL-423: Strong name assemblies",
        "body": "Jira issue originally created by user @geertvanhorrik:\n\n",
        "created_at": "2014-04-23T22:48:49Z",
        "closed": true,
        "labels": [
            "Task"
        ],
        "assignee": "geertvanhorrik"
    },
    "comments": [
        {
            "created_at": "2014-04-23T22:49:16Z",
            "body": "Comment created by @geertvanhorrik:\n\nSee this discussion: https:\/\/github.com\/octokit\/octokit.net\/issues\/405\r\n\r\nWe will strong name the assemblies again."
        },
        {
            "created_at": "2015-05-05T13:02:40Z",
            "body": "Comment created by @geertvanhorrik:\n\nWon't fix."
        },
        {
            "created_at": "2015-05-05T13:02:39Z",
            "body": "Issue was closed with resolution \"Won't Fix\""
        }
    ]
}