{
    "issue": {
        "title": "CTL-191: Create LogListeners from the application config",
        "body": "Jira issue originally created by user @geertvanhorrik:\n\nFor example:\r\n\r\n```\r\n<Catel.LogListeners>\r\n    <FileLogListener IgnoreCatelLogging=\"true\" IsDebugEnabled=\"true\" \/>\r\n<\/Catel.LogListeners>\r\n```",
        "created_at": "2013-10-12T16:02:13Z",
        "closed": true,
        "labels": [
            "Task"
        ],
        "milestone": 15,
        "assignee": "geertvanhorrik"
    },
    "comments": [
        {
            "created_at": "2013-10-21T20:41:44Z",
            "body": "Comment created by @geertvanhorrik:\n\nCreated documentation."
        },
        {
            "created_at": "2013-10-21T22:45:46Z",
            "body": "Comment created by @geertvanhorrik:\n\nDone!"
        },
        {
            "created_at": "2013-10-21T22:45:46Z",
            "body": "Issue was closed with resolution \"Fixed\""
        }
    ]
}