{
    "issue": {
        "title": "CTL-107: Rename WinRT projects to WIN80 projects",
        "body": "Jira issue originally created by user @geertvanhorrik:\n\nNow Windows 8.1 is coming out, we must prepare the WinRT projects to be named WIN80",
        "created_at": "2013-07-01T21:39:54Z",
        "closed": true,
        "labels": [
            "Task"
        ],
        "milestone": 16,
        "assignee": "geertvanhorrik"
    },
    "comments": [
        {
            "created_at": "2013-07-01T21:40:15Z",
            "body": "Comment created by @geertvanhorrik:\n\nAlso add a compiler directive:\n\nWIN80"
        },
        {
            "created_at": "2013-07-02T20:48:51Z",
            "body": "Comment created by @geertvanhorrik:\n\nDone."
        },
        {
            "created_at": "2013-07-02T20:48:51Z",
            "body": "Issue was closed with resolution \"Fixed\""
        }
    ]
}