{
    "issue": {
        "title": "CTL-465: DebugLogListener SL throws InvalidOperationException on disabled html bridge",
        "body": "Jira issue originally created by user facos:\n\nHi Geert,\r\n\r\nfor SL Applications where the Html bridge is disabled the DebugLogListener throws InvalidOperationExceptions. Could you please change to the following:\r\n\r\n```\r\nprivate bool InitializeConsole()\r\n{\r\n\ttry\r\n\t{\r\n\t\tif (this._console == null && HtmlPage.IsEnabled)\r\n\t\t{\r\n.....\r\n```\r\n\r\nMany Thanks!",
        "created_at": "2014-06-20T20:17:31Z",
        "closed": true,
        "labels": [
            "Bug"
        ],
        "milestone": 12,
        "assignee": "geertvanhorrik"
    },
    "comments": [
        {
            "created_at": "2014-06-20T20:29:57Z",
            "body": "Comment created by @geertvanhorrik:\n\nThank you very much for providing the fix! I have just pushed it and will release a new build tonight."
        },
        {
            "created_at": "2014-06-20T22:44:07Z",
            "body": "Comment created by facos:\n\nThanks a lot for the fast fix!!"
        },
        {
            "created_at": "2014-06-20T20:30:01Z",
            "body": "Issue was closed with resolution \"Fixed\""
        }
    ]
}