{
    "issue": {
        "title": "CTL-428: Improve support for universal apps",
        "body": "Jira issue originally created by user mailtosinghs:\n\nOnNavigatedEvent function in NavigationAdapter.page.winrt.cs has null e.Uri which breaks the navigation for first attempt. somehow next attempt works (when you click navigation test in sample application). but when i click back button, it takes me to same page with no state information. \r\n\r\n",
        "created_at": "2014-04-29T01:20:57Z",
        "closed": true,
        "labels": [
            "Bug"
        ],
        "milestone": 11,
        "assignee": "geertvanhorrik"
    },
    "comments": [
        {
            "created_at": "2014-04-29T08:05:34Z",
            "body": "Comment created by mailtosinghs:\n\nlooks like OnNavigatedEvent needs some update.\r\ninstead of \r\n```\r\n        private void OnNavigatedEvent(object sender, NavigationEventArgs e)\r\n        {\r\n            var eventArgs = new NavigatedEventArgs(e.Uri.ToString(), NavigationMode.Unknown);\r\n            HandleNavigatedEvent(eventArgs);\r\n\r\n            _lastNavigationContext = e.Parameter;\r\n        }\r\n```\r\n\r\nuse this. I am not sure if this has any side effect, it worked for me in initial testing.\r\n```\r\n        private void OnNavigatedEvent(object sender, NavigationEventArgs e)\r\n        {\r\n            var eventArgs = new NavigatedEventArgs(e.SourcePageType.ToString(), e.NavigationMode.Convert());\r\n            HandleNavigatedEvent(eventArgs);\r\n\r\n            _lastNavigationContext = e.Parameter;\r\n        }\r\n```\r\n\r\nreference to OnNavigatingEvent\r\n```\r\n        private void OnNavigatingEvent(object sender, NavigatingCancelEventArgs e)\r\n        {\r\n            \/\/ We are navigating away\r\n            var eventArgs = new NavigatingEventArgs(e.SourcePageType.ToString(), e.NavigationMode.Convert());\r\n            RaiseNavigatingAway(eventArgs);\r\n\r\n            e.Cancel = eventArgs.Cancel;\r\n        }\r\n```"
        },
        {
            "created_at": "2014-04-29T10:27:26Z",
            "body": "Comment created by @geertvanhorrik:\n\nLast friday I tried to build a full universal app and solved several issues in Catel on the universal app platform. I will commit the changes soon."
        },
        {
            "created_at": "2014-04-29T10:33:05Z",
            "body": "Comment created by @geertvanhorrik:\n\nFirst part committed. Contains the following improvements:\r\n\r\n* Implemented LocationService\r\n* Fixed navigation\r\n* Improved DispatcherHelper"
        },
        {
            "created_at": "2014-04-29T10:37:03Z",
            "body": "Comment created by @geertvanhorrik:\n\nThe following points are still work in progress:\r\n\r\n1) Current.Window seems to be null after first navigation, need to find out why\r\n2) DispatcherHelper uses Current.Window and must be initialized at app startup (see 1 for reason why)\r\n3) Navigation parameters are not yet working\r\n4) Add CloseViewModelOnForwardNavigation to all navigation adapters\r\n5) -Support change notifications in Catel.Fody (don't seem to work for WinRT Phone in universal apps)-"
        },
        {
            "created_at": "2014-04-29T15:01:27Z",
            "body": "Comment created by @geertvanhorrik:\n\n[~mailtosinghs] If you would like to help, it is really appreciated ;-)"
        },
        {
            "created_at": "2014-05-01T06:49:54Z",
            "body": "Comment created by mailtosinghs:\n\nSure, but I am new to Open Source contribution, learning right now (I develop as my hobby so not much efficient).\r\nI will fork and suggest some more code changes. I also encountered messagedialog issue as described at http:\/\/stackoverflow.com\/questions\/11178764\/messagedialog-task-not-shown-if-i-use-task-wait-instead-of-await\r\n\r\nI ended up defining async methods for NETFX_CORE for IMessageService."
        },
        {
            "created_at": "2014-05-01T07:32:40Z",
            "body": "Comment created by mailtosinghs:\n\nplease review when you get time https:\/\/github.com\/SinghsX\/Catel\/commit\/f556f720fc72e5ce4397ba6f5c99d46ee146aca4\r\nthis is for IMessageService improvement and Behavior.cs improvement for WIM81 and WPRT81. I am new to community development and not sure if that meets your standard."
        },
        {
            "created_at": "2014-05-01T08:13:29Z",
            "body": "Comment created by @geertvanhorrik:\n\nWill review now."
        },
        {
            "created_at": "2014-05-01T08:14:26Z",
            "body": "Comment created by @geertvanhorrik:\n\nAbout the MessageService: great job, was still on my todo list for a long time!"
        },
        {
            "created_at": "2014-05-01T08:16:57Z",
            "body": "Comment created by @geertvanhorrik:\n\nAbout the behavior: don't you think it is better to do something like this:\r\n\r\n```\r\ntypeof(T).IsAssignableOfEx(associatedObject.GetType())\r\n```\r\n\r\nThen it will work for all textboxes and derivatives."
        },
        {
            "created_at": "2014-05-01T09:55:50Z",
            "body": "Comment created by mailtosinghs:\n\nyou mean - typeof(T).IsAssignableFromEx(associatedObject.GetType()\r\ndone - https:\/\/github.com\/SinghsX\/Catel\/commit\/ca793608383f67dbf16b43203cb8e8e09dc950d5\r\nalso created pull request if this is ok. "
        },
        {
            "created_at": "2014-05-01T09:58:24Z",
            "body": "Comment created by @geertvanhorrik:\n\nGreat, the build is now running (automatically runs on pull requests). When it is done, I will accept it. I am also moving the logic from PhoneApplicationPage to Page so it can be shared on all platforms as well."
        },
        {
            "created_at": "2014-05-01T12:26:44Z",
            "body": "Comment created by @geertvanhorrik:\n\nI am not sure about navigation at the moment. Best way would be to call Close every time the user navigates away, but we might need to persist the view model because the user might use the back button.\r\n\r\nNeed to find a good solution that works on all target platforms (windows phone, winrt and xamarin)."
        },
        {
            "created_at": "2014-05-01T16:02:17Z",
            "body": "Comment created by @geertvanhorrik:\n\n[~mailtosinghs], why did you introduce the custom MessageBoxButton for WinRT?"
        },
        {
            "created_at": "2014-05-01T16:08:29Z",
            "body": "Comment created by mailtosinghs:\n\nwhere do you see this? I did not add add\/change any logic. only added async method lines. "
        },
        {
            "created_at": "2014-05-01T16:22:42Z",
            "body": "Comment created by @geertvanhorrik:\n\nHmmm, I did that myself a long, long time ago. And they are required because NETFX_CORE doesn't provide such a class."
        },
        {
            "created_at": "2014-05-02T11:24:04Z",
            "body": "Comment created by mailtosinghs:\n\nIF statement in Behavior.cs should be **!** typeof(T).IsAssignableFromEx(associatedObject.GetType()) \r\n\r\non navigation parameter, little confusing to me. Frame.Navigated does not cause NavigationAdapter.NavigatedTo, by the time you have things initialized, this event is completed. \r\nin Page.cs you initialize Logicbase->NavigationLogicBase, which initializes NavigationAdapter -> register RootFrame.NavigatedTo (never fire unless you move away from page).\r\n\r\nI have temporary solution for this, checkout my commit at https:\/\/github.com\/SinghsX\/Catel\/commit\/650c4782d6a1f15fa3ef5dfc7bc2ca168c120dd2 & https:\/\/github.com\/SinghsX\/Catel\/commit\/4d8b635822597c7ba2ee6e31dcca409ded337f4c"
        },
        {
            "created_at": "2014-05-02T18:18:11Z",
            "body": "Comment created by @geertvanhorrik:\n\nNot sure about the IsAssignableFromEx change. Have you tested this?"
        },
        {
            "created_at": "2014-05-02T19:28:10Z",
            "body": "Comment created by mailtosinghs:\n\nyes I did, nothing wrong with isassignablefromex. final piece of code is like this, if I don't have **&& !typeof(...** it will throw exception all time as it evaluate true for all valid scenario (to my knowledge)\r\n\r\n```\r\nif (associatedObject != null && !typeof(T).IsAssignableFromEx(associatedObject.GetType()))\r\n {\r\n      string error = string.Format(\"Invalid target type '{0}', expected '{1}'\", associatedObject.GetType().GetSafeFullName(), typeof (T).GetSafeFullName());\r\n      Log.Error(error);\r\n      throw new InvalidOperationException(error);\r\n }\r\n```"
        },
        {
            "created_at": "2014-05-06T19:30:14Z",
            "body": "Comment created by @geertvanhorrik:\n\nWas sidetracked by other tasks, but back here again. Will check this out."
        },
        {
            "created_at": "2014-05-07T14:26:09Z",
            "body": "Comment created by @geertvanhorrik:\n\nThe navigation context issue is solved. I am also simplifying navigation inside Catel. This means that view models will always be closed when navigating away (because not all platforms have a back button).\r\n\r\nIf the user wants customized behavior, they can always use a custom implementation of the ViewModelFactory."
        },
        {
            "created_at": "2014-05-07T16:46:31Z",
            "body": "Comment created by @geertvanhorrik:\n\nLots of navigation improvements. Also implemented the backstack on universal apps, all working now. Will release new NB tonight."
        },
        {
            "created_at": "2014-06-11T13:57:53Z",
            "body": "Comment created by @geertvanhorrik:\n\nMost is done. More will happen during actual development by myself \/ pull requests."
        },
        {
            "created_at": "2014-06-11T13:57:53Z",
            "body": "Issue was closed with resolution \"Fixed\""
        }
    ]
}