{
    "issue": {
        "title": "CTL-378: Catel PleaseWaitHelper doesn't work in WinForms",
        "body": "Jira issue originally created by user danielh:\n\nI've updated the catel nuget package in my WinForms project and now the PleaseWaitHelper.Show() method returns a null reference exception. Hopefully someone will be able to shed some light on this?\r\n\r\nHere is the code:\r\n\r\nprivate void btnLogin_Click(object sender, EventArgs e)\r\n{\r\n    PleaseWaitHelper.Show(\"Logging in\");\r\n    ValidateAndLoginUser();\r\n    PleaseWaitHelper.Hide();\r\n}\r\nThe version I was using before was 3.6 and I've updated to 3.9.",
        "created_at": "2014-03-07T15:10:25Z",
        "closed": true,
        "labels": [
            "Bug"
        ],
        "milestone": 12,
        "assignee": "geertvanhorrik"
    },
    "comments": [
        {
            "created_at": "2014-03-07T16:27:06Z",
            "body": "Comment created by @geertvanhorrik:\n\nPlease attach a repro. We are too busy to create the repros ourselves."
        },
        {
            "created_at": "2014-03-07T18:07:45Z",
            "body": "Comment created by danielh:\n\nCheers"
        },
        {
            "created_at": "2014-03-08T13:42:28Z",
            "body": "Comment created by @geertvanhorrik:\n\nFixed."
        },
        {
            "created_at": "2014-03-08T13:42:28Z",
            "body": "Issue was closed with resolution \"Fixed\""
        }
    ]
}