{
    "issue": {
        "title": "CTL-282: Property X is invalid (not serializable?)",
        "body": "Jira issue originally created by user rainman:\n\nin model constructor raise error \r\nProperty x is invalid (not serializable?)",
        "created_at": "2013-12-22T15:25:36Z",
        "closed": true,
        "labels": [
            "Bug"
        ],
        "milestone": 13,
        "assignee": "geertvanhorrik"
    },
    "comments": [
        {
            "created_at": "2013-12-22T16:51:54Z",
            "body": "Comment created by Towelie:\n\nI think, it's becaurse property is not serializable :)\r\nWhen u are registring property with RegisterProperty function, you are passing type of property to it. And if this type is not serializable this exception will be thrown.\r\nI'm not shure about XML serialization, i think with XML serialization u can just mark it with ExcludeFromSerialization atribute and it`s goona work or just mark type of property with [Serializable] or use ModelBase as base class for it. But For binary serialization i think it woul don work.\r\nAny way it would be nice if you provide some code example."
        },
        {
            "created_at": "2013-12-22T16:57:44Z",
            "body": "Comment created by @geertvanhorrik:\n\nThanks [~Towelie] for responding. You are right, Catel tries to prevent you from automatically making mistakes without you knowing it. \r\n\r\nYou need to mark the class with AllowNonSerializableMembersAttribute. However, since we fully rewrote the serialization engine for Catel 3.7, I will investigate whether we can remove the attribute and just skip it."
        },
        {
            "created_at": "2013-12-22T17:12:01Z",
            "body": "Comment created by Towelie:\n\nI think in ModelBase.InitializeProperties() method it would be nice to just trace warning about non serializable property and set ContainsNonSerializableMembers.\r\nAnd in SerializationManager.GetPropertiesToSerialize:\r\n\r\n```\r\nvar allowNonSerializableMembersAttributes = type.GetCustomAttributesEx(typeof(AllowNonSerializableMembersAttribute), true);\r\nforeach (var modelProperty in catelProperties)\r\n{\r\n\tvar propertyData = modelProperty.Value;                    \r\n\r\n\tif (!propertyData.IncludeInSerialization)\r\n\t{\r\n\t\tLog.Debug(\"Property '{0}' is flagged to be excluded from serialization\", propertyData.Name);\r\n\t\tcontinue;\r\n\t}\r\n\r\n\tif (allowNonSerializableMembersAttributes.Length == 0)\r\n\t{\r\n\t\tthrow new InvalidPropertyException(propertyData.Name);\r\n\t}\r\n\/\/...\r\n```\r\n\r\nIt will move validation to serialization, so anybody can create custom serialization engine and serialize properies as he want to.\r\nAlso for cases when ModelBase never would be serialized it will remove unnecessary validations."
        },
        {
            "created_at": "2013-12-22T17:15:23Z",
            "body": "Comment created by @geertvanhorrik:\n\nJust did. Since people are free to try to serialize non-serializable objects (they might succeed), I will remove the check. People can then mark non-serializable members in the serializer customization options available."
        },
        {
            "created_at": "2013-12-22T17:18:39Z",
            "body": "Issue was closed with resolution \"Fixed\""
        }
    ]
}