{
    "issue": {
        "title": "CTL-488: Convert IViewModel interface to support full async",
        "body": "Jira issue originally created by user @geertvanhorrik:\n\nConvert the IViewModel interface to support async.",
        "created_at": "2014-07-14T15:45:35Z",
        "closed": true,
        "labels": [
            "Task"
        ],
        "milestone": 12,
        "assignee": "geertvanhorrik"
    },
    "comments": [
        {
            "created_at": "2014-07-14T15:53:06Z",
            "body": "Comment created by @geertvanhorrik:\n\nAdd dependency on BCL async for NET40."
        },
        {
            "created_at": "2014-07-14T17:22:54Z",
            "body": "Comment created by @geertvanhorrik:\n\nAll code written and tested on several projects. It can be a large job to convert, but it's a must-do to be prepared for the future. V4 is a breaking change release anyway."
        },
        {
            "created_at": "2014-07-14T17:27:28Z",
            "body": "Comment created by @geertvanhorrik:\n\nUpdated all docs."
        },
        {
            "created_at": "2014-07-15T12:22:47Z",
            "body": "Issue was closed with resolution \"Fixed\""
        }
    ]
}