{
    "issue": {
        "title": "CTL-1023: Open second viewModel, and close main viewModel",
        "body": "Jira issue originally created by user Sergey:\n\nI already asked about this on [stackoverflow](http:\/\/stackoverflow.com\/questions\/42673477\/catel-wpf-shutdown-mode).\r\nSo the problem is that, if I close the main window, then all child windows closing too.\r\nI created a small project for demonstration [GitHub](https:\/\/github.com\/SergeyFilenko\/CatelCloseViewModel)\r\n\r\nIt looks quite logical, that all child viewmodels unloading after calling close on main viewModel. But I did not find another method to close it. Except this [dirty hack](https:\/\/gist.github.com\/SergeyFilenko\/3b758225017e8ef86ddb573fb0c78352)",
        "created_at": "2017-03-10T15:57:49Z",
        "closed": false,
        "labels": [
            "Question"
        ],
        "assignee": "geertvanhorrik"
    },
    "comments": [
        {
            "created_at": "2017-03-10T16:29:48Z",
            "body": "Comment created by Sergey:\n\nJust tried, did not help.\r\n```java\r\n private Task OnOpenSecondWindowExecute()\r\n        {\r\n            this.uiVisualizerService.Show<ChildWindowViewModel>();\r\n            return this.CloseViewModelAsync(true);\r\n        }\r\n```\r\n"
        },
        {
            "created_at": "2017-03-12T13:51:05Z",
            "body": "Comment created by @geertvanhorrik:\n\nNote that we have exactly the same \"issue\" in Orchestra where we show a splash screen and then use another window as main window. Please check the examples to see how we solved it there."
        }
    ]
}