{
    "issue": {
        "title": "CTL-119: Add menu to LogAnalyzer",
        "body": "Jira issue originally created by user @geertvanhorrik:\n\nI can only load text by copying or drag\/drop. Please add a main menu so I can open a log via the menu as well.",
        "created_at": "2013-07-11T19:36:32Z",
        "closed": true,
        "labels": [
            "Task"
        ],
        "milestone": 16
    },
    "comments": [
        {
            "created_at": "2013-07-12T23:41:59Z",
            "body": "Comment created by @geertvanhorrik:\n\nDone."
        },
        {
            "created_at": "2013-07-12T23:41:59Z",
            "body": "Issue was closed with resolution \"Fixed\""
        }
    ]
}