{
    "issue": {
        "title": "CTL-439: Catch up of property validation validates the same propery multiple times",
        "body": "Jira issue originally created by user DanielKuehner:\n\nWhile suspending notifactions in ModelBase all properties not validated are cached and afterwards validated. I think there comes a problem with the cache which is a List and not a HashSet. So properties are getting cached and so validated multiple times.\r\n\r\nIn my opinion only one validation would be necessary. Do you agree with this or is there a thing I can't see why this is so? Or has this nothing to do with ValidateFields and so on? I am not using DataAnnotations.\r\nNetherless: I have cases where \"IsDirty\" is more than 15 times in the cache. And the too many debug log entries are very annyoing.\r\n\r\nFile: ModelBase.validation.cs\r\nCache: ModelBase._propertiesNotCheckedDuringDisabledValidation\r\nThis method will iterater over it: ModelBase.CatchUpWithSuspendedAnnotationsValidation\r\nThis method adds the properties multiple times while SuspendValidation:\r\nModelBase.ValidatePropertyUsingAnnotations",
        "created_at": "2014-05-13T16:07:59Z",
        "closed": true,
        "labels": [
            "Bug"
        ],
        "milestone": 12,
        "assignee": "geertvanhorrik"
    },
    "comments": [
        {
            "created_at": "2014-05-13T16:34:43Z",
            "body": "Comment created by @geertvanhorrik:\n\nThe reason is that we must validate properties one-by-one for data annotations. It should be unique though. Will look into it."
        },
        {
            "created_at": "2014-05-13T16:39:00Z",
            "body": "Comment created by @geertvanhorrik:\n\nI see what's going wrong. Good catch."
        },
        {
            "created_at": "2014-05-13T16:48:00Z",
            "body": "Comment created by DanielKuehner:\n\nThank you :-)"
        },
        {
            "created_at": "2014-05-13T16:54:03Z",
            "body": "Comment created by @geertvanhorrik:\n\nFixed."
        },
        {
            "created_at": "2014-05-13T16:54:03Z",
            "body": "Issue was closed with resolution \"Fixed\""
        }
    ]
}