{
    "issue": {
        "title": "CTL-339: Serialization problem with protected properties",
        "body": "Jira issue originally created by user facos:\n\nHi Geert,\r\n\r\nby default only Catel properties should get serialized but the (Xml)Serializer also includes protected properties by default and even ignores the attribute [ExcludeFromSerialization]\r\n\r\nExample:\r\n```\r\n[ExcludeFromSerialization]\r\nprotected bool TestProperty { get; (private) set; }\r\n```\r\n\r\nI used this two extension methods:\r\n\r\n```\r\n   public static string ToXmlString(this ModelBase model)\r\n        {\r\n            Contract.Requires(model != null);\r\n            Contract.Ensures(Contract.Result<string>() != null);\r\n\r\n            using (var memoryStream = new MemoryStream())\r\n            {\r\n                var xmlSerializer = SerializationFactory.GetXmlSerializer();\r\n                xmlSerializer.Serialize(model, memoryStream);\r\n\r\n                memoryStream.Position = 0L;\r\n                using (var xmlReader = XmlReader.Create(memoryStream))\r\n                {\r\n                    return XDocument.Load(xmlReader).ToString();\r\n                }\r\n            }\r\n        }\r\n\r\n public static T FromXmlString<T>(this string xml) where T : ModelBase\r\n        {\r\n            Contract.Requires(xml != null);\r\n            Contract.Ensures(Contract.Result<T>() != null);\r\n\r\n            var xmlDocument = XDocument.Parse(xml);\r\n\r\n            using (var memoryStream = new MemoryStream())\r\n            {\r\n                using (var xmlWriter = XmlWriter.Create(memoryStream))\r\n                {\r\n                    xmlDocument.Save(xmlWriter);\r\n                }\r\n\r\n                memoryStream.Position = 0L;\r\n\r\n                var xmlSerializer = SerializationFactory.GetXmlSerializer();\r\n                return (T)xmlSerializer.Deserialize(typeof(T), memoryStream);\r\n            }\r\n        }\r\n```\r\n\r\nI tested this in SL5 only. Maybe it is a problem for other platforms too. Thanks!\r\n",
        "created_at": "2014-02-12T14:28:41Z",
        "closed": true,
        "labels": [
            "Bug"
        ],
        "milestone": 12,
        "assignee": "geertvanhorrik"
    },
    "comments": [
        {
            "created_at": "2014-02-12T20:21:06Z",
            "body": "Comment created by @geertvanhorrik:\n\nThat's not good, it should respect the settings. Will check the unit tests to see why they succeed."
        },
        {
            "created_at": "2014-02-12T20:36:39Z",
            "body": "Comment created by @geertvanhorrik:\n\nAdded this unit test and this works correctly in .NET.\r\n\r\n```\r\n[TestMethod]\r\npublic void CorrectlySerializesToXmlString()\r\n{\r\n    var testModel = new TestModel();\r\n\r\n    testModel._excludedField = \"excluded\";\r\n    testModel._includedField = \"included\";\r\n\r\n    testModel.ExcludedRegularProperty = \"excluded\";\r\n    testModel.IncludedRegularProperty = \"included\";\r\n\r\n    testModel.ExcludedCatelProperty = \"excluded\";\r\n    testModel.IncludedCatelProperty = \"included\";\r\n\r\n    var xml = testModel.ToXmlString();\r\n\r\n    Assert.IsFalse(xml.Contains(\"Excluded\"));\r\n}\r\n```"
        },
        {
            "created_at": "2014-02-12T20:37:37Z",
            "body": "Comment created by @geertvanhorrik:\n\nSame output in silverlight."
        },
        {
            "created_at": "2014-02-12T20:40:30Z",
            "body": "Comment created by @geertvanhorrik:\n\nI cannot reproduce it, please check out the following unit test in the project:\r\n\r\n*XmlSerializerFacts.AdvancedSerializationFacts.CorrectlySerializesToXmlString*"
        },
        {
            "created_at": "2014-02-13T12:07:30Z",
            "body": "Comment created by @geertvanhorrik:\n\nReceived additional repro."
        },
        {
            "created_at": "2014-02-13T12:24:20Z",
            "body": "Comment created by @geertvanhorrik:\n\nI can reproduce in Silverlight. Will check out what is going wrong there."
        },
        {
            "created_at": "2014-02-13T12:25:48Z",
            "body": "Comment created by @geertvanhorrik:\n\nFound it. Because the property is protected, I cannot read the attribute in silverlight."
        },
        {
            "created_at": "2014-02-13T13:22:00Z",
            "body": "Comment created by @geertvanhorrik:\n\nFixed."
        },
        {
            "created_at": "2014-02-13T13:22:00Z",
            "body": "Issue was closed with resolution \"Fixed\""
        }
    ]
}