{
    "issue": {
        "title": "CTL-410: Add SingleUnloadOthers to TabControl so only a single view model lives in a tabcontrol",
        "body": "Jira issue originally created by user @geertvanhorrik:\n\nAdd a new SingleUnloadOthers option so a single view model lives in a tab control.",
        "created_at": "2014-04-06T20:35:38Z",
        "closed": true,
        "labels": [
            "Improvement"
        ],
        "milestone": 12,
        "assignee": "geertvanhorrik"
    },
    "comments": [
        {
            "created_at": "2014-04-06T20:36:27Z",
            "body": "Comment created by @geertvanhorrik:\n\nDone!"
        },
        {
            "created_at": "2014-04-06T20:36:27Z",
            "body": "Issue was closed with resolution \"Fixed\""
        }
    ]
}