{
    "issue": {
        "title": "CTL-483: UIVisualizerService improvements",
        "body": "Jira issue originally created by user @geertvanhorrik:\n\nAll overloads with Type instead of string can be moved to extension methods. Also add a new IsRegistered method.",
        "created_at": "2014-07-10T14:42:04Z",
        "closed": true,
        "labels": [
            "Improvement"
        ],
        "milestone": 12,
        "assignee": "geertvanhorrik"
    },
    "comments": [
        {
            "created_at": "2014-07-10T14:47:20Z",
            "body": "Comment created by @geertvanhorrik:\n\nAlso contains a bug:\r\n\r\nthe Show function Task in the UIVisualizer does not get started. ShowDialog works...\r\n\r\n```\r\n public virtual Task<bool> Show(string name, object data, EventHandler<UICompletedEventArgs> completedProc = null)\r\n    {\r\n      Argument.IsNotNullOrWhitespace(\"name\", name);\r\n      lock (this.RegisteredWindows)\r\n      {\r\n        if (!this.RegisteredWindows.ContainsKey(name))\r\n          throw new WindowNotRegisteredException(name);\r\n      }\r\n      return new Task<bool>((Func<bool>) (() =>                                \/\/ ---------> this is the Task \r\n      {\r\n        FrameworkElement local_0 = this.CreateWindow(name, data, completedProc, false);\r\n        if (local_0 != null)\r\n          this.ShowWindow(local_0, false);\r\n        return local_0 != null;\r\n      }));\r\n    }\r\n``` \r\n\r\nReplacement:\r\n \r\n```\r\n public virtual Task<bool> Show(string name, object data, EventHandler<UICompletedEventArgs> completedProc = null)\r\n    {\r\n      Argument.IsNotNullOrWhitespace(\"name\", name);\r\n      lock (this.RegisteredWindows)\r\n      {\r\n        if (!this.RegisteredWindows.ContainsKey(name))\r\n          throw new WindowNotRegisteredException(name);\r\n      }\r\n        FrameworkElement window = this.CreateWindow(name, data, completedProc, false);\r\n        if (window != null)\r\n          return this.ShowWindow(window, false);\r\n        else\r\n          return new Task<bool>(() => false);\r\n      }));\r\n    }\r\n```"
        },
        {
            "created_at": "2014-07-10T14:52:02Z",
            "body": "Issue was closed with resolution \"Fixed\""
        }
    ]
}