{
    "issue": {
        "title": "CTL-146: WinRT controls DependencyProperies are not Fields anymore but Properties.",
        "body": "Jira issue originally created by user inTagger:\n\nHence DependencyPropertyHelper does not work as expected.",
        "created_at": "2013-08-04T11:05:12Z",
        "closed": true,
        "labels": [
            "Bug"
        ],
        "milestone": 16,
        "assignee": "geertvanhorrik"
    },
    "comments": [
        {
            "created_at": "2013-08-05T11:22:03Z",
            "body": "Comment created by inTagger:\n\nI have fixed this. Will push on my Win81 branch. When all other stuff for win81 will be ready I shall send a pull request."
        },
        {
            "created_at": "2013-08-10T17:02:16Z",
            "body": "Comment created by @geertvanhorrik:\n\nFixed."
        },
        {
            "created_at": "2013-08-10T17:02:16Z",
            "body": "Issue was closed with resolution \"Fixed\""
        }
    ]
}