{
    "issue": {
        "title": "CTL-355: LanguageBindings do not refresh after changing PreferredCulture in DbLanguageService",
        "body": "Jira issue originally created by user SSchips:\n\nHi Geert,\r\n\r\nI'm not really sure if this is a bug. I have implemented a DbLanguageService as described in the docu. In my Views, all strings are bound via catel:LanguageBinding. If I change the language at runtime, the strings in my (open) MainWindow do not refresh with the new language. If I open a new view, I get the new language there. Is this by design or am I missing something?\r\n\r\nMany thanks and best regards,\r\nStefan",
        "created_at": "2014-02-18T15:50:31Z",
        "closed": true,
        "labels": [
            "Bug"
        ],
        "milestone": 12,
        "assignee": "geertvanhorrik"
    },
    "comments": [
        {
            "created_at": "2014-02-18T17:35:21Z",
            "body": "Comment created by @geertvanhorrik:\n\nI think this is by design. But we can easily implement that feature. Feel free to fork and create a pull request if you would like to help out."
        },
        {
            "created_at": "2014-03-05T16:36:00Z",
            "body": "Comment created by @geertvanhorrik:\n\nAdding UpdatableMarkupExtension."
        },
        {
            "created_at": "2014-03-05T16:53:08Z",
            "body": "Comment created by @geertvanhorrik:\n\nFixed."
        },
        {
            "created_at": "2014-03-07T10:56:00Z",
            "body": "Comment created by holger:\n\nHi Geert, could you please describe what has to be done to get this working?"
        },
        {
            "created_at": "2014-03-07T11:02:34Z",
            "body": "Comment created by @geertvanhorrik:\n\nNothing, it should work out of the box in the latest prerelease. As soon as the LanguageService.LanguageUpdated event occurs, it should automatically refresh the bindings."
        },
        {
            "created_at": "2014-03-07T13:16:30Z",
            "body": "Comment created by holger:\n\nSorry, my fault. Works for me now. Thanks alot."
        },
        {
            "created_at": "2014-03-05T16:53:08Z",
            "body": "Issue was closed with resolution \"Fixed\""
        }
    ]
}