{
    "issue": {
        "title": "CTL-419: Change license to MIT",
        "body": "Jira issue originally created by user @geertvanhorrik:\n\nChange license to MIT with blog post.",
        "created_at": "2014-04-22T09:55:18Z",
        "closed": true,
        "labels": [
            "Task"
        ],
        "milestone": 12,
        "assignee": "geertvanhorrik"
    },
    "comments": [
        {
            "created_at": "2014-04-24T15:33:52Z",
            "body": "Comment created by @geertvanhorrik:\n\nWebsite is updated."
        },
        {
            "created_at": "2014-04-24T15:36:30Z",
            "body": "Comment created by @geertvanhorrik:\n\nSoftware + readme updated. Only blog post left."
        },
        {
            "created_at": "2014-05-23T10:31:15Z",
            "body": "Issue was closed with resolution \"Fixed\""
        }
    ]
}