{
    "issue": {
        "title": "CTL-171: Create ReferenceManager to allow unique reference mapping as a dictionary",
        "body": "Jira issue originally created by user @geertvanhorrik:\n\nCreate a reference manager that can also be used to implement circular usages of references in serialization.",
        "created_at": "2013-09-05T17:40:26Z",
        "closed": true,
        "labels": [
            "Task"
        ],
        "milestone": 16,
        "assignee": "geertvanhorrik"
    },
    "comments": [
        {
            "created_at": "2013-09-06T12:33:43Z",
            "body": "Comment created by @geertvanhorrik:\n\nDone."
        },
        {
            "created_at": "2013-09-06T12:33:43Z",
            "body": "Issue was closed with resolution \"Fixed\""
        }
    ]
}