{
    "issue": {
        "title": "CTL-273: Remove external container registration",
        "body": "Jira issue originally created by user @geertvanhorrik:\n\nRemove the external container registration. It is recommended to completely replace components instead of using the fairly slow reflection code.",
        "created_at": "2013-12-14T14:32:44Z",
        "closed": true,
        "labels": [
            "Task"
        ],
        "milestone": 13,
        "assignee": "geertvanhorrik"
    },
    "comments": [
        {
            "created_at": "2013-12-23T22:20:28Z",
            "body": "Comment created by @geertvanhorrik:\n\nMark as obsolete for 3.9."
        },
        {
            "created_at": "2013-12-24T16:42:01Z",
            "body": "Comment created by @geertvanhorrik:\n\nAdded link to documentation."
        },
        {
            "created_at": "2013-12-24T16:54:46Z",
            "body": "Comment created by @geertvanhorrik:\n\nRemoving all logic and unit tests."
        },
        {
            "created_at": "2013-12-24T20:09:43Z",
            "body": "Comment created by @geertvanhorrik:\n\nRemoved obsolete documentation."
        },
        {
            "created_at": "2013-12-24T20:15:03Z",
            "body": "Comment created by @geertvanhorrik:\n\nDone."
        },
        {
            "created_at": "2013-12-24T20:15:03Z",
            "body": "Issue was closed with resolution \"Fixed\""
        }
    ]
}