{
    "issue": {
        "title": "CTL-141: 'ResourceMap Not Found' in WIN80 project",
        "body": "Jira issue originally created by user inTagger:\n\nThere are no resources at all in WIN80 Catel projects therefore when some string is requested from the resources, exception is thrown with message 'ResourceMap Not Found'.",
        "created_at": "2013-07-31T14:46:17Z",
        "closed": true,
        "labels": [
            "Bug"
        ],
        "milestone": 16,
        "assignee": "geertvanhorrik"
    },
    "comments": [
        {
            "created_at": "2013-07-31T14:50:08Z",
            "body": "Comment created by inTagger:\n\nI have fixed this problem. Sending pull request now."
        },
        {
            "created_at": "2013-07-31T18:44:16Z",
            "body": "Comment created by @geertvanhorrik:\n\nThank you very much for the pull request."
        },
        {
            "created_at": "2013-07-31T18:44:16Z",
            "body": "Issue was closed with resolution \"Fixed\""
        }
    ]
}