{
    "issue": {
        "title": "CTL-260: Remove ExposeAttribute unit tests because marked as error in 3.9",
        "body": "Jira issue originally created by user @geertvanhorrik:\n\nSince the Expose attribute is marked as obsolete (with error), it can be removed from the unit tests.",
        "created_at": "2013-12-06T09:01:21Z",
        "closed": true,
        "labels": [
            "Task"
        ],
        "milestone": 13
    },
    "comments": [
        {
            "created_at": "2013-12-06T12:28:00Z",
            "body": "Comment created by BertrandR:\n\nFixed"
        },
        {
            "created_at": "2013-12-06T12:28:00Z",
            "body": "Issue was closed with resolution \"Fixed\""
        }
    ]
}