{
    "issue": {
        "title": "CTL-194: ServiceLocatorRegistration attribute must be able to directly instantiate",
        "body": "Jira issue originally created by user @geertvanhorrik:\n\nAn example:\r\n\r\n```\r\n[ServiceLocatorRegistration(typeof(IMyService), RegistrationType = RegistrationType.SingletonInstantiateImmediately)]\r\npublic class MyService : IMyService\r\n{\r\n\r\n}\r\n```\r\n\r\nThe following options must be available:\r\n\r\n* RegistrationType.SingletonInstantiateImmediately\r\n* RegistrationType.SingletonInstantiateWhenRequired\r\n* RegistrationType.Transient",
        "created_at": "2013-10-14T14:51:28Z",
        "closed": true,
        "labels": [
            "Improvement"
        ],
        "milestone": 16,
        "assignee": "geertvanhorrik"
    },
    "comments": [
        {
            "created_at": "2013-10-14T22:13:02Z",
            "body": "Comment created by @geertvanhorrik:\n\nDone!"
        },
        {
            "created_at": "2013-10-14T22:13:02Z",
            "body": "Issue was closed with resolution \"Fixed\""
        }
    ]
}