{
    "issue": {
        "title": "CTL-229: Add XmlSerializerOptimalizationMode to allow pretty xml or performance",
        "body": "Jira issue originally created by user @geertvanhorrik:\n\nPrettyXml should remove all duplicate namespaces, but will cost performance.",
        "created_at": "2013-11-11T22:05:27Z",
        "closed": true,
        "labels": [
            "Task"
        ],
        "milestone": 15,
        "assignee": "geertvanhorrik"
    },
    "comments": [
        {
            "created_at": "2013-11-11T22:14:28Z",
            "body": "Issue was closed with resolution \"Fixed\""
        }
    ]
}