{
    "issue": {
        "title": "CTL-132: LinkLabel bug",
        "body": "Jira issue originally created by user @geertvanhorrik:\n\nI found missprint in the LinkLabel (Catel.MVVM.Controls)\r\nyou use the CommandParameterProperty instead of the CommandProperty.\r\nplease see lines 190-194 in the  LinkLabel.cs\r\n",
        "created_at": "2013-07-24T17:21:38Z",
        "closed": true,
        "labels": [
            "Bug"
        ],
        "milestone": 16,
        "assignee": "geertvanhorrik"
    },
    "comments": [
        {
            "created_at": "2013-07-24T20:17:27Z",
            "body": "Comment created by @geertvanhorrik:\n\nDone."
        },
        {
            "created_at": "2013-07-24T20:17:27Z",
            "body": "Issue was closed with resolution \"Fixed\""
        }
    ]
}