{
    "issue": {
        "title": "CTL-256: Add readonly option to generation to Fody exposed properties",
        "body": "Jira issue originally created by user Bitfiddler:\n\nTo reduce miscommunication between coders and designers, it would be nice to be able to specify that a fody exposed property is readonly:\r\n\r\nFor example:\r\n\r\n```\r\n        [Model]\r\n        [FodyExpose(\"TradeDate\")]\r\n        [FodyExpose(\"SettleDate\")]\r\n        [FodyExpose(\"AccountType\")]\r\n        [FodyExpose(\"BuySell\")]\r\n        [FodyExpose(\"Symbol\")]\r\n        [FodyExpose(\"Volume\")]\r\n        [FodyExpose(\"StockPrice\")]\r\n        [FodyExpose(\"QuotedRate\")]\r\n        [FodyExpose(\"UserName\", ReadOnly : true)]\r\n        [FodyExpose(\"Comments\")]\r\n        public ITrade SelectedTrade { get; set; }\r\n```\r\n\r\nCurrently a hand coded exposed property works just fine.",
        "created_at": "2013-12-03T22:05:06Z",
        "closed": true,
        "labels": [
            "Improvement"
        ],
        "milestone": 13,
        "assignee": "geertvanhorrik"
    },
    "comments": [
        {
            "created_at": "2013-12-04T08:21:06Z",
            "body": "Comment created by @geertvanhorrik:\n\nGood idea. I will plan this for 3.9, we want 3.8 out (hopefully this week)."
        },
        {
            "created_at": "2013-12-14T12:05:44Z",
            "body": "Comment created by @geertvanhorrik:\n\nImplemented."
        },
        {
            "created_at": "2013-12-14T12:05:49Z",
            "body": "Issue was closed with resolution \"Fixed\""
        }
    ]
}