{
    "issue": {
        "title": "CTL-204: Catel.IoC.IServiceLocator should contains some methord to remove registered type",
        "body": "Jira issue originally created by user metasong:\n\nfor example:\r\nstep 1: ServiceLocator.RegisterInstance<IPropertyGridService>(this);\r\nstep 2: ServiceLocator.RemoveAllInstances(typeof(IPropertyGridService));\r\nfor now using ServiceLocator.IsTypeRegistered<IPropertyGridService>()\r\nthe return value is true;so we have using some kind of methord to unregister the IPropertyGridService type.\r\nif not when somewhere in application:\r\nif (ServiceLocator.Default.IsTypeRegistered<IPropertyGridService>())\r\n                {\r\n                  var  _PropertyGridService = ServiceLocator.Default.ResolveType<IPropertyGridService>();\r\n                  _PropertyGridService.SelectedObject = this.LogicObj;\r\n                }\r\na new IPropertyGridService will created. that's bad, because i want to control when the IPropertyGridService  is created. and it's singleton.",
        "created_at": "2013-10-21T05:23:32Z",
        "closed": true,
        "labels": [
            "New Feature"
        ],
        "milestone": 13,
        "assignee": "geertvanhorrik"
    },
    "comments": [
        {
            "created_at": "2013-10-21T21:21:54Z",
            "body": "Comment created by @geertvanhorrik:\n\nWe will consider. You can overwrite existing registrations, but not yet remove them. Is overwriting not enough?"
        },
        {
            "created_at": "2013-10-22T03:16:41Z",
            "body": "Comment created by metasong:\n\nYes, overwrite is not enough;\r\nfor example:\r\nwhen I open the application, it creats some default viewmodels and registered to ioc; and if it open a file,the default  viewmodels are removed(ServiceLocator.RemoveAllInstances(typeof(IPropertyGridService))), and some new viewmodels are deserialized from the opening file, some viewmodes want to know whether IPropertyGridService is available(for now could only using ServiceLocator.Default.IsTypeRegistered<IPropertyGridService>()), in order to do or not to do something.\r\n========================\r\nif not add the remove type registration method, please provide some method so we could know no instance of the type is exist,  after we call \r\nServiceLocator.RemoveAllInstances(typeof(IPropertyGridService))"
        },
        {
            "created_at": "2013-10-22T03:18:31Z",
            "body": "Comment created by metasong:\n\nServiceLocator.Default.IsTypeRegistered<IPropertyGridService>()) return true after ServiceLocator.RemoveAllInstances(typeof(IPropertyGridService)), so it is not usable"
        },
        {
            "created_at": "2013-10-22T07:30:45Z",
            "body": "Comment created by metasong:\n\nnow found a solution of overwrite:\r\ninterface IInterface\r\n    {\r\n        int op();\r\n    }\r\n    class MyClassa:IInterface\r\n    {\r\n        public int aa = 0;\r\n\/\/D is the null value id\r\n        public static MyClassa D = new MyClassa() { aa = 3 };\r\n        public int op()\r\n        {\r\n            throw new NotImplementedException();\r\n        }\r\n    }\r\ntest:\r\n            ServiceLocator.Default.RegisterInstance<IInterface>(new MyClassa());\r\n            var bb = ServiceLocator.Default.ResolveType<IInterface>();\r\n            ServiceLocator.Default.RegisterInstance<IInterface>(MyClassa.D);\/\/ null\r\n            var c= ServiceLocator.Default.ResolveType<IInterface>();\/\/c==MyClassa.D means null\r\n            System.Diagnostics.Debug.Assert(object.ReferenceEquals(c, MyClassa.D));\/\/ OK\r\n\r\n            var lll = new MyClassa();\r\n            ServiceLocator.Default.RegisterInstance<IInterface>(lll);\r\n            var d = ServiceLocator.Default.ResolveType<IInterface>();\r\n            System.Diagnostics.Debug.Assert(object.ReferenceEquals(lll, d));\/\/OK\r\n\r\nbut this kind of methord is also not very good. it's just usable.. because in every such class we should add that. it's not universual.\r\nso after Catel.IoC.ServiceLocator.Default.RegisterInstance\r\nthere should be a method to know if there is instance registed"
        },
        {
            "created_at": "2013-12-06T17:57:47Z",
            "body": "Comment created by BertrandR:\n\nFixed, implemented RemoveType and RemoveAllTypes functions"
        },
        {
            "created_at": "2013-12-06T17:57:47Z",
            "body": "Issue was closed with resolution \"Fixed\""
        }
    ]
}