{
    "issue": {
        "title": "CTL-461: Change default value of CompositeCommand.AllowPartialExecution to false",
        "body": "Jira issue originally created by user @geertvanhorrik:\n\nThe composite command will always allow execution, even when commands don't allow it. Therefore the CheckCanExecuteOfAllCommandsToDetermineCanExecuteForCompositeCommand is now set to true by default.\r\n\r\nIf there is a requirement to allow partial invocation, set this property to false.",
        "created_at": "2014-06-11T17:23:06Z",
        "closed": true,
        "labels": [
            "Improvement"
        ],
        "milestone": 12,
        "assignee": "geertvanhorrik"
    },
    "comments": [
        {
            "created_at": "2014-06-11T17:28:46Z",
            "body": "Comment created by @geertvanhorrik:\n\nThe composite command will always allow execution, even when commands don't allow it. Therefore the AllowPartialExecution is now set to false by default.\r\nIf there is a requirement to allow partial invocation, set this property to true."
        },
        {
            "created_at": "2014-06-11T17:31:49Z",
            "body": "Comment created by @geertvanhorrik:\n\nDone."
        },
        {
            "created_at": "2014-06-11T17:32:26Z",
            "body": "Comment created by @geertvanhorrik:\n\nThe reason why we did this is that commands are no longer tied to CommandManager.RequerySuggestion for performance reasons. This brought this behavior to light."
        },
        {
            "created_at": "2014-06-11T17:31:49Z",
            "body": "Issue was closed with resolution \"Fixed\""
        }
    ]
}