{
    "issue": {
        "title": "CTL-224: Refactor policies in Exception Handling",
        "body": "Jira issue originally created by user rajiv.mounguengue:\n\nShould have an elegant policies approach which will allow enhancements in exception handling",
        "created_at": "2013-11-06T15:30:57Z",
        "closed": true,
        "labels": [
            "Improvement"
        ],
        "milestone": 15
    },
    "comments": [
        {
            "created_at": "2013-11-08T09:37:43Z",
            "body": "Comment created by rajiv.mounguengue:\n\nDone."
        },
        {
            "created_at": "2013-11-08T09:37:42Z",
            "body": "Issue was closed with resolution \"Fixed\""
        }
    ]
}