{
    "issue": {
        "title": "CTL-35: Exception in ModelBase.ValidatePropertyUsingAnnotations",
        "body": "Jira issue originally created by user @geertvanhorrik:\n\nI have a problem in the method \"ValidatePropertyUsingAnnotations\" with properties exposed (Expose). Calling the method \"ValidateProperty\" throws an exception which considerably slows down the first display window. \r\n\r\nTo solve this problem, I have added a test before calling this method:\r\n\r\nif(type.GetProperty(propertyName) != null)\r\n{\r\n   System.ComponentModel.DataAnnotations.Validator.ValidateProperty(value, _dataAnnotationsValidationContext[propertyName]);\r\n\r\n    \/\/ If succeeded, clear any previous error\r\n    if (_dataAnnotationValidationResults.ContainsKey(propertyName))\r\n    {\r\n         _dataAnnotationValidationResults[propertyName] = null;\r\n    }\r\n}\r\n\r\nCan you tell me if my correction is good, and it is possible to include it in a future version ? ",
        "created_at": "2013-03-30T07:13:36Z",
        "closed": true,
        "labels": [
            "Improvement"
        ],
        "milestone": 17,
        "assignee": "geertvanhorrik"
    },
    "comments": [
        {
            "created_at": "2013-04-02T18:17:58Z",
            "body": "Comment created by @geertvanhorrik:\n\nFix looks good. Calculated properties are registered as well, so we will add this fix."
        },
        {
            "created_at": "2013-04-04T21:22:17Z",
            "body": "Comment created by @geertvanhorrik:\n\nChecking the properties every time is too expensive. I will create a dictionary called _propertyValuesNeverValidated to make sure they are only checked once."
        },
        {
            "created_at": "2013-04-04T23:02:30Z",
            "body": "Comment created by @geertvanhorrik:\n\nImplemented. Please try the latest nightly release, just released."
        },
        {
            "created_at": "2013-04-19T11:10:21Z",
            "body": "Comment created by kiven:\n\nTested, it works, Thank you.\n"
        },
        {
            "created_at": "2013-04-04T23:02:35Z",
            "body": "Issue was closed with resolution \"Fixed\""
        }
    ]
}