{
    "issue": {
        "title": "CTL-12: .net 4.5 async methods",
        "body": "Jira issue originally created by user @geertvanhorrik:\n\nIt would be great to have .net 4.5 async methods returning Task<> in some services like IMessageService.",
        "created_at": "2013-03-03T16:20:11Z",
        "closed": true,
        "labels": [
            "Task"
        ],
        "milestone": 12,
        "assignee": "geertvanhorrik"
    },
    "comments": [
        {
            "created_at": "2015-05-05T13:12:28Z",
            "body": "Comment created by @geertvanhorrik:\n\nAll done."
        },
        {
            "created_at": "2015-05-05T13:12:28Z",
            "body": "Issue was closed with resolution \"Fixed\""
        }
    ]
}