{
    "issue": {
        "title": "CTL-385: XmlAttribute values are not respected without explicit name",
        "body": "Jira issue originally created by user @geertvanhorrik:\n\nCatel should automatically use the property name when there is no explicit name defined.",
        "created_at": "2014-03-12T14:32:08Z",
        "closed": true,
        "labels": [
            "Bug"
        ],
        "milestone": 12,
        "assignee": "geertvanhorrik"
    },
    "comments": [
        {
            "created_at": "2014-03-12T14:34:36Z",
            "body": "Comment created by @geertvanhorrik:\n\nFixed."
        },
        {
            "created_at": "2014-03-12T14:34:36Z",
            "body": "Issue was closed with resolution \"Fixed\""
        }
    ]
}