{
    "issue": {
        "title": "CTL-216: MissingManifestResourceException on MessageService.Show",
        "body": "Jira issue originally created by user fg_garda:\n\nI created a new Windows Phone 8 Application with Catel and added the NuGet Catel.MVVM 3.7 package from NuGet. \r\n\r\nIn a Command of my ViewModel I want to show a message, something like this:\r\n\r\n_messageService.Show(\"Message\", \"Caption\", MessageButton.OK);\r\n\r\nor\r\n\r\n_messageService.ShowAsync(\"Message\", \"Caption\", MessageButton.OK);\r\n\r\nThese calls generate the following exception with MessageButton.YesNo and MessageButton.YesNoCancel values:\r\n\r\nSystem.Resources.MissingManifestResourceException occurred\r\n  HResult=-2146233038\r\n  Message=Could not find any resources appropriate for the specified culture or the neutral culture.  Make sure \"Catel.Properties.Catel.Properties.Exceptions.resources\" was correctly embedded or linked into assembly \"Catel.Core\" at compile time, or that all the satellite assemblies required are loadable and fully signed.\r\n  Source=mscorlib\r\n  StackTrace:\r\n       at System.Resources.ManifestBasedResourceGroveler.HandleResourceStreamMissing(String fileName)\r\n       at System.Resources.ManifestBasedResourceGroveler.GrovelForResourceSet(CultureInfo culture, Dictionary`2 localResourceSets, Boolean tryParents, Boolean createIfNotExists, StackCrawlMark& stackMark)\r\n       at System.Resources.ResourceManager.InternalGetResourceSet(CultureInfo requestedCulture, Boolean createIfNotExists, Boolean tryParents, StackCrawlMark& stackMark)\r\n       at System.Resources.ResourceManager.InternalGetResourceSet(CultureInfo culture, Boolean createIfNotExists, Boolean tryParents)\r\n       at System.Resources.ResourceManager.GetString(String name, CultureInfo culture)\r\n       at System.Resources.ResourceManager.GetString(String name)\r\n       at Catel.ResourceHelper.GetString(Type callingType, String resourceFile, String resourceName)\r\n       at Catel.NotSupportedInSilverlightException..ctor(String reasonFormat, Object[] args)\r\n       at Catel.MVVM.Services.MessageService.TranslateMessageButton(MessageButton button)\r\n       at Catel.MVVM.Services.MessageService.ShowMessageBox(String message, String caption, MessageButton button, MessageImage icon)\r\n       at Catel.MVVM.Services.MessageService.Show(String message, String caption, MessageButton button, MessageImage icon)\r\n       at TestCatel.WP8.ViewModels.MainPageViewModel.OnShowMessageExecute()\r\n\r\nThanks.",
        "created_at": "2013-10-29T23:28:13Z",
        "closed": true,
        "labels": [
            "Bug"
        ],
        "milestone": 15,
        "assignee": "geertvanhorrik"
    },
    "comments": [
        {
            "created_at": "2013-10-30T08:15:46Z",
            "body": "Comment created by @geertvanhorrik:\n\nThanks for the issue. We will look into this."
        },
        {
            "created_at": "2013-11-01T11:26:38Z",
            "body": "Comment created by @geertvanhorrik:\n\nCreating a repro."
        },
        {
            "created_at": "2013-11-01T12:14:35Z",
            "body": "Comment created by @geertvanhorrik:\n\nTrying to enable Hyper-V on server, doesn't seem to go too well..."
        },
        {
            "created_at": "2013-11-01T13:13:47Z",
            "body": "Comment created by @geertvanhorrik:\n\nSeems I got it working, HyperV in vmware is up and running. Now taking a look at the issue."
        },
        {
            "created_at": "2013-11-01T13:17:36Z",
            "body": "Comment created by @geertvanhorrik:\n\nI can reproduce the issue, now looking for a fix."
        },
        {
            "created_at": "2013-11-01T13:22:44Z",
            "body": "Comment created by @geertvanhorrik:\n\nOk, found the issue. The problem is that this exception occurs:\r\n\r\nUnfortunately, the default MessageBox class of Silverlight does not support 'YesNo'\r\n\r\nBut during the creation of the exception, another exception occurs. Will fix the exception, but the default MessageBox of Windows Phone does not support YesNo, only OkCancel."
        },
        {
            "created_at": "2013-11-01T13:26:42Z",
            "body": "Comment created by @geertvanhorrik:\n\nIntroducing a NotSupportedInPlatformException instead of separate exceptions per platform. The platform can be automatically determined by Catel."
        },
        {
            "created_at": "2013-11-01T13:41:29Z",
            "body": "Comment created by @geertvanhorrik:\n\nAdded Platforms.CurrentPlatform so the platform can dynamically be determined."
        },
        {
            "created_at": "2013-11-01T13:48:10Z",
            "body": "Comment created by @geertvanhorrik:\n\nCatel now provides much better details why a feature is not supported (see screenshot)."
        },
        {
            "created_at": "2013-11-01T13:50:54Z",
            "body": "Comment created by @geertvanhorrik:\n\nIssue is fixed. It does not allow you to use the YesNo feature, but at least now it gives you a clear error."
        },
        {
            "created_at": "2013-11-02T00:19:36Z",
            "body": "Comment created by fg_garda:\n\nA long tale for this one... :-) \r\nAnyway thanks. I think I'll try to use the CustomMessageBox from the Windows Phone Toolkit."
        },
        {
            "created_at": "2013-11-02T11:37:43Z",
            "body": "Comment created by @geertvanhorrik:\n\nYes, it should be fairly easy to override methods in the MessageService and register your custom implementation in the ServiceLocator. We want to keep the external references count in Catel itself as low as possible, that's why we throw an exception here instead of implementing it all ourselves."
        },
        {
            "created_at": "2013-11-01T13:50:54Z",
            "body": "Issue was closed with resolution \"Fixed\""
        }
    ]
}