{
    "issue": {
        "title": "CTL-454: Remove the RemoveInstance methods from the IServiceLocator interface",
        "body": "Jira issue originally created by user @geertvanhorrik:\n\n",
        "created_at": "2014-06-04T13:31:52Z",
        "closed": true,
        "labels": [
            "Improvement"
        ],
        "milestone": 12,
        "assignee": "geertvanhorrik"
    },
    "comments": [
        {
            "created_at": "2014-06-04T13:49:25Z",
            "body": "Comment created by @geertvanhorrik:\n\nDone."
        },
        {
            "created_at": "2014-06-04T13:49:25Z",
            "body": "Issue was closed with resolution \"Fixed\""
        }
    ]
}