{
    "issue": {
        "title": "CTL-161: Allow registration and resolving of generic types",
        "body": "Jira issue originally created by user @geertvanhorrik:\n\nthis works correctly\r\n\r\n```\r\n\/\/ registering generic type with specific generic argument\r\nServiceLocator.Default.RegisterType(typeof(ISomeService<MyType>), typeof(SomeService<MyType>));\r\n\r\nvar obj = DependencyResolverManager.Default.DefaultDependencyResolver.Resolve<ISomeService<MyType>>();\r\n```\r\n\r\nthis returns null, but must to be initialized value\r\n\r\n```\r\n\/\/ registering generic type without specific generic argument\r\nServiceLocator.Default.RegisterType(typeof(ISomeService<>), typeof(SomeService<>));\r\n\/\/ this returns null\r\nvar obj = DependencyResolverManager.Default.DefaultDependencyResolver.Resolve<ISomeService<MyType>>();\r\n```\r\n\r\nnext ones are throw exceptions\r\n\r\n```\r\n\/\/ registering generic type without two specific generic arguments\r\nServiceLocator.Default.RegisterType(typeof(ISomeService<,>), typeof(SomeService<,>));\r\nvar obj = DependencyResolverManager.Default.DefaultDependencyResolver.Resolve<ISomeService<MyType1,MyType2>>();\r\n```\r\n\r\nand another one not works too\r\n\r\n```\r\n\/\/ registering generic type without two specific generic arguments\r\nServiceLocator.Default.RegisterType(typeof(ISomeService<MyType1,MyType2>), typeof(SomeService<MyType1,MyType2>));\r\nvar obj = DependencyResolverManager.Default.DefaultDependencyResolver.Resolve<ISomeService<MyType1,MyType2>>();\r\n```\r\n\r\nI think all of these exaples should be workable",
        "created_at": "2013-08-24T15:37:35Z",
        "closed": true,
        "labels": [
            "Improvement"
        ],
        "milestone": 15,
        "assignee": "geertvanhorrik"
    },
    "comments": [
        {
            "created_at": "2013-10-22T18:43:54Z",
            "body": "Comment created by @geertvanhorrik:\n\nDone!"
        },
        {
            "created_at": "2013-10-22T18:43:54Z",
            "body": "Issue was closed with resolution \"Fixed\""
        }
    ]
}