{
    "issue": {
        "title": "CTL-283: (View)ModelBase Validate throws first chance MethodAccessExceptions in partial trust environment",
        "body": "Jira issue originally created by user facos:\n\nHi Geert,\r\n\r\nin SL we are getting a lot of first chance MethodaccessExceptions with the latest nuget Catel.\r\n\r\nSystem.MethodAccessException occurred\r\n  Message=Error occured while method \"Catel.Data.ModelBase.Validate(Boolean, Boolean)\" was trying to access method \"Catel.MVVM.ViewModelBase.get_DeferValidationUntilFirstSaveCall()\".\r\n  StackTrace:\r\n       bei System.RuntimeMethodHandle.PerformSecurityCheck(Object obj, RuntimeMethodHandleInternal method, RuntimeType parent, UInt32 invocationFlags)\r\n       bei System.RuntimeMethodHandle.PerformSecurityCheck(Object obj, IRuntimeMethodInfo method, RuntimeType parent, UInt32 invocationFlags)\r\n  InnerException: \r\n\r\nHere are the other properties, which also cause the same exception:\r\n\r\nValidateModelsOnInitialization\r\nViewModelCommandManager\r\nInvalidateCommandsOnPropertyChanged\r\nIsSaving\r\nDispatchPropertyChangedEvent\r\nThrottlingRate\r\nServiceLocator\r\nDependencyResolver\r\nNavigationContext\r\n\r\nIt happens when this.Validate(true) is called in (View)ModelBase.\r\nCould you please take a look? Thanks!",
        "created_at": "2013-12-23T02:38:18Z",
        "closed": true,
        "labels": [
            "Task"
        ],
        "milestone": 13,
        "assignee": "geertvanhorrik"
    },
    "comments": [
        {
            "body": "empty body",
            "created_at": "2013-12-23T02:38:18Z"
        },
        {
            "created_at": "2013-12-23T12:22:41Z",
            "body": "Comment created by @geertvanhorrik:\n\nI think this is related to [CTL-278](https:\/\/catelproject.atlassian.net\/browse\/CTL-278)"
        },
        {
            "created_at": "2013-12-23T12:25:04Z",
            "body": "Comment created by @geertvanhorrik:\n\nThe failure of the validation is being cached and will not occur a second time. I will check if I can improve performance the first time."
        },
        {
            "created_at": "2013-12-23T12:50:57Z",
            "body": "Comment created by @geertvanhorrik:\n\nAdding *ExcludeFromValidation* attribute to prevent these exceptions."
        },
        {
            "created_at": "2013-12-23T12:56:45Z",
            "body": "Comment created by @geertvanhorrik:\n\nDone."
        },
        {
            "created_at": "2013-12-23T20:00:36Z",
            "body": "Comment created by facos:\n\nThanks a lot!"
        },
        {
            "created_at": "2013-12-23T12:56:45Z",
            "body": "Issue was closed with resolution \"Fixed\""
        }
    ]
}