{
    "issue": {
        "title": "CTL-272: Create connection between manually registered types and automatically resolved types",
        "body": "Jira issue originally created by user @geertvanhorrik:\n\nThe ServiceLocator registers types and can automatically resolve other types:\r\n\r\n* IList<T>, ICollection<T>, ISomeGeneric<T>\r\n\r\nTo speed up the retrieval, the types will be registered. However when the original type is being removed or updated, the linked types must be removed \/ updated as well.",
        "created_at": "2013-12-14T14:13:12Z",
        "closed": false,
        "labels": [
            "Task"
        ],
        "milestone": 22,
        "assignee": "geertvanhorrik"
    },
    "comments": [
        {
            "created_at": "2014-04-06T20:44:00Z",
            "body": "Comment created by @geertvanhorrik:\n\nMoved to 4.1"
        }
    ]
}