{
    "issue": {
        "title": "CTL-470: Naming conventions should not strip multiple postfixes",
        "body": "Jira issue originally created by user @geertvanhorrik:\n\nWhen using view name \"PlayerControlView\", the view model is \"PlayerViewModel\" and not \"PlayerControlViewModel\".\r\n\r\nCatel should break when one of the postfixes is found and removed so it doesn't remove multiple.",
        "created_at": "2014-06-22T18:32:28Z",
        "closed": true,
        "labels": [
            "Improvement"
        ],
        "milestone": 12,
        "assignee": "geertvanhorrik"
    },
    "comments": [
        {
            "created_at": "2014-06-22T18:33:47Z",
            "body": "Comment created by @geertvanhorrik:\n\nFixed."
        },
        {
            "created_at": "2014-06-22T18:33:47Z",
            "body": "Issue was closed with resolution \"Fixed\""
        }
    ]
}