{
    "issue": {
        "title": "CTL-1029: Wrong method for adding logging listener in Catel.WPF.Application",
        "body": "Jira issue originally created by user anders:\n\nJust installed Catel and also downloaded the Templates. Created a new Catel.WPF.Application project, Installed Catel.Extensions.Controls Nuget package.\r\n\r\nCompiled\r\n\r\nGot \r\nSeverity\tCode\tDescription\tProject\tFile\tLine\tSuppression State\r\nError\tCS0117\t'LogManager' does not contain a definition for 'RegisterDebugListener'\tCatel1\tC:\\Users\\Anders\\Documents\\Visual Studio 2017\\ProjectsVS2017\\_Test\\Catel1\\Catel1\\App.xaml.cs\t19\tActive\r\n\r\nLooked at the LogManager class and found AddDebugListener\r\n\r\nReplaced and compiled. Everything works.\r\n\r\nIt's no big deal but it's better if the templates work...\r\n",
        "created_at": "2017-04-09T02:04:01Z",
        "closed": false,
        "labels": [
            "Bug"
        ],
        "milestone": 1,
        "assignee": "geertvanhorrik"
    },
    "comments": [
        {
            "created_at": "2017-04-09T02:45:28Z",
            "body": "Comment created by anders:\n\nHad a look into the other templates and they all call RegisterDebugListener"
        },
        {
            "created_at": "2017-04-09T11:09:19Z",
            "body": "Comment created by @geertvanhorrik:\n\nThanks for reporting, we will improve this for v5."
        }
    ]
}