{
    "issue": {
        "title": "CTL-255: ignore isdirty property ",
        "body": "Jira issue originally created by user rainman:\n\nhi\r\ni'm, working with ef 6  code first tec\r\nand inherited from catel modelbase class\r\ni want to ignore isdirty an some property from base class\r\nhow can i do that ?",
        "created_at": "2013-12-03T15:37:50Z",
        "closed": true,
        "labels": [
            "Task"
        ],
        "milestone": 15,
        "assignee": "geertvanhorrik"
    },
    "comments": [
        {
            "created_at": "2013-12-03T15:44:08Z",
            "body": "Comment created by @geertvanhorrik:\n\nPlease see these docs:\r\n\r\nhttps:\/\/catelproject.atlassian.net\/wiki\/display\/CTL\/Using<ins>ModelBase<\/ins>as<ins>base<\/ins>for+entities"
        },
        {
            "created_at": "2013-12-03T16:03:25Z",
            "body": "Comment created by rainman:\n\nI do what was written in doc\r\nbut when i execute update-database \r\nef make isdirty field !\r\n(i do not need \"isdirty,mod,isreadonly\" field in my tables)"
        },
        {
            "created_at": "2013-12-03T17:21:54Z",
            "body": "Comment created by @geertvanhorrik:\n\nAh, now I understand. We don't have a method to exclude such properties. I don't have experience with EF code-first, but they probably have an option to ignore specific properties?"
        },
        {
            "created_at": "2013-12-03T17:22:26Z",
            "body": "Comment created by @geertvanhorrik:\n\nAnd they do, see this question + answer:\r\n\r\nhttp:\/\/stackoverflow.com\/questions\/10385248\/ignoring-a-class-property-in-entity-framework-4-1-code-first"
        },
        {
            "created_at": "2013-12-03T18:06:25Z",
            "body": "Comment created by @geertvanhorrik:\n\nFixed. If this information is not sufficient, please let us know."
        },
        {
            "created_at": "2013-12-10T13:47:12Z",
            "body": "Comment created by rainman:\n\nhi\r\nthis way is ok . but i need a general way to ignore a property without ignore one by one\r\nbecause i have  many entity class"
        },
        {
            "created_at": "2013-12-10T20:09:55Z",
            "body": "Comment created by @geertvanhorrik:\n\nThat's because it's an EntityBase, it works for all entities."
        },
        {
            "created_at": "2013-12-03T18:06:25Z",
            "body": "Issue was closed with resolution \"Fixed\""
        }
    ]
}