{
    "issue": {
        "title": "CTL-321: LanguageService not working",
        "body": "Jira issue originally created by user Mythos:\n\nI've used the language service as shown here:\r\nhttps:\/\/catelproject.atlassian.net\/wiki\/display\/CTL\/Multilingual\r\nAnd as I'm using MahApps.Metro I've implemented everything from here:\r\nhttps:\/\/catelproject.atlassian.net\/wiki\/display\/CTL\/Using<ins>a<\/ins>custom+window?src=search\r\n\r\n\r\nOn my View nothing will be displayed. I've created a Resources.resx and a Resources.de.resx with following entry:\r\nKey = MenuSettings\r\nValue = Settings (en), Einstellungen (de)\r\n\r\nHere's my VM:\r\nhttps:\/\/gist.github.com\/Mythos94\/289e010f171d248b6164\r\nMy View:\r\nhttps:\/\/gist.github.com\/Mythos94\/143f3ccac1fdceb2793d\r\nAnd the view's xaml.cs:\r\nhttps:\/\/gist.github.com\/Mythos94\/43f5a7efe0f67dba3228",
        "created_at": "2014-02-02T15:30:46Z",
        "closed": true,
        "labels": [
            "Bug"
        ],
        "milestone": 13,
        "assignee": "geertvanhorrik"
    },
    "comments": [
        {
            "created_at": "2014-02-03T17:46:28Z",
            "body": "Comment created by @geertvanhorrik:\n\nNext time please upload a zip file with a complete project. Saves me a lot of time."
        },
        {
            "created_at": "2014-02-03T17:57:11Z",
            "body": "Comment created by @geertvanhorrik:\n\nSee attachment, it works as expected."
        },
        {
            "created_at": "2014-02-03T17:57:26Z",
            "body": "Comment created by @geertvanhorrik:\n\nCannot reproduce, see attachment, it shows a working example."
        },
        {
            "created_at": "2014-02-03T18:58:57Z",
            "body": "Comment created by Mythos:\n\nUnfortunately it's still not working.\r\nAnd I've not thought of using it in a xaml.cs file. I thought I can use the LanguageService from a VM.\r\n\r\nAs I can't add an attachment:\r\nhttps:\/\/drive.google.com\/file\/d\/0B6tGCa0MOsJya2NYc01zNW5WOGs\/edit?usp=sharing"
        },
        {
            "created_at": "2014-02-03T19:46:43Z",
            "body": "Comment created by @geertvanhorrik:\n\nWeird, maybe you couldn't upload an attachment because the issue was closed. I double checked the permission schemas, you should be able to."
        },
        {
            "created_at": "2014-02-03T19:47:07Z",
            "body": "Comment created by @geertvanhorrik:\n\nI will download your attachment and check it out."
        },
        {
            "created_at": "2014-02-03T19:49:39Z",
            "body": "Comment created by @geertvanhorrik:\n\n2 things:\r\n\r\n1) The assembly name is \"PassGen.Net\", not \"PassGen .Net\"\r\n2) The custom tool for the german translation was missing. You can check it by viewing the properties of the view, they should be the same as for \"Resources.resx\": ResXFileCodeGenerator"
        },
        {
            "created_at": "2014-02-06T08:48:11Z",
            "body": "Comment created by Mythos:\n\nThanks with the correct assembly name it works.\r\n\r\nWill there be a possibility to call that in a ViewModel instead of a xaml.cs file?\r\n(for dynamic language switching)"
        },
        {
            "created_at": "2014-02-03T19:49:43Z",
            "body": "Issue was closed with resolution \"Fixed\""
        }
    ]
}