{
    "issue": {
        "title": "CTL-369: Catel should ignore resetting of LeanAndMeanModel during serialization",
        "body": "Jira issue originally created by user @geertvanhorrik:\n\nI noticed that you are deserializing models with LeanAndMeanModel = true anyway. I don't know if this was the case in 3.3, or if it was added later, but the GlobalLeanAndMeanModel setting I was using in 3.3 never caused any problems. My issue occurred because of Line 116 of SerializerBase.deserialization.cs:\r\n\r\nvar previousLeanAndMeanValue = model.LeanAndMeanModel;\r\n\r\nThe property getter for model.LeanAndMeanModel includes the value of GlobalLeanAndMeanModel, so if you, for whatever reason, happen to have GlobalLeanAndMeanModel set to true during deserialization, then all models have their internal LeanAndMeanModel set to True after deserialization, through the previousLeanAndMeanValue variable, even if the internal value was False when it was serialized. Setting GlobalLeanAndMeanModel to False after deserializing did nothing and all my models no longer validated or called change notification events.\r\n",
        "created_at": "2014-02-27T17:12:33Z",
        "closed": true,
        "labels": [
            "Bug"
        ],
        "milestone": 12,
        "assignee": "geertvanhorrik"
    },
    "comments": [
        {
            "created_at": "2014-02-27T17:16:05Z",
            "body": "Comment created by @geertvanhorrik:\n\nThe solution is to not set \/ reset the setting when the GlobalLeanAndMean is set:\r\n\r\n```\r\nbool? previousLeanAndMeanValue = null;\r\nif (!ModelBase.GlobalLeanAndMeanModel)\r\n{\r\n    previousLeanAndMeanValue = model.LeanAndMeanModel;\r\n    model.LeanAndMeanModel = true;\r\n}\r\n```"
        },
        {
            "created_at": "2014-02-27T17:17:13Z",
            "body": "Comment created by @geertvanhorrik:\n\nFixed."
        },
        {
            "created_at": "2014-02-27T17:17:13Z",
            "body": "Issue was closed with resolution \"Fixed\""
        }
    ]
}