{
    "issue": {
        "title": "CTL-367: Add LogExtensions.LogProductInfo and LogExtensions.LogDeviceInfo",
        "body": "Jira issue originally created by user @geertvanhorrik:\n\nAdd log extensions to allow easy logging of product and device information.",
        "created_at": "2014-02-25T16:06:56Z",
        "closed": true,
        "labels": [
            "Improvement"
        ],
        "milestone": 12,
        "assignee": "geertvanhorrik"
    },
    "comments": [
        {
            "created_at": "2014-02-25T16:36:39Z",
            "body": "Comment created by @geertvanhorrik:\n\nDone."
        },
        {
            "created_at": "2014-02-25T16:36:39Z",
            "body": "Issue was closed with resolution \"Fixed\""
        }
    ]
}