{
    "issue": {
        "title": "CTL-131: Allow multiple ServiceLocatorRegistration attributes",
        "body": "Jira issue originally created by user @geertvanhorrik:\n\nShould be allowed to add multiple items.",
        "created_at": "2013-07-24T17:20:09Z",
        "closed": false,
        "labels": [
            "Task"
        ],
        "milestone": 23,
        "assignee": "geertvanhorrik"
    },
    "comments": [
        {
            "created_at": "2013-07-24T17:20:39Z",
            "body": "Comment created by @geertvanhorrik:\n\nMight give issues where two items contain the Singleton, who creates the type."
        },
        {
            "created_at": "2013-11-02T13:12:20Z",
            "body": "Comment created by @geertvanhorrik:\n\nMoved to 3.9"
        },
        {
            "created_at": "2013-11-11T18:36:46Z",
            "body": "Comment created by @geertvanhorrik:\n\nMultiple attributes might cause isues (what if one is registered singleton, the other one not, with diff. interfaces). It's better to allow the user to specify a list of interfaces for the registration. Then the ServiceLocator only needs a RegistrationGroup where the implementing service is the key. If one of the implementing interfaces are queried, then all are registered as instances (in case of singleton). In case of transient the types can be registered directly."
        }
    ]
}