{
    "issue": {
        "title": "CTL-143: [WIN80] UseControl content change subscription does not work",
        "body": "Jira issue originally created by user inTagger:\n\n",
        "created_at": "2013-07-31T19:02:17Z",
        "closed": true,
        "labels": [
            "Bug"
        ],
        "milestone": 16,
        "assignee": "geertvanhorrik"
    },
    "comments": [
        {
            "created_at": "2013-08-01T16:36:01Z",
            "body": "Comment created by inTagger:\n\nFixed this bug. Pull request will be soon."
        },
        {
            "created_at": "2013-08-01T22:04:19Z",
            "body": "Comment created by @geertvanhorrik:\n\nCool, thanks!"
        },
        {
            "created_at": "2013-08-01T22:15:10Z",
            "body": "Comment created by inTagger:\n\nActually subscription does work, but only if Content changes after InitializeComponents() is called in constructor.\r\nWhen we subscribe to Content property changes before calling of InitializeComponents(), Content is set while execution of the InitializeComponents() but binding is not updated.\r\n\r\nI set triggering viewModelGrid creation after control is loaded. And left binding to the Content property, think it would be better, in case of arbitrary change of the Content _viewModelGrid will be automatically recreated."
        },
        {
            "created_at": "2013-08-01T23:22:52Z",
            "body": "Comment created by @geertvanhorrik:\n\nAccepted the pull request. To make it less \"breaking\", I added this to the CreateViewModelGrid at the end:\n\n#if NETFX_CORE\n            TargetControl.Dispatcher.RunAsync(CoreDispatcherPriority.High, () => update());\n#else\n            TargetControl.Dispatcher.Invoke(update);\n#endif\n\nSo for non-WIN80, it will be dispatched, but for other platforms the logic will remain the same as much as possible."
        },
        {
            "created_at": "2013-08-02T16:56:05Z",
            "body": "Comment created by @geertvanhorrik:\n\nLooks good so far in all the example apps. Closing the issue. Thank you very much for the pull request."
        },
        {
            "created_at": "2013-08-02T16:56:19Z",
            "body": "Issue was closed with resolution \"Fixed\""
        }
    ]
}