{
    "issue": {
        "title": "CTL-508: Add SeqLogListener",
        "body": "Jira issue originally created by user rajiv.mounguengue:\n\nProvide a Seq (http:\/\/getseq.net\/) log listener",
        "created_at": "2014-08-18T09:41:02Z",
        "closed": true,
        "labels": [
            "New Feature"
        ],
        "milestone": 12
    },
    "comments": [
        {
            "created_at": "2014-08-20T08:48:01Z",
            "body": "Comment created by rajiv.mounguengue:\n\nDone."
        },
        {
            "created_at": "2014-08-20T08:48:01Z",
            "body": "Issue was closed with resolution \"Fixed\""
        }
    ]
}