{
    "issue": {
        "title": "CTL-274: change direction and message in validation summary",
        "body": "Jira issue originally created by user rainman:\n\nhow can i change the direction and message of validation summary in\r\ntop of the window \r\n",
        "created_at": "2013-12-14T17:54:29Z",
        "closed": true,
        "labels": [
            "Task"
        ],
        "milestone": 13,
        "assignee": "geertvanhorrik"
    },
    "comments": [
        {
            "created_at": "2013-12-14T17:56:12Z",
            "body": "Comment created by @geertvanhorrik:\n\nI don't know what you mean by \"direction\", but you can change the text by using the InfoBarMessageControl.DefaultTextPropertyValue property."
        },
        {
            "created_at": "2013-12-17T18:07:40Z",
            "body": "Comment created by @geertvanhorrik:\n\nPlease provide additional information, otherwise we will close this issue as \"incomplete\"."
        },
        {
            "created_at": "2013-12-23T14:28:44Z",
            "body": "Issue was closed with resolution \"Incomplete\""
        }
    ]
}