{
    "issue": {
        "title": "CTL-495: redundant code in OnViewModelClosed",
        "body": "Jira issue originally created by user Towelie:\n\n",
        "created_at": "2014-07-20T21:42:17Z",
        "closed": true,
        "labels": [
            "Bug"
        ],
        "milestone": 12,
        "assignee": "geertvanhorrik"
    },
    "comments": [
        {
            "created_at": "2014-08-11T12:10:22Z",
            "body": "Comment created by @geertvanhorrik:\n\nFixed in pull request:\r\n\r\nhttps:\/\/github.com\/Catel\/Catel\/pull\/31"
        },
        {
            "created_at": "2014-08-11T12:10:22Z",
            "body": "Issue was closed with resolution \"Fixed\""
        }
    ]
}