{
    "issue": {
        "title": "CTL-345: Catel.Fody.ExposeAttribute malfunction ?",
        "body": "Jira issue originally created by user abaka:\n\nI have a simple model which contains two string properties.\r\nAnd in my viewmodel : I decorate the model instance with [model] attribute and expose the properties via Catel.Fody.\r\nI get Binding error in output and it says it cannot find properties on viewmodel.\r\n\r\nHowever, if I create the properties with vmprop snippet and decorate them with [ViewModelToModel(\"CustomModel\")] attribute, bindings works correctly.\r\n\r\nI wonder if anyone encounters this problem, or i couldnt get Fody to work.\r\nI am new to Fody. All i need is Fody nuget package and Catel.Fody.Attributes dll right ?\r\n\r\nIs there anything i am missing? Thanks in advance",
        "created_at": "2014-02-14T09:51:04Z",
        "closed": true,
        "labels": [
            "Bug"
        ],
        "milestone": 12,
        "assignee": "geertvanhorrik"
    },
    "comments": [
        {
            "created_at": "2014-02-14T10:02:41Z",
            "body": "Comment created by @geertvanhorrik:\n\nMake sure that your FodyWeavers.xml in the project contains <Catel \/>."
        },
        {
            "created_at": "2014-02-14T10:28:04Z",
            "body": "Comment created by abaka:\n\nYes i had updated  FodyWeavers.xml in every project, made sure they contain <Catel \/>. But no luck so far."
        },
        {
            "created_at": "2014-02-14T10:29:58Z",
            "body": "Comment created by @geertvanhorrik:\n\nPlease update an example project to this issue so I can take a look. Hard to say what the issue is, but I used it on **many** projects and we have unit tested all known cases in Fody."
        },
        {
            "created_at": "2014-02-14T10:34:42Z",
            "body": "Comment created by abaka:\n\nMy model hierarchy is like :\r\n\r\npublic class CustomModel : CustomModelBase<T> {}\r\n.\r\n.\r\npublic class  CustomModelBase<T> : ModelBase {}"
        },
        {
            "created_at": "2014-02-14T10:35:06Z",
            "body": "Comment created by abaka:\n\nOk i am trying to make a repro right now"
        },
        {
            "created_at": "2014-02-14T10:43:56Z",
            "body": "Comment created by @geertvanhorrik:\n\nWe had issues with generic base classes in previous versions of Fody, but these should be solved. Please upload the repro, then I will check out the resulting assembly."
        },
        {
            "created_at": "2014-02-14T11:34:22Z",
            "body": "Comment created by abaka:\n\nI prepared a sample project and it seems to work properly.\r\nObviously i am missing something in my application.\r\nI will investigate further and let you know the result in a few hours."
        },
        {
            "created_at": "2014-02-14T12:45:02Z",
            "body": "Comment created by @geertvanhorrik:\n\nHave you tested with the same model structure?"
        },
        {
            "created_at": "2014-02-14T17:02:15Z",
            "body": "Comment created by abaka:\n\nYes, I have tested with the same model structure and  could not reproduce the issue.\r\n\r\nThe only thing i found is in my sample project, if i remove <Catel \/> tag from FodyWeavers.xml , i get a compile time error like : \"Fody : You don`t seem to have configured any weavers...\"\r\nIn my real project environment, i don`t get an error. Maybe it is related to something like this. \r\nI've tried to reinstall fody, but it changed nothing.\r\n\r\nI am still searching for a solution."
        },
        {
            "created_at": "2014-02-14T17:06:03Z",
            "body": "Comment created by @geertvanhorrik:\n\nThen it looks like you need to re-install fody to your projects."
        },
        {
            "created_at": "2014-02-14T17:20:43Z",
            "body": "Comment created by abaka:\n\nI did that, and doing again now."
        },
        {
            "created_at": "2014-02-17T09:25:36Z",
            "body": "Comment created by abaka:\n\nI think the problem may be related to security since my project is source controlled.\r\n\r\nWhen i try to install package 'Catel.Fody' through the package manager console, it installs the package ,but it gives an exception afterwards : \r\n\"....Catel.Fody.1.7.0\\tools\\install.ps1 is not digitally signed. You cannot run this script on the current system.\"\r\n    <ins> CategoryInfo             : SecurityError: ( : ) [], PSSecurityException\r\n    <\/ins> FullyQualifiedErrorId : UnauthorizedAccess\r\n\r\nOn my other sample project, the script was run successfully.\r\n\r\nIs there any way to make this `install.ps1` digitally signed ? Or will i need to be a TFS admin?"
        },
        {
            "created_at": "2014-02-17T17:45:45Z",
            "body": "Comment created by @geertvanhorrik:\n\nHmm, I have not digitally signed anything. It might be a nuget thing. Let me think about this."
        },
        {
            "created_at": "2014-02-17T19:25:56Z",
            "body": "Comment created by @geertvanhorrik:\n\nCan you make sure to get the latest version of the NuGet Package Manager. Also, are you running on a network drive? See [this StackOverflow question](http:\/\/stackoverflow.com\/questions\/11306339\/nuget-execution-policy-errors-when-installing-mvcscaffolding-package) for details."
        },
        {
            "created_at": "2014-02-17T19:48:31Z",
            "body": "Comment created by abaka:\n\nYes, I am running on a network drive.\r\nI will post the details after i try the solution."
        },
        {
            "created_at": "2014-02-17T20:50:20Z",
            "body": "Comment created by abaka:\n\nI reinstalled Catel.Fody manually for each project with Package Manager Console. \r\nAfter executing command : \r\n\"Set-ExecutionPolicy Bypass -Scope Process\", the scripts ran successfully at last.\r\n\r\nI will check with my colleagues tomorrow and let you know the results,  As a result, Expose attribute is working like a charm on my machine now.\r\n\r\nThank you Geert."
        },
        {
            "created_at": "2014-02-17T21:05:22Z",
            "body": "Comment created by @geertvanhorrik:\n\nThanks for keeping us up-to-date. I will close the issue now. If the issue remains, feel free to re-open the ticket."
        },
        {
            "created_at": "2014-02-18T09:17:26Z",
            "body": "Comment created by @geertvanhorrik:\n\nIssue with network mapping and nuget."
        },
        {
            "created_at": "2014-02-18T09:17:26Z",
            "body": "Issue was closed with resolution \"Fixed\""
        }
    ]
}