{
    "issue": {
        "title": "CTL-243: Weaving Expose Property Error",
        "body": "Jira issue originally created by user Bitfiddler:\n\nError\t1\tFody: An unhandled exception occurred:\r\nException:\r\nMember 'System.Double' is declared in another module and needs to be imported\r\nStackTrace:\r\nat Mono.Cecil.MetadataBuilder.LookupToken(IMetadataTokenProvider provider) in c:\\Code\\cecil\\Mono.Cecil\\AssemblyWriter.cs:line 1963\r\nat Mono.Cecil.Cil.CodeWriter.WriteOperand(Instruction instruction) in c:\\Code\\cecil\\Mono.Cecil.Cil\\CodeWriter.cs:line 263\r\nat Mono.Cecil.Cil.CodeWriter.WriteInstructions() in c:\\Code\\cecil\\Mono.Cecil.Cil\\CodeWriter.cs:line 176\r\nat Mono.Cecil.Cil.CodeWriter.WriteResolvedMethodBody(MethodDefinition method) in c:\\Code\\cecil\\Mono.Cecil.Cil\\CodeWriter.cs:line 138\r\nat Mono.Cecil.Cil.CodeWriter.WriteMethodBody(MethodDefinition method) in c:\\Code\\cecil\\Mono.Cecil.Cil\\CodeWriter.cs:line 74\r\nat Mono.Cecil.MetadataBuilder.AddMethod(MethodDefinition method) in c:\\Code\\cecil\\Mono.Cecil\\AssemblyWriter.cs:line 1408\r\nat Mono.Cecil.MetadataBuilder.AddMethods(TypeDefinition type) in c:\\Code\\cecil\\Mono.Cecil\\AssemblyWriter.cs:line 1402\r\nat Mono.Cecil.MetadataBuilder.AddType(TypeDefinition type) in c:\\Code\\cecil\\Mono.Cecil\\AssemblyWriter.cs:line 1238\r\nat Mono.Cecil.MetadataBuilder.AddTypeDefs() in c:\\Code\\cecil\\Mono.Cecil\\AssemblyWriter.cs:line 1211\r\nat Mono.Cecil.MetadataBuilder.BuildTypes() in c:\\Code\\cecil\\Mono.Cecil\\AssemblyWriter.cs:line 1068\r\nat Mono.Cecil.MetadataBuilder.BuildModule() in c:\\Code\\cecil\\Mono.Cecil\\AssemblyWriter.cs:line 850\r\nat Mono.Cecil.ModuleWriter.<BuildMetadata>b*_0(MetadataBuilder builder, MetadataReader *) in c:\\Code\\cecil\\Mono.Cecil\\AssemblyWriter.cs:line 133\r\nat Mono.Cecil.ModuleDefinition.ReadTItem,TRet(TItem item, Func`3 read) in c:\\Code\\cecil\\Mono.Cecil\\ModuleDefinition.cs:line 758\r\nat Mono.Cecil.ModuleWriter.BuildMetadata(ModuleDefinition module, MetadataBuilder metadata) in c:\\Code\\cecil\\Mono.Cecil\\AssemblyWriter.cs:line 132\r\nat Mono.Cecil.ModuleWriter.WriteModuleTo(ModuleDefinition module, Stream stream, WriterParameters parameters) in c:\\Code\\cecil\\Mono.Cecil\\AssemblyWriter.cs:line 108\r\nat Mono.Cecil.ModuleDefinition.Write(Stream stream, WriterParameters parameters) in c:\\Code\\cecil\\Mono.Cecil\\ModuleDefinition.cs:line 933\r\nat Mono.Cecil.ModuleDefinition.Write(String fileName, WriterParameters parameters) in c:\\Code\\cecil\\Mono.Cecil\\ModuleDefinition.cs:line 922\r\nat InnerWeaver.WriteModule() in c:\\TeamCity\\buildAgent\\work\\7495521761d392b9\\FodyIsolated\\ModuleWriter.cs:line 20\r\nat InnerWeaver.Execute() in c:\\TeamCity\\buildAgent\\work\\7495521761d392b9\\FodyIsolated\\InnerWeaver.cs:line 34\r\nSource:\r\nMono.Cecil\r\nTargetSite:\r\nMono.Cecil.MetadataToken LookupToken(Mono.Cecil.IMetadataTokenProvider)\r\nPetersco.PAF.FX\r\n\r\n\r\nUsing Simple ViewModel:\r\n\r\nusing Catel;\r\nusing Catel.Messaging;\r\nusing Catel.MVVM;\r\nusing DAL.Model;\r\nusing FodyExpose = Catel.Fody.ExposeAttribute ;\r\nusing ViewModelBase = Common.ViewModels.ViewModelBase;\r\npublic class TradeViewModel : ViewModelBase\r\n{\r\npublic TradeViewModel(ITrade theTrade, IMessageMediator messageMediator) : base(messageMediator)\r\n{ Argument.IsNotNull(() => theTrade); SelectedTrade = theTrade; }\r\nModel\r\n[FodyExpose(\"TradeDate\")]\r\n[FodyExpose(\"SettleDate\")]\r\n[FodyExpose(\"AccountType\")]\r\n[FodyExpose(\"BuySell\")]\r\n[FodyExpose(\"Symbol\")]\r\n[FodyExpose(\"Volume\")]\r\n[FodyExpose(\"StockPrice\")]\r\n[FodyExpose(\"QuotedRate\")]\r\n[FodyExpose(\"UserName\")]\r\n[FodyExpose(\"Comments\")]\r\npublic ITrade SelectedTrade\r\n{ get; set; }\r\n}",
        "created_at": "2013-11-21T02:29:24Z",
        "closed": true,
        "labels": [
            "Bug"
        ],
        "milestone": 15,
        "assignee": "geertvanhorrik"
    },
    "comments": [
        {
            "body": "empty body",
            "created_at": "2013-11-21T02:29:24Z"
        },
        {
            "created_at": "2013-11-21T12:38:05Z",
            "body": "Comment created by @geertvanhorrik:\n\nThanks for this issue. We will look into it ASAP."
        },
        {
            "created_at": "2013-11-22T12:59:41Z",
            "body": "Comment created by @geertvanhorrik:\n\nShould be fixed now. Currently releasing a new version (nightly build) of Catel.Fody."
        },
        {
            "created_at": "2013-11-22T12:59:59Z",
            "body": "Comment created by @geertvanhorrik:\n\nAnd it's done. Please let us know if the issue is fixed now."
        },
        {
            "created_at": "2013-11-26T00:30:19Z",
            "body": "Comment created by Bitfiddler:\n\nJust got around to updating to the latest build.  Works like a charm!  Many thanks Geert (or do you prefer Mr. Van Horrik?).  Was this error something that could be captured in a unit test (just curious) or was it a referencing problem?"
        },
        {
            "created_at": "2013-11-26T06:50:15Z",
            "body": "Comment created by @geertvanhorrik:\n\nI prefer Geert ;-)\r\n\r\nIn have indeed written unit tests for this. In mono.cecil (which fody uses), you must explicitly import types from external assemblies."
        },
        {
            "created_at": "2013-11-22T12:59:41Z",
            "body": "Issue was closed with resolution \"Fixed\""
        }
    ]
}