{
    "issue": {
        "title": "CTL-18: Write unit tests for entity framework extension",
        "body": "Jira issue originally created by user @geertvanhorrik:\n\nUnit tests must be written.",
        "created_at": "2013-03-08T18:23:47Z",
        "closed": true,
        "labels": [
            "Task"
        ],
        "milestone": 17,
        "assignee": "geertvanhorrik"
    },
    "comments": [
        {
            "body": "empty body",
            "created_at": "2013-03-08T18:23:47Z"
        },
        {
            "created_at": "2013-04-22T19:43:52Z",
            "body": "Issue was closed with resolution \"Duplicate\""
        }
    ]
}