{
    "issue": {
        "title": "CTL-517: NullReferenceException in TraceOutputControl",
        "body": "Jira issue originally created by user galead:\n\nWhen using TraceOutputControl as described in https:\/\/catelproject.atlassian.net\/wiki\/display\/CTL\/TraceOutputControl,\r\nit throws NullReferenceException in AutoScroll behavior which is used internally.\r\n\r\nPossible working solution is to wrap TraceOutputControl in ScrollViewer:\r\n\r\n    <ScrollViewer>\r\n        <catel:TraceOutputControl\/>\r\n    <\/ScrollViewer>",
        "created_at": "2014-08-28T13:41:17Z",
        "closed": true,
        "labels": [
            "Bug"
        ],
        "milestone": 12,
        "assignee": "geertvanhorrik"
    },
    "comments": [
        {
            "created_at": "2014-08-28T13:43:10Z",
            "body": "Comment created by @geertvanhorrik:\n\nHaven't encountered it yet. I think it's best to fix the behavior instead."
        },
        {
            "created_at": "2014-08-28T14:25:55Z",
            "body": "Comment created by galead:\n\nAdditional info: TraceOutputControl is working OK in general Window, but throwing exception when used in Catel DataWindow."
        },
        {
            "created_at": "2014-08-28T14:35:12Z",
            "body": "Comment created by @geertvanhorrik:\n\nCommitted possible fix. Is it possible for you to test the latest suorce or do you need a NuGet package release?"
        },
        {
            "created_at": "2014-08-28T15:00:18Z",
            "body": "Comment created by galead:\n\nI can't load shared projects in my VS2012, so have a NuGet package release would be nice..."
        },
        {
            "created_at": "2014-08-28T17:49:23Z",
            "body": "Comment created by @geertvanhorrik:\n\nOk, just started the build. Will take about 30 minutes."
        },
        {
            "created_at": "2014-08-28T18:20:34Z",
            "body": "Comment created by galead:\n\nThanks, I've tried new build and it solved the issue! "
        },
        {
            "created_at": "2014-08-28T19:35:40Z",
            "body": "Comment created by @geertvanhorrik:\n\nThanks for the fast response."
        },
        {
            "created_at": "2014-08-28T19:35:40Z",
            "body": "Issue was closed with resolution \"Fixed\""
        }
    ]
}