{
    "issue": {
        "title": "CTL-294: ServiceLocator does not throw CircularDependencyException for some cases",
        "body": "Jira issue originally created by user @geertvanhorrik:\n\nIn some cases the servicelocator does not throw a CircularDependencyException when it should.",
        "created_at": "2014-01-09T15:44:06Z",
        "closed": true,
        "labels": [
            "Bug"
        ],
        "milestone": 13,
        "assignee": "geertvanhorrik"
    },
    "comments": [
        {
            "created_at": "2014-01-09T15:58:48Z",
            "body": "Comment created by @geertvanhorrik:\n\nDone."
        },
        {
            "created_at": "2014-01-09T15:58:48Z",
            "body": "Issue was closed with resolution \"Fixed\""
        }
    ]
}