{
    "issue": {
        "title": "CTL-401: PleaseWaitService disappear",
        "body": "Jira issue originally created by user Rawukal:\n\nThe PleaseWaitService disappear when the program is minimized and then maximized again.",
        "created_at": "2014-04-01T10:06:53Z",
        "closed": true,
        "labels": [
            "Bug"
        ],
        "assignee": "geertvanhorrik"
    },
    "comments": [
        {
            "created_at": "2014-04-01T22:53:19Z",
            "body": "Comment created by @geertvanhorrik:\n\nI will put this on 4.2 because I want to keep the releases as small as possible (but supporting Xamarin is much more work then expected)."
        },
        {
            "created_at": "2015-03-18T19:09:00Z",
            "body": "Comment created by @geertvanhorrik:\n\n[~Rawukal], is this still relevant? Otherwise I will close this issue."
        },
        {
            "created_at": "2015-03-26T09:55:52Z",
            "body": "Comment created by @geertvanhorrik:\n\nNo response, closing issue."
        },
        {
            "created_at": "2015-03-26T09:55:52Z",
            "body": "Issue was closed with resolution \"Won't Fix\""
        }
    ]
}