{
    "issue": {
        "title": "CTL-469: Add async methods to the ICacheStorage",
        "body": "Jira issue originally created by user @geertvanhorrik:\n\nSubscribing in the cache can sometimes be a long-runner action. The registrations should support async as well.",
        "created_at": "2014-06-22T05:37:12Z",
        "closed": true,
        "labels": [
            "Improvement"
        ],
        "milestone": 12,
        "assignee": "geertvanhorrik"
    },
    "comments": [
        {
            "created_at": "2014-06-22T17:42:59Z",
            "body": "Comment created by @geertvanhorrik:\n\nDone."
        },
        {
            "created_at": "2014-06-22T17:42:59Z",
            "body": "Issue was closed with resolution \"Fixed\""
        }
    ]
}