{
    "issue": {
        "title": "CTL-368: XmlSerializer does not correctly serialize ICollection<AbstractClass>",
        "body": "Jira issue originally created by user @geertvanhorrik:\n\nDeserialization of generic classes with abstract classes is not correctly handled by Catel.",
        "created_at": "2014-02-26T20:04:32Z",
        "closed": true,
        "labels": [
            "Bug"
        ],
        "milestone": 12,
        "assignee": "geertvanhorrik"
    },
    "comments": [
        {
            "created_at": "2014-02-26T20:10:19Z",
            "body": "Comment created by @geertvanhorrik:\n\nWriting unit tests."
        },
        {
            "created_at": "2014-02-26T20:23:59Z",
            "body": "Comment created by @geertvanhorrik:\n\nFixed."
        },
        {
            "created_at": "2014-02-26T20:23:59Z",
            "body": "Issue was closed with resolution \"Fixed\""
        }
    ]
}