{
    "issue": {
        "title": "CTL-206: PleaseWaitService UpdateStatus in for loop",
        "body": "Jira issue originally created by user mrmiagi0101:\n\nprivate void Button_Click(object sender, RoutedEventArgs e)\r\n    {\r\n      ServiceLocator.Default.ResolveType<IPleaseWaitService>().Show(\"dsdsdsd\");\r\n\r\n      for (int i = 1; i < 100; i<ins><\/ins>)\r\n      {\r\n        Thread.Sleep(500);\r\n        ServiceLocator.Default.ResolveType<IPleaseWaitService>().UpdateStatus(i.ToString());\r\n      }\r\n    }\r\n\r\nThe status is text is only updated the firstTime. Then always (5 runs tested) if i = 10, but after this nomore updates of the text?",
        "created_at": "2013-10-21T16:48:31Z",
        "closed": true,
        "labels": [
            "Bug"
        ],
        "assignee": "geertvanhorrik"
    },
    "comments": [
        {
            "body": "empty body",
            "created_at": "2013-10-21T16:48:31Z"
        },
        {
            "created_at": "2013-10-21T21:18:37Z",
            "body": "Comment created by @geertvanhorrik:\n\nThis is because you are not running the updates in a background thread. Then the UI is busy executing your stuff (and the Thread.Sleep) instead of updating the UI.\r\n\r\nJust run the code in a background thread and it will all update fine."
        },
        {
            "created_at": "2013-10-21T22:46:10Z",
            "body": "Comment created by @geertvanhorrik:\n\nQuestion is answered."
        },
        {
            "created_at": "2013-10-22T18:14:36Z",
            "body": "Comment created by mrmiagi0101:\n\nYes I know. I thought your PleaseWaitWindow can handle this... \r\nAt the moment I fixed it by call DoEvents in a child class of your pleaseWaitHelper, not nice but works.\r\n\r\nWhy not creating the window in a seperate STA Thread? "
        },
        {
            "created_at": "2013-10-22T18:33:40Z",
            "body": "Comment created by @geertvanhorrik:\n\nWe have considered that, but we wrote it a long, long time ago. Don't want to open up that wound ;-)\r\n\r\nBut we do accept pull requests! ;-)"
        },
        {
            "created_at": "2013-11-01T16:19:08Z",
            "body": "Comment created by @geertvanhorrik:\n\nMarked the PleaseWaitHelper as obsolete and moved all code to the PleaseWaitService. The PleaseWaitWindow is now fully created in the background thread."
        },
        {
            "created_at": "2013-11-02T13:09:04Z",
            "body": "Comment created by @geertvanhorrik:\n\nCreated feature branch for this. Running everything in the background disables the blurring of the active window when the PleaseWaitWindow is shown. I can now actively modify the status in a for-loop, but the question is: is it worth it to disable the dimming feature."
        },
        {
            "created_at": "2013-11-02T13:18:34Z",
            "body": "Comment created by nicolo:\n\nIn my opinion yes, also if the dimming feature is generaly disabled with PleaseWaitWindow (also for those which don't use the *UpdateStatus* method). With a non responsive PleaseWaitWindow the UpdateStatus method wouldn't make sense."
        },
        {
            "created_at": "2013-11-02T13:38:37Z",
            "body": "Comment created by @geertvanhorrik:\n\nI will consider this. Give me a few days to think about it. It's a change with a lot of impact to the end-users as well."
        },
        {
            "created_at": "2014-04-06T20:46:26Z",
            "body": "Comment created by @geertvanhorrik:\n\nMoved to 4.1"
        },
        {
            "created_at": "2015-05-05T13:11:31Z",
            "body": "Comment created by @geertvanhorrik:\n\nWe won't fix any multithreading stuff in the PleaseWaitService. We use a simple busy indicator using the mouse in Orchestra and other apps.\r\n\r\nIf the UI should stay response, use a background worker or use async \/ await."
        },
        {
            "created_at": "2015-05-05T13:11:31Z",
            "body": "Issue was closed with resolution \"Won't Fix\""
        }
    ]
}