{
    "issue": {
        "title": "CTL-170: Pdf documentation",
        "body": "Jira issue originally created by user nix:\n\nOne of the feature in Confluence is the ability to export the content of a whole space as a Pdf file. If you, as a space admin, go to Browse\/Space Operations, you have the function PDF Export to easily create a Pdf of all pages.\r\nThis could be useful to consult offline.\r\n\r\nI'm not sure that the Confluence On demand has this function. In the case that the export is available, may you consider to offer a download for the pdf file?",
        "created_at": "2013-09-05T13:10:32Z",
        "closed": true,
        "labels": [
            "New Feature"
        ],
        "milestone": 15,
        "assignee": "geertvanhorrik"
    },
    "comments": [
        {
            "created_at": "2013-09-05T21:39:03Z",
            "body": "Comment created by @geertvanhorrik:\n\nWe will consider this. The disadvantage of that is that we cannot keep that docs up-to-date, and when should we re-generate?"
        },
        {
            "created_at": "2013-09-05T22:41:13Z",
            "body": "Comment created by nix:\n\nI think that the up-to-date version must be the on line latest space; but I've seen that when you released in the past a new version, you created a new space for the latest and a old numbered space for the released version. You may create a pdf version of this closed space as a step in the release process. \nThis leaves us with a documentation for the last released version, while the documentation of the next release will be updated in the \"latest\" space.\n\nConsider that if I am using the 3.6 stable release, the documentation you are actually updating in the Latest space is not relevant to me. "
        },
        {
            "created_at": "2013-09-14T10:32:01Z",
            "body": "Comment created by @geertvanhorrik:\n\nIncluded in release steps, pdf documentation will be available for all versions."
        },
        {
            "created_at": "2013-09-14T10:37:07Z",
            "body": "Comment created by @geertvanhorrik:\n\nAdded 3.6 docs to the github release:\n\nhttps:\/\/github.com\/Catel\/Catel\/releases\/tag\/3.6"
        },
        {
            "created_at": "2013-09-14T10:37:14Z",
            "body": "Issue was closed with resolution \"Fixed\""
        }
    ]
}