{
    "issue": {
        "title": "CTL-374: SplashScreenService exception handling",
        "body": "Jira issue originally created by user Towelie:\n\nHello.\r\n\r\nWhen somewhere in task executed in SplashScreenService exception rises and there is no exception handler in user code for it, service catching it and displaying a message box without referencing on this exception. \r\n\r\nI think it can be improved buy using IExceptionService to handle it.\r\nI haven't already faced with IExceptionService, but after reading docs, i can assume that to solve this you should create new type of exception, like SplashScreenExecutionException which would include inner exception happened in task and register default handler for it which would show a default message box like it happens now.\r\n\r\nIt would be good if IExceptionService will behave the same way as   DependencyResolver, ie user can register a handler not only for type of exception globally, but register handler for exception for this class type or instance.\r\n\r\nThus, this problem can be split into two.",
        "created_at": "2014-03-02T16:36:35Z",
        "closed": true,
        "labels": [
            "Improvement"
        ],
        "milestone": 12,
        "assignee": "geertvanhorrik"
    },
    "comments": [
        {
            "created_at": "2014-03-09T12:44:47Z",
            "body": "Comment created by @geertvanhorrik:\n\nCustom exception introduced: SplashScreenException"
        },
        {
            "created_at": "2014-03-09T12:52:26Z",
            "body": "Comment created by @geertvanhorrik:\n\nDone."
        },
        {
            "created_at": "2014-03-09T12:52:26Z",
            "body": "Issue was closed with resolution \"Fixed\""
        }
    ]
}