{
    "issue": {
        "title": "CTL-10: multi-language support",
        "body": "Jira issue originally created by user @geertvanhorrik:\n\nAt the moment, this is not possible. However, if you implement a provider (IResourceProvider) that provides a GetResources(string), then we can easily integrate it. We already created a \"ResourceHelper\" to allow the same resources to be used by .NET and WinRT. Maybe we can re-use it.",
        "created_at": "2013-03-03T16:18:58Z",
        "closed": true,
        "labels": [
            "Task"
        ],
        "milestone": 13,
        "assignee": "geertvanhorrik"
    },
    "comments": [
        {
            "created_at": "2013-10-19T14:21:21Z",
            "body": "Comment created by @geertvanhorrik:\n\nMoved to 4.0"
        },
        {
            "created_at": "2014-01-23T19:03:09Z",
            "body": "Comment created by @geertvanhorrik:\n\nWritten documentation."
        },
        {
            "created_at": "2014-01-23T19:10:29Z",
            "body": "Comment created by @geertvanhorrik:\n\nRefactoring ResourceHelper so it no longer requires the calling type."
        },
        {
            "created_at": "2014-01-23T19:27:13Z",
            "body": "Comment created by @geertvanhorrik:\n\nMerged to develop branch."
        },
        {
            "created_at": "2014-01-31T14:42:32Z",
            "body": "Issue was closed with resolution \"Fixed\""
        }
    ]
}