{
    "issue": {
        "title": "CTL-364: DbContextExtensions.GetEntitySet throws InvalidCastException in EF6",
        "body": "Jira issue originally created by user @geertvanhorrik:\n\nUnable to cast object of type 'System.Data.Entity.Core.Metadata.Edm.EntitySet' to type 'System.Data.Metadata.Edm.EntitySet'.",
        "created_at": "2014-02-24T17:57:59Z",
        "closed": true,
        "labels": [
            "Bug"
        ],
        "milestone": 12,
        "assignee": "geertvanhorrik"
    },
    "comments": [
        {
            "created_at": "2014-02-24T17:59:03Z",
            "body": "Comment created by @geertvanhorrik:\n\nFixed."
        },
        {
            "created_at": "2014-02-24T17:59:03Z",
            "body": "Issue was closed with resolution \"Fixed\""
        }
    ]
}