{
    "issue": {
        "title": "CTL-29: Build protection for TypeFactory stackoverflow",
        "body": "Jira issue originally created by user @geertvanhorrik:\n\nIf there are 2 classes:\r\n\r\npublic class X\r\n{\r\n    public X(Y y);\r\n}\r\n\r\npublic class Y\r\n{\r\n    public Y(X x);\r\n}\r\n\r\nThen a stackoverflow will occur. This should be implemented with a security check so it throws a better descriptive excepion.",
        "created_at": "2013-03-20T10:35:08Z",
        "closed": true,
        "labels": [
            "Task"
        ],
        "milestone": 17,
        "assignee": "geertvanhorrik"
    },
    "comments": [
        {
            "created_at": "2013-04-08T19:34:22Z",
            "body": "Comment created by @geertvanhorrik:\n\nCreating TypePath which is a path of types in which types should be constructed. In a later stade it should be possible to check the integrity of the container by calling IServiceLocator.ValidateContainerIntegrity."
        },
        {
            "created_at": "2013-04-09T22:23:55Z",
            "body": "Comment created by @geertvanhorrik:\n\nLogic => Done\nUnit tests => Done\n\nOnly need to write documentation"
        },
        {
            "created_at": "2013-04-12T00:18:57Z",
            "body": "Comment created by @geertvanhorrik:\n\nFully documented as well."
        },
        {
            "created_at": "2013-04-12T00:18:57Z",
            "body": "Issue was closed with resolution \"Fixed\""
        }
    ]
}