{
    "issue": {
        "title": "CTL-333: IExceptionService.ProcessAsync for NET40",
        "body": "Jira issue originally created by user rajiv.mounguengue:\n\nShould provide the ProcessAsync for NET40",
        "created_at": "2014-02-11T08:58:08Z",
        "closed": true,
        "labels": [
            "Improvement"
        ],
        "milestone": 12
    },
    "comments": [
        {
            "created_at": "2014-02-11T11:50:09Z",
            "body": "Comment created by rajiv.mounguengue:\n\nDone."
        },
        {
            "created_at": "2014-02-11T11:50:09Z",
            "body": "Issue was closed with resolution \"Fixed\""
        }
    ]
}