{
    "issue": {
        "title": "CTL-326: Do not validate non-public properties via data annotations",
        "body": "Jira issue originally created by user @geertvanhorrik:\n\nWhen validating properties, first chance exceptions occur when validating non-public properties.",
        "created_at": "2014-02-06T13:33:42Z",
        "closed": true,
        "labels": [
            "Improvement"
        ],
        "milestone": 12,
        "assignee": "geertvanhorrik"
    },
    "comments": [
        {
            "created_at": "2014-02-06T14:02:44Z",
            "body": "Comment created by @geertvanhorrik:\n\nDone!"
        },
        {
            "created_at": "2014-02-06T14:02:44Z",
            "body": "Issue was closed with resolution \"Fixed\""
        }
    ]
}