{
    "issue": {
        "title": "CTL-151: Mark GetService on ViewModelBase and ServiceBase as obsolete",
        "body": "Jira issue originally created by user @geertvanhorrik:\n\nIt is better to inject dependencies via the constructor of a type.",
        "created_at": "2013-08-11T18:21:44Z",
        "closed": true,
        "labels": [
            "Task"
        ],
        "milestone": 16,
        "assignee": "geertvanhorrik"
    },
    "comments": [
        {
            "created_at": "2013-08-11T18:24:44Z",
            "body": "Comment created by @geertvanhorrik:\n\nDone."
        },
        {
            "created_at": "2013-10-22T10:26:21Z",
            "body": "Comment created by Siddy74:\n\nHi Geert,\r\n\r\ndo you have a example what i must doing to remove the GetService function?\r\n\r\n\"It is better to inject dependencies via the constructor of a type.\" --> what do you mean with this?\r\n\r\nGetService<IPleaseWaitService>() --> what is the other way to use the service???\r\n\r\nThank you and greetings \r\nSiddy"
        },
        {
            "created_at": "2013-10-22T13:58:28Z",
            "body": "Comment created by IvanKupriyanov:\n\nCheck this explanation: https:\/\/catelproject.atlassian.net\/wiki\/display\/CTL\/Dependency+injection , part \"Advanced dependency injection\"\r\nIn short - if type registered with IoC container, you can just add this type as parameter for ViewModel constructor, catel will try to resolve unspecified ctro params with IoC container."
        },
        {
            "created_at": "2013-10-22T15:36:29Z",
            "body": "Comment created by Siddy74:\n\nWhen i try this i get a error:\r\n\r\nErrViewModels.SystemSettingsViewModel' does not contain a constructor that takes 0 arguments\t\r\n\r\nMy ViewModel:\r\n\r\n\/\/\/ <summary>\r\n    \/\/\/ UserControl view model.\r\n    \/\/\/ <\/summary>\r\n    public class SystemSettingsViewModel : ViewModelBase\r\n    {\r\n        \/\/\/ <summary>\r\n        \/\/\/ Initializes a new instance of the <see cref=\"SystemSettingsViewModel\"\/> class.\r\n        \/\/\/ <\/summary>\r\n        public SystemSettingsViewModel(IMessageService message)\r\n        {\r\n             Argument.IsNotNull(() => messageService);\r\n            _messageService = messageService;\r\n        }\r\n\r\n        \/\/\/ <summary>\r\n        \/\/\/ Gets or sets the property value.\r\n        \/\/\/ <\/summary>\r\n        [Model]\r\n        public SettingsDataObject SettingsData\r\n        {\r\n            get { return GetValue<SettingsDataObject>(SettingsDataProperty); }\r\n            private set { SetValue(SettingsDataProperty, value); }\r\n        }\r\n}\r\n\r\n\r\nMy Codebehinde (View)\r\n \/\/\/ <summary>\r\n    \/\/\/ Interaction logic for SystemSettings.xaml.\r\n    \/\/\/ <\/summary>\r\n    public partial class SystemSettings : DataWindow\r\n    {\r\n        \/\/\/ <summary>\r\n        \/\/\/ Initializes a new instance of the <see cref=\"SystemSettings\"\/> class.\r\n        \/\/\/ <\/summary>\r\n        public SystemSettings()\r\n            : this(null) { }\r\n\r\n        \/\/\/ <summary>\r\n        \/\/\/ Initializes a new instance of the <see cref=\"SystemSettings\"\/> class.\r\n        \/\/\/ <\/summary>\r\n        \/\/\/ <param name=\"viewModel\">The view model to inject.<\/param>\r\n        \/\/\/ <remarks>\r\n        \/\/\/ This constructor can be used to use view-model injection.\r\n        \/\/\/ <\/remarks>\r\n        public SystemSettings(SystemSettingsViewModel viewModel)\r\n            : base(viewModel)\r\n        {\r\n            InitializeComponent();\r\n        }\r\n    }\r\n\r\nhow i can \"inject\" the service in the contructor? I must crerate a instance with the MessageService as parameter, right?"
        },
        {
            "created_at": "2013-10-22T15:40:12Z",
            "body": "Comment created by @geertvanhorrik:\n\nAre you sure you updated all components to 3.7? This must be working and what you are doing looks good."
        },
        {
            "created_at": "2013-10-23T09:08:41Z",
            "body": "Comment created by Siddy74:\n\nHi Geert,\r\n\r\nit works now, i inject the services in the constructor. \r\nWhere i can ask any questions regarding \"best practis\" in catel? \r\nDo you have a Message Board or forum where i can ask my questions? \r\n\r\nGreets\r\n"
        },
        {
            "created_at": "2013-10-23T09:11:25Z",
            "body": "Comment created by @geertvanhorrik:\n\nStackoverflow is best to ask question, we also monitor that."
        },
        {
            "created_at": "2013-10-23T10:26:44Z",
            "body": "Comment created by Siddy74:\n\nok, thank you!\r\n\r\nhttp:\/\/stackoverflow.com\/questions\/19536525\/mvvm-dataobjects-in-catel-best-practies\r\n\r\n;-)"
        },
        {
            "created_at": "2013-08-11T18:24:44Z",
            "body": "Issue was closed with resolution \"Fixed\""
        }
    ]
}