{
    "issue": {
        "title": "CTL-152: Memento improvements",
        "body": "Jira issue originally created by user @geertvanhorrik:\n\nWould it be at all possible to add following to the memento service?\r\n\r\n1) Property \"Disabled\". When \"Disabled\" is true any Memento calls should be ignored.\r\n2) Method \"Clear\" to clear all history.\r\n\r\nWe found at least few use cases where changes above is convenient. \r\n",
        "created_at": "2013-08-11T19:43:19Z",
        "closed": true,
        "labels": [
            "Improvement"
        ],
        "milestone": 16,
        "assignee": "geertvanhorrik"
    },
    "comments": [
        {
            "created_at": "2013-08-11T19:44:38Z",
            "body": "Comment created by @geertvanhorrik:\n\nClear event is already available on the memento service."
        },
        {
            "created_at": "2013-08-11T19:55:52Z",
            "body": "Comment created by auz34:\n\nSorry my fault I have not noticed Clear first time."
        },
        {
            "created_at": "2013-08-11T19:56:27Z",
            "body": "Comment created by auz34:\n\nSo only \"Disabled\" property left."
        },
        {
            "created_at": "2013-08-11T20:17:48Z",
            "body": "Comment created by @geertvanhorrik:\n\nFeature written, currently writing unit tests."
        },
        {
            "created_at": "2013-08-11T21:24:33Z",
            "body": "Comment created by @geertvanhorrik:\n\nDone, will release asap."
        },
        {
            "created_at": "2013-08-11T21:24:33Z",
            "body": "Issue was closed with resolution \"Fixed\""
        }
    ]
}