{
    "issue": {
        "title": "CTL-128: Problem with navigation in WinRT apps",
        "body": "Jira issue originally created by user zip-imp:\n\nI've faced with problem while trying to use some navigation features in winRt app. To reproduce this:\r\n1. Create project using \"Windows store application with Catel\", get latest catel binaries using nuget\r\n2. Change in MainPageViewModel.cs OnTestNavigationExecute as follow\r\n\r\n```\r\n private void OnTestNavigationExecute()\r\n        {\r\n            var navigationService = GetService<INavigationService>();\r\n            Dictionary<string,object> dictionary=\r\n                                      new Dictionary<string, object>();\r\n            dictionary.Add(\"testkey\",\"testvalue\");\r\n            navigationService.Navigate<SecondViewModel>(dictionary);\r\n        }\r\n```\r\n3. Add in SecondViewModel.cs next method and put breakpoint in it\r\n```\r\n protected override void OnNavigationCompleted()\r\n        {\r\n            Text = (string)NavigationContext[\"testkey\"];\r\n        }\r\n```\r\n\r\nand string property with name Text\r\n\r\n4. Add in SecondPage.xaml textblock \r\n```\r\n<TextBlock Text=\"{Binding Path=Text, Mode=TwoWay}\"><\/TextBlock>\r\n```\r\n\r\nOn first navigate breakpoint is not hit, on second breakpoint hitted but textlock not display setted text, on third breakpoint hitted twice, text of textblock empty.... etc. \r\n\r\nSample in attachment",
        "created_at": "2013-07-22T21:14:09Z",
        "closed": true,
        "labels": [
            "Bug"
        ],
        "milestone": 16,
        "assignee": "geertvanhorrik"
    },
    "comments": [
        {
            "created_at": "2013-07-25T22:09:06Z",
            "body": "Comment created by @geertvanhorrik:\n\nThank you very much for the detailed reproducable scenario. The issue is fixed."
        },
        {
            "created_at": "2013-07-25T22:41:44Z",
            "body": "Comment created by zip-imp:\n\nThank that you exists. Thank for your creative work."
        },
        {
            "created_at": "2013-07-25T22:09:06Z",
            "body": "Issue was closed with resolution \"Fixed\""
        }
    ]
}