{
    "issue": {
        "title": "CTL-258: Data transfer between MainView and DataViews",
        "body": "Jira issue originally created by user Siddy74:\n\nHello@all, i have a problem to transfer the data from MainViewModel to a DataViewModel. I set the DataObject directly in the DataView after \"CreateViewModel\". Can i set the DataContext direct in the \"CreateViewModel<MappingViewModel>(DATA);\"? How i can get the data then in the \"MappingViewModel\"? \r\n\r\nHere is a short example:\r\n\r\nvar dependencyResolver = this.GetDependencyResolver();\r\n                var viewModelFactory = dependencyResolver.Resolve<IViewModelFactory>();\r\n                var viewModel = viewModelFactory.CreateViewModel<MappingViewModel>(null);\r\n\r\n                viewModel.Vehicle = Vehicles;\r\n\r\n                uiVisualizerService.ShowDialog(viewModel, new EventHandler<UICompletedEventArgs>(OnClosingMappingView));\r\n\r\n\r\n1) I create the new DataViewModel\r\n2) I set the Data direct in the ViewModel from the MainView (viewModel.Vehicle = Vehicles;)\r\n3) When i close the Dialog the OnClosingEvent will fired and i handel the Return Data in this Methode for the MainView. \r\n\r\nIs this a good way? Exists a better way in catel to manage this?\r\n\r\n\r\n",
        "created_at": "2013-12-05T08:58:12Z",
        "closed": true,
        "labels": [
            "Improvement"
        ],
        "milestone": 15,
        "assignee": "geertvanhorrik"
    },
    "comments": [
        {
            "created_at": "2013-12-05T13:15:03Z",
            "body": "Comment created by @geertvanhorrik:\n\nWhy don't you inject the Vehicles directly into the MappingViewModel:\r\n\r\n```\r\nvar viewModel = viewModelFactory.CreateViewModel<MappingViewModel>(Vehicles);\r\n```\r\n\r\nThe rest looks really good. Since you are sharing the model in multiple view models you already have the right data."
        },
        {
            "created_at": "2013-12-05T13:15:43Z",
            "body": "Comment created by @geertvanhorrik:\n\nAnswered. Feel free to re-open if you don't find the answer satisfying."
        },
        {
            "created_at": "2013-12-05T13:39:31Z",
            "body": "Comment created by Siddy74:\n\n"
        },
        {
            "created_at": "2013-12-05T13:50:40Z",
            "body": "Comment created by @geertvanhorrik:\n\nThat is because the ViewModelFactory uses the TypeFactory under the hood. You need to add a constructor to your view model:\r\n\r\n```\r\npublic MappingViewModel(IDataObject vehicle)\r\n{\r\n    \/\/ vehicle is automatically inserted here\r\n}\r\n```\r\n\r\nI think it is even better to also create interfaces for each model (IVehicle, etc) with T4 so you can make the scope smaller.\r\n\r\nInternally Catel uses the ViewModelFactory to pass in the DataContext as a model. Since you are creating the view model manually, you can do this by using the code like you do: \r\n\r\n```\r\nviewModelFactory.CreateViewModel<MappingViewModel>(Vehicles);\r\n```"
        },
        {
            "created_at": "2013-12-05T13:15:43Z",
            "body": "Issue was closed with resolution \"Fixed\""
        }
    ]
}