{
    "issue": {
        "title": "CTL-1009: Close View from Viewmodel parameter does not save",
        "body": "Jira issue originally created by user arvadevy:\n\nBut no changes that where made to this \"dialogResult object\" \r\n```java\r\ntypeFactory.CreateInstanceWithParametersAndAutoCompletion<Vi\u200c\u200bsitorRegistrationClo\u200c\u200bsingWindowViewModel>\u200c\u200b(dialogResult); \r\n```\r\n\r\nwere saved when i call \r\n```java\r\nthis.SaveAndCloseViewModelAsync();\r\n```\r\nin my viewmodel\r\n\r\nSee: [http:\/\/stackoverflow.com\/questions\/42089813\/how-to-close-catel-framework-datawindow-from-the-viewmodel\/42094514?noredirect=1#comment71451170_42094514](http:\/\/example.com)",
        "created_at": "2017-02-10T14:08:28Z",
        "closed": false,
        "labels": [
            "Bug"
        ],
        "assignee": "geertvanhorrik"
    },
    "comments": [
        {
            "created_at": "2017-02-13T09:06:58Z",
            "body": "Comment created by @geertvanhorrik:\n\nYou shouldn't directly create view models using the *TypeFactory_. Use _IViewModelFactory_, or even better, just use the _IUIVisualizerService*."
        },
        {
            "created_at": "2017-02-13T10:34:41Z",
            "body": "Comment created by arvadevy:\n\n"
        },
        {
            "created_at": "2017-02-14T13:54:23Z",
            "body": "Comment created by @geertvanhorrik:\n\n```\r\nawait _uiVisualizer.ShowDialogAsync<VisitorRegistrationClosingWindowViewModel>(\"code incorrect\");\r\n```"
        }
    ]
}