{
    "issue": {
        "title": "CTL-418: ConsoleLogListener doesn't reset colors after logging",
        "body": "Jira issue originally created by user @geertvanhorrik:\n\nWhen the last log line is an error, the rest of the console will stay red.",
        "created_at": "2014-04-20T01:44:41Z",
        "closed": true,
        "labels": [
            "Bug"
        ],
        "milestone": 12,
        "assignee": "geertvanhorrik"
    },
    "comments": [
        {
            "created_at": "2014-04-20T11:38:43Z",
            "body": "Comment created by @geertvanhorrik:\n\nDone!"
        },
        {
            "created_at": "2014-04-20T11:38:43Z",
            "body": "Issue was closed with resolution \"Fixed\""
        }
    ]
}