{
    "issue": {
        "title": "CTL-156: PleaseWaitService.Push doesn't show correct message",
        "body": "Jira issue originally created by user IvanKupriyanov:\n\nIt shows \"Please wait\" instead of text in parameter.\r\n\r\n```\r\npublic virtual void Push(string status = \"\")\r\n{\r\n    UpdateStatus(status);\r\n\r\n    _showCounter<ins><\/ins>;\r\n\r\n    if (_showCounter > 0)\r\n    {\r\n        Show(); \/\/ <--- I think status missed here\r\n    }\r\n}\r\n```\r\n\r\nI don't know how to send fixed source to you, sorry.",
        "created_at": "2013-08-19T09:20:26Z",
        "closed": true,
        "labels": [
            "Bug"
        ],
        "milestone": 16,
        "assignee": "geertvanhorrik"
    },
    "comments": [
        {
            "created_at": "2013-08-19T20:36:05Z",
            "body": "Comment created by @geertvanhorrik:\n\nStatus is updated before. I will check if the status is also required in the Show method call."
        },
        {
            "created_at": "2013-08-22T23:07:28Z",
            "body": "Comment created by @geertvanhorrik:\n\nDone."
        },
        {
            "created_at": "2013-08-22T23:07:28Z",
            "body": "Issue was closed with resolution \"Fixed\""
        }
    ]
}