{
    "issue": {
        "title": "CTL-403: Create and Use ScopedReaderWriterLock in critical parts",
        "body": "Jira issue originally created by user Towelie:\n\nCreate scoped helpers for System.Threading.ReaderWriterLock and use it in ti,e crtitical parts like ServiceLocator, Cache etc.",
        "created_at": "2014-04-01T23:40:53Z",
        "closed": false,
        "labels": [
            "Improvement"
        ],
        "milestone": 22,
        "assignee": "geertvanhorrik"
    },
    "comments": [
        {
            "created_at": "2014-04-02T09:29:07Z",
            "body": "Comment created by @geertvanhorrik:\n\nThere is a ScopeHelper in Catel. Do you think it can be combined? It will be an extended \"locking\" mechanism based on the current scope, right?"
        },
        {
            "created_at": "2014-04-02T10:10:34Z",
            "body": "Comment created by Towelie:\n\nNo, i don't think that it can be combined with ScopeManager becaurse of perfomance.\r\nHere an exemple of ScopedReaderWriterLock and it usage.\r\n\r\n```\r\nclass ScopedReadLock : IDisposable\r\n{\r\n\tprivate ReaderWriterLockSlim _lock;\r\n\tprivate bool _upgradable;\r\n\r\n\tpublic ScopedReadLock(ReaderWriterLockSlim rwLock, bool upgradable)\r\n\t{\r\n\t\t_lock = rwLock;\r\n\r\n\t\t_upgradable = upgradable;\r\n\t\t*upgradable ? _lock.EnterUpgradeableReadLock() : *lock.EnterReadLock();\r\n\t}\r\n\r\n\tpublic ScopedWriteLock WriteLock()\r\n\t{\r\n\t\tif(!_upgradable)\r\n\t\t\t\tthrow new Exception(\"Cannot update to write lock!\")\r\n\r\n\t\treturn new ScopedWriteLock(this);\r\n\t}\r\n\r\n\tpublic Disposable()\r\n\t{\r\n\t\t*upgradable ? _lock.ExitUpgradeableReadLock() : *lock.ExitReadLock();\t\t\r\n\t}\r\n}\r\n\r\n\/\/use case\r\n\r\n\/\/old\r\n\r\nlock(_syncObj)\r\n{\r\n\tif(someObject == null)\r\n\t\tsomeObject = new object();\r\n\treturn someObject;\r\n}\r\n\r\n\/\/new\r\n\r\nusing(var lock = new ScopedReadLock(_syncObjLock, true))\r\n{\t\r\n\r\n\tif(someObject == null)\r\n\t{\r\n\t\tusing(lock.WriteLock())\r\n\t\t{\r\n\t\t\tsomeObject = new object();\r\n\t\t}\r\n\t}\r\n\t\r\n\treturn someObject;\r\n}\r\n```"
        }
    ]
}