{
    "issue": {
        "title": "CTL-202: Performance issue with Telerik RadGridView",
        "body": "Jira issue originally created by user nicolo:\n\nPopulating a Telerik RadGridView with a larger collection of ModelBase based models (> 1500) performs very slow compared to DataGrid. With older versions of catel this wasn't a problem.\r\n\r\nCreated a repro here:\r\nhttps:\/\/github.com\/nicpitsch\/TestCatelAndRadGridView",
        "created_at": "2013-10-19T19:13:45Z",
        "closed": true,
        "labels": [
            "Bug"
        ],
        "milestone": 15,
        "assignee": "geertvanhorrik"
    },
    "comments": [
        {
            "created_at": "2013-10-20T17:55:28Z",
            "body": "Comment created by @geertvanhorrik:\n\nMissing the Telerik.Windows.Controls.Input assembly."
        },
        {
            "created_at": "2013-10-20T18:03:37Z",
            "body": "Comment created by @geertvanhorrik:\n\nDownloaded telerik trial."
        },
        {
            "created_at": "2013-10-20T18:12:31Z",
            "body": "Comment created by @geertvanhorrik:\n\nAll Catel code is fast. I think it's the initialization of the grid that is slow."
        },
        {
            "created_at": "2013-10-20T18:17:07Z",
            "body": "Comment created by @geertvanhorrik:\n\nNow added a command to manually load the data and it's indeed the loading of the datagrid which is slow."
        },
        {
            "created_at": "2013-10-20T18:20:56Z",
            "body": "Comment created by @geertvanhorrik:\n\nI can confirm that before 3.8, it was fast. Currently looking at the differences."
        },
        {
            "created_at": "2013-10-20T20:23:20Z",
            "body": "Comment created by nicolo:\n\nMaybe this topic in the online-help can provide some hints: http:\/\/www.telerik.com\/help\/wpf\/gridview-troubleshooting-performance.html"
        },
        {
            "created_at": "2013-10-20T20:37:11Z",
            "body": "Comment created by @geertvanhorrik:\n\nFound the issue, it's in the ModelEqualityComparer. What I don't understand is that we used the same logic in older versions, we only extracted it to a custom class.\r\n\r\nThe cool thing is that you can replace the ModelEqualityComparer in the ServiceLocator and solve this issue without needing a new release."
        },
        {
            "created_at": "2013-10-20T20:48:29Z",
            "body": "Comment created by nicolo:\n\nOh, good news and awesome how you are responsive. Could you give a hint how to implement the ModelEqualityComparer?"
        },
        {
            "created_at": "2013-10-20T21:06:54Z",
            "body": "Comment created by @geertvanhorrik:\n\nCreate a custom implementation of IModelEqualityComparer like this one:\r\n\r\nhttps:\/\/github.com\/Catel\/Catel\/blob\/develop\/src\/Catel.Core\/Catel.Core.NET40\/Data\/ModelEqualityComparer.cs?source=cc\r\n\r\nThen register it like this:\r\n\r\n```\r\nvar serviceLocator = IoCConfiguration.DefaultServiceLocator;\r\nserviceLocator.RegisterType<IModelEqualityComparer, MyModelEqualityComparer>();\r\n```\r\n\r\nTo make it easy, I have added 2 properties (CompareValues and CompareCollections) to the latest version. If you disable both, you will get a very fast performance (but note that equality comparisons are then behaving different)."
        },
        {
            "created_at": "2013-10-21T18:39:49Z",
            "body": "Comment created by @geertvanhorrik:\n\nIssue found and possible solution given."
        },
        {
            "created_at": "2013-10-26T11:53:44Z",
            "body": "Comment created by nicolo:\n\nI have implemented a derived ModelEqualityComparer (MyModelEqualityComparer). The property *CompareValues = false_ makes the big difference concerning the performance. But - as you said - that leads to inexpected results. For instance try to delete an item from ProductRadGridView with the _Delete item* command: it will not be reflected correctly within the UI. \r\nAs conclusion this doesn't realy solve the problem. I have updated the repro accordingly (https:\/\/github.com\/nicpitsch\/TestCatelAndRadGridView). \r\nDid I implement something wrong with my MyModelEqualityComparer? Should I commit a ticket to the Telerik support with the repro?"
        },
        {
            "created_at": "2013-10-26T12:37:53Z",
            "body": "Comment created by @geertvanhorrik:\n\nYeah, I don't know why they compare objects. Maybe for the sorting, but even then they shouldn't perform so much less in comparison to the normal datagrid."
        },
        {
            "created_at": "2013-10-26T14:37:14Z",
            "body": "Comment created by nicolo:\n\nThanks for the response. I have submitted a ticket to Telerik and I will keep you informed here."
        },
        {
            "created_at": "2013-11-16T07:22:19Z",
            "body": "Comment created by nicolo:\n\nThis is the response from the Telerik support:\r\n{panel}\r\nHello Nicolo,\r\nCurrently, my suggestion would be to work with regular properties - not dependency ones and instead of using Product - use ProductObservableObject. Is there a specific reason for working with business object having dependency properties ?\r\nAnother optimization that you can try is to work with Lightweight templates as illustrated in this article.\r\n{panel}\r\nWhat do you think about? Could Issue #234 solve this problem?"
        },
        {
            "created_at": "2013-11-16T16:27:42Z",
            "body": "Comment created by @geertvanhorrik:\n\nI think [CTL-234](https:\/\/catelproject.atlassian.net\/browse\/CTL-234) will indeed solve your problem."
        },
        {
            "created_at": "2013-11-25T04:12:46Z",
            "body": "Comment created by nicolo:\n\nYes [[CTL-234](https:\/\/catelproject.atlassian.net\/browse\/CTL-234)](https:\/\/catelproject.atlassian.net\/browse\/[CTL-234](https:\/\/catelproject.atlassian.net\/browse\/CTL-234)) solves this problem. \r\nThanks a lot!"
        },
        {
            "created_at": "2013-10-21T18:39:49Z",
            "body": "Issue was closed with resolution \"Fixed\""
        }
    ]
}