{
    "issue": {
        "title": "CTL-1020: Consider dropping FluentValidation extension",
        "body": "Jira issue originally created by user @geertvanhorrik:\n\nThe extension doesn't have many downloads, not sure whether it's worth keeping this one alive. [~alexander.fernandez.sauco], are you actively using this one?",
        "created_at": "2017-02-27T20:24:45Z",
        "closed": true,
        "labels": [
            "Task"
        ],
        "milestone": 1,
        "assignee": "geertvanhorrik"
    },
    "comments": [
        {
            "created_at": "2017-02-27T20:25:01Z",
            "body": "Comment created by @geertvanhorrik:\n\nPinging [~alexander.fernandez.sauco]"
        },
        {
            "created_at": "2017-03-21T14:10:09Z",
            "body": "Comment created by advapi:\n\nMaybe I'm the only one that uses this!"
        },
        {
            "created_at": "2017-03-21T14:13:25Z",
            "body": "Comment created by @geertvanhorrik:\n\nWe have more people using this, the question is whether we need this in the Catel repository or we should move this into a separate repository (since we don't need to update this every time). I am considering moving this to Orc.FluentValidation (with the dependency on Catel)."
        },
        {
            "created_at": "2017-03-21T14:14:14Z",
            "body": "Comment created by advapi:\n\nSounds good!"
        },
        {
            "created_at": "2017-03-21T15:33:54Z",
            "body": "Comment created by @geertvanhorrik:\n\nCode has been moved to https:\/\/github.com\/WildGums\/Orc.FluentValidation. This makes it much easier to maintain this library and update FluentValidation independently from Catel."
        },
        {
            "created_at": "2017-03-21T15:39:51Z",
            "body": "Comment created by @geertvanhorrik:\n\nDone."
        },
        {
            "created_at": "2017-03-21T15:39:51Z",
            "body": "Issue was closed with resolution \"Fixed\""
        }
    ]
}