{
    "issue": {
        "title": "CTL-511: Add PlatformToBooleanConverter to know which platform is being used",
        "body": "Jira issue originally created by user @geertvanhorrik:\n\nThis might sound ridiculous, but on shared projects you might need to know which platform you are developing for. Therefore there will be a converter to know that.",
        "created_at": "2014-08-21T09:56:56Z",
        "closed": true,
        "labels": [
            "Task"
        ],
        "milestone": 12,
        "assignee": "geertvanhorrik"
    },
    "comments": [
        {
            "created_at": "2014-08-21T10:59:34Z",
            "body": "Comment created by @geertvanhorrik:\n\nAdded Platforms.IsPlatformSupported() methods to check if a platform is supported. This can be used in the converters."
        },
        {
            "created_at": "2014-08-21T10:59:47Z",
            "body": "Comment created by @geertvanhorrik:\n\nAdded unit tests."
        },
        {
            "created_at": "2014-08-21T10:59:58Z",
            "body": "Comment created by @geertvanhorrik:\n\nAdded documentation for the converter."
        },
        {
            "created_at": "2014-08-21T11:04:51Z",
            "body": "Comment created by @geertvanhorrik:\n\nDone."
        },
        {
            "created_at": "2014-08-21T11:04:51Z",
            "body": "Issue was closed with resolution \"Fixed\""
        }
    ]
}