{
    "issue": {
        "title": "CTL-52: Consider moving Memento to an extension",
        "body": "Jira issue originally created by user @geertvanhorrik:\n\nConsider moving the Memento code to an extension.",
        "created_at": "2013-04-19T18:44:48Z",
        "closed": true,
        "labels": [
            "Task"
        ],
        "milestone": 16,
        "assignee": "geertvanhorrik"
    },
    "comments": [
        {
            "created_at": "2013-07-01T21:35:10Z",
            "body": "Comment created by @geertvanhorrik:\n\nMoving this to Catel.Extensions.Memento"
        },
        {
            "created_at": "2013-07-01T21:59:52Z",
            "body": "Comment created by @geertvanhorrik:\n\nOnly nuget package + finalbuilder left."
        },
        {
            "created_at": "2013-07-01T22:17:18Z",
            "body": "Comment created by @geertvanhorrik:\n\nDone."
        },
        {
            "created_at": "2013-07-01T22:17:18Z",
            "body": "Issue was closed with resolution \"Fixed\""
        }
    ]
}