{
    "issue": {
        "title": "CTL-268: EF 6 extension does not register types automatically",
        "body": "Jira issue originally created by user @geertvanhorrik:\n\nFodyWeavers does not contain the right <ModuleInit \/> entry.",
        "created_at": "2013-12-13T13:41:35Z",
        "closed": true,
        "labels": [
            "Bug"
        ],
        "milestone": 13,
        "assignee": "geertvanhorrik"
    },
    "comments": [
        {
            "created_at": "2013-12-13T13:42:36Z",
            "body": "Issue was closed with resolution \"Fixed\""
        }
    ]
}