{
    "issue": {
        "title": "CTL-262: Create Command Registry service",
        "body": "Jira issue originally created by user @geertvanhorrik:\n\nCreate a service that allows to register application commands with hotkeys.",
        "created_at": "2013-12-06T17:56:10Z",
        "closed": true,
        "labels": [
            "Task"
        ],
        "milestone": 13,
        "assignee": "geertvanhorrik"
    },
    "comments": [
        {
            "created_at": "2013-12-15T20:39:23Z",
            "body": "Comment created by @geertvanhorrik:\n\nWritten documentation."
        },
        {
            "created_at": "2013-12-15T20:41:16Z",
            "body": "Comment created by @geertvanhorrik:\n\nCommitted code and unit tests."
        },
        {
            "created_at": "2013-12-15T21:01:13Z",
            "body": "Comment created by @geertvanhorrik:\n\nWritten blog post:\r\n\r\nhttp:\/\/www.catelproject.com\/2013\/12\/15\/application-wide-commands-using-mvvm\/"
        },
        {
            "created_at": "2013-12-15T21:06:00Z",
            "body": "Comment created by @geertvanhorrik:\n\nDone."
        },
        {
            "created_at": "2013-12-15T21:06:00Z",
            "body": "Issue was closed with resolution \"Fixed\""
        }
    ]
}