{
    "issue": {
        "title": "CTL-413: Make Clone virtual",
        "body": "Jira issue originally created by user Towelie:\n\nHello.\r\n\r\nSome times developer wants to create own Clone method to implement IClonable. So it would be good to make Clone(bool enableRedirects) in ModelBase virtual.\r\nAlso enableRedirects is never used and was not able to find any info about it but comments.",
        "created_at": "2014-04-13T23:10:20Z",
        "closed": true,
        "labels": [
            "Improvement"
        ],
        "milestone": 12,
        "assignee": "geertvanhorrik"
    },
    "comments": [
        {
            "created_at": "2014-04-14T16:06:07Z",
            "body": "Comment created by @geertvanhorrik:\n\nExcellent catch. The reason is that in full .NET (where Catel originally comes from), the binary serialization was used. I will remove the overload."
        },
        {
            "created_at": "2014-04-14T16:07:38Z",
            "body": "Comment created by @geertvanhorrik:\n\nDone."
        },
        {
            "created_at": "2014-04-14T16:12:30Z",
            "body": "Comment created by Towelie:\n\nThank you for fast reply and fix. "
        },
        {
            "created_at": "2014-04-14T16:07:38Z",
            "body": "Issue was closed with resolution \"Fixed\""
        }
    ]
}