{
    "issue": {
        "title": "CTL-265: Prism Extension throws exception for non-existing NuGet catalogs",
        "body": "Jira issue originally created by user @alexfdezsauco:\n\nWe have a bug in the prism extension in the ModuleTypeLoaders property.\r\n\r\n```\r\npublic override IEnumerable<IModuleTypeLoader> ModuleTypeLoaders\r\n        {\r\n            get\r\n            {\r\n                List<IModuleTypeLoader> moduleTypeLoaders = base.ModuleTypeLoaders.ToList();\r\n                if (moduleTypeLoaders.All(loader => loader.GetType() != typeof(NuGetModuleTypeLoader)))\r\n                {\r\n                    moduleTypeLoaders.Add(new NuGetModuleTypeLoader(ModuleCatalog));\r\n                }\r\n\r\n                return moduleTypeLoaders;\r\n            }\r\n\r\n            set\r\n            {\r\n                base.ModuleTypeLoaders = value;\r\n            }\r\n        }\r\n```\r\n\r\nThe constructor of NuGetModuleTypeLoader trougth an exception if there no available a NuGetBasedCatalog.\r\n\r\nSo, we have to do this to fix:\r\n\r\n```\r\ntry\r\n{\r\n   moduleTypeLoaders.Add(new NuGetModuleTypeLoader(ModuleCatalog));\r\n}\r\ncatch(...)\r\n{\r\n}\r\n```",
        "created_at": "2013-12-11T20:17:37Z",
        "closed": true,
        "labels": [
            "Bug"
        ],
        "milestone": 14,
        "assignee": "geertvanhorrik"
    },
    "comments": [
        {
            "created_at": "2013-12-12T19:37:46Z",
            "body": "Issue was closed with resolution \"Fixed\""
        }
    ]
}