{
    "issue": {
        "title": "CTL-186: ViewModelPropertyDescriptor not respect the custom attribute,ViewModelPropertyDescriptor.Attributes.Count alwarys 0",
        "body": "Jira issue originally created by user metasong:\n\nViewModelPropertyDescriptor not respect the custom attribute,ViewModelPropertyDescriptor.Attributes.Count alwarys 0",
        "created_at": "2013-10-09T11:11:15Z",
        "closed": true,
        "labels": [
            "Bug"
        ],
        "milestone": 16,
        "assignee": "geertvanhorrik"
    },
    "comments": [
        {
            "created_at": "2013-10-09T11:17:18Z",
            "body": "Comment created by metasong:\n\nmay be it's the reason:\r\nhttps:\/\/wpftoolkit.codeplex.com\/discussions\/449055\r\n"
        },
        {
            "created_at": "2013-10-10T11:30:15Z",
            "body": "Comment created by metasong:\n\nit's Here:\r\nthe constructor of ViewModelPropertyDescriptor\r\ninternal ViewModelPropertyDescriptor(ViewModelBase viewModel, string propertyName, Type propertyType) : base(propertyName, null)\r\n\r\npass null to the second parameter of the base type where should be a Attribute[] "
        },
        {
            "created_at": "2013-10-10T22:37:57Z",
            "body": "Comment created by @geertvanhorrik:\n\nNeeded to refactory all the attributes reflection because we did not allow retrieving attributes without an attribute type. This is now done."
        },
        {
            "created_at": "2013-10-10T22:40:29Z",
            "body": "Comment created by @geertvanhorrik:\n\nIn version 3.8, we will probably move the Expose attribute to Fody where it will actually be turned in to \"regular catel properties\". This way we will add support to all target platforms (including SL, WP, WinRT), and this will be done. However for version 3.7 I have now added the attributes per property."
        },
        {
            "created_at": "2013-10-10T22:42:00Z",
            "body": "Comment created by @geertvanhorrik:\n\nCurrently creating a new nightly build, should take about 20 minutes."
        },
        {
            "created_at": "2013-10-11T02:16:34Z",
            "body": "Comment created by metasong:\n\nThanks for quickly answer!"
        },
        {
            "created_at": "2013-10-11T02:38:10Z",
            "body": "Comment created by metasong:\n\nit's has solved the problem of showing property of viewmodelbase in xceed propertygrid:\r\nhttps:\/\/wpftoolkit.codeplex.com\/discussions\/449055\r\n\r\nbefore this night build i have to ceat a wrapper class for viewmodel and using it to display and edit properties of  viewmodelbase derived class.\r\nusing System;\r\nusing System.Collections.Generic;\r\nusing System.Linq;\r\nusing System.Text;\r\nusing Xceed.Wpf.Toolkit.PropertyGrid;\r\nusing System.Reflection;\r\nusing System.ComponentModel;\r\nusing System.Windows;\r\nusing System.Collections;\r\nnamespace Metaseed.ComponentModel\r\n{\r\n    \/\/https:\/\/wpftoolkit.codeplex.com\/discussions\/435532\r\n    \/\/https:\/\/catelproject.atlassian.net\/browse\/[CTL-186](https:\/\/catelproject.atlassian.net\/browse\/CTL-186)\r\n    public class PropertyDescriptor_ForCatelViewModelToUsePropertyGrid : PropertyDescriptor\r\n    {\r\n        PropertyInfo _propertyInfo;\r\n        object _Instance;\r\n        public PropertyDescriptor_ForCatelViewModelToUsePropertyGrid(object instance, PropertyInfo property, Attribute[] attributeArray)\r\n            : base(property.Name, attributeArray)\r\n        {\r\n            _Instance = instance;\r\n            _propertyInfo = property;\r\n        }\r\n        public override bool IsReadOnly\r\n        {\r\n            get\r\n            {\r\n                return false;\r\n            }\r\n        }\r\n        public override Type ComponentType\r\n        {\r\n            get\r\n            {\r\n                return this._Instance.GetType();\r\n            }\r\n        }\r\n        public override Type PropertyType\r\n        {\r\n            get\r\n            {\r\n                return this._propertyInfo.PropertyType;\r\n            }\r\n        }\r\n        public override bool CanResetValue(object component)\r\n        {\r\n            return false;\r\n        }\r\n        public override object GetValue(object component)\r\n        {\r\n\r\n            return this.*propertyInfo.GetValue(this.*Instance, null);\r\n        }\r\n        public override void ResetValue(object component)\r\n        {\r\n            throw new NotSupportedException(\"Resetting values is not supported\");\r\n        }\r\n        public override void SetValue(object component, object value)\r\n        {\r\n            this.*propertyInfo.SetValue(this.*Instance, value, null);\r\n        }\r\n        public override bool ShouldSerializeValue(object component)\r\n        {\r\n            return false;\r\n        }\r\n    }\r\n    \/\/\/ <summary>\r\n    \/\/\/ Wraper_CatelViewModelToUsePropertyGrid\r\n    \/\/\/ usage:\r\n    \/\/\/ if (value is Catel.MVVM.ViewModelBase)\r\n    \/\/{\r\n    \/\/    PropertyGrid.SelectedObject = new _(value, propertiesToShow);\r\n    \/\/}\r\n    \/\/\/ <\/summary>\r\n    public class _ : ICustomTypeDescriptor\r\n    {\r\n       public object Instance;\r\n       string[] _PropertiesToShow;\r\n       public _(object anInstance, string[] propertiesToShow)\r\n        {\r\n            Instance = anInstance;\r\n            _PropertiesToShow = propertiesToShow;\r\n        }\r\n\r\n\r\n        \/\/ You need to implement quite a few methods, but they're relatively simple\r\n\r\n\r\n        \/\/ Returns the properties you want to edit for your SomeClass instance\r\n        public PropertyDescriptorCollection GetProperties()\r\n        {\r\n            ArrayList properties = new ArrayList();\r\n\r\n            PropertyInfo[] objectProperties = Instance.GetType().GetProperties();\r\n            foreach (PropertyInfo property in objectProperties)\r\n            {\r\n                if (!_PropertiesToShow.Contains(property.Name))\r\n                {\r\n                    continue;\r\n                }\r\n                ArrayList attributeList = new ArrayList();\r\n                attributeList.AddRange(property.GetCustomAttributes(false));\r\n                \/\/ Add in your property descriptor\r\n                Attribute[] attributeArray = (Attribute[])attributeList.ToArray(typeof(Attribute));\r\n                properties.Add(new PropertyDescriptor_ForCatelViewModelToUsePropertyGrid(Instance, property, attributeArray));\r\n            }\r\n\r\n            \/\/ Finally, return your property descriptor collection\r\n            PropertyDescriptor[] propertyArray = (PropertyDescriptor[])properties.ToArray(typeof(PropertyDescriptor));\r\n            return new PropertyDescriptorCollection(propertyArray);\r\n        }\r\n\r\n        public AttributeCollection GetAttributes()\r\n        {\r\n           return new AttributeCollection(null);\r\n        }\r\n\r\n        public string GetClassName()\r\n        {\r\n            throw new NotImplementedException();\r\n        }\r\n\r\n        public string GetComponentName()\r\n        {\r\n            throw new NotImplementedException();\r\n        }\r\n\r\n        public TypeConverter GetConverter()\r\n        {\r\n            return null;\r\n        }\r\n\r\n        public EventDescriptor GetDefaultEvent()\r\n        {\r\n            throw new NotImplementedException();\r\n        }\r\n\r\n        public PropertyDescriptor GetDefaultProperty()\r\n        {\r\n            throw new NotImplementedException();\r\n        }\r\n\r\n        public object GetEditor(Type editorBaseType)\r\n        {\r\n            throw new NotImplementedException();\r\n        }\r\n\r\n        public EventDescriptorCollection GetEvents(Attribute[] attributes)\r\n        {\r\n            throw new NotImplementedException();\r\n        }\r\n\r\n        public EventDescriptorCollection GetEvents()\r\n        {\r\n            throw new NotImplementedException();\r\n        }\r\n\r\n        public PropertyDescriptorCollection GetProperties(Attribute[] someAttributes)\r\n        {\r\n            throw new NotImplementedException();\r\n        }\r\n\r\n        public object GetPropertyOwner(PropertyDescriptor pd)\r\n        {\r\n            throw new NotImplementedException();\r\n        }\r\n    }\r\n}\r\n"
        },
        {
            "created_at": "2013-10-10T22:47:47Z",
            "body": "Issue was closed with resolution \"Fixed\""
        }
    ]
}