{
    "issue": {
        "title": "CTL-408: Catel instantiating multiple viewmodels",
        "body": "Jira issue originally created by user galead:\n\nSame issue as described in https:\/\/catelproject.atlassian.net\/browse\/[CTL-307](https:\/\/catelproject.atlassian.net\/browse\/CTL-307). Difference is that I get no exception, but extra instantiation of disposed ViewModel is presented.\r\n\r\nNote that I have used ModernWindow (from Modern UI for WPF framework) with IDataWindow interface implemented as root window.\r\n\r\nSteps to reproduce:\r\n0. Ensure that breakpoint is set in ProjectsViewModel constructor.\r\n1. Run app with debug => breakpoint is hit (Ok)\r\n2. Switch to \"Tasks\" in top-left tabcontrol => breakpoint is hit (!?).\r\n3. Switch back to \"Project\" => breakpoint is hit (Ok).",
        "created_at": "2014-04-04T09:09:57Z",
        "closed": true,
        "labels": [
            "Bug"
        ],
        "milestone": 12,
        "assignee": "geertvanhorrik"
    },
    "comments": [
        {
            "created_at": "2014-04-04T19:33:57Z",
            "body": "Comment created by @geertvanhorrik:\n\nThanks for the reproducable item. Before I start this item, you did try the latest prerelease, right?"
        },
        {
            "created_at": "2014-04-06T21:21:19Z",
            "body": "Comment created by @geertvanhorrik:\n\nThe problem is that the view invokes the Loaded event. This means that the view is about to be rendered and Catel needs to provide a view model. We have the same issue with the TabControl (where the tabs are being loaded and unloaded unpredictably by WPF). To solve the issue for the TabControl, we implemented our own version where you can specify the requested load behavior (load all, load on first view per tab, load single tab and unload others, etc). "
        },
        {
            "created_at": "2014-04-06T21:42:36Z",
            "body": "Comment created by @geertvanhorrik:\n\nThe good thing is that you can implement a custom IViewModelFactory and decide whether a view model should be provided for the view. For example, you can subscribe to events and prevent view model creation for a specific view."
        },
        {
            "created_at": "2014-04-07T08:52:37Z",
            "body": "Comment created by @geertvanhorrik:\n\nClosing the issue since this is the result of a view being loaded multiple times when it is not necessary. You can either fix this by using a different library (MahApps.Metro), contacting the author or implementing a custom IViewModelFactory which works around this issue."
        },
        {
            "created_at": "2014-04-07T09:48:22Z",
            "body": "Comment created by galead:\n\nThanks for your help! I've replaced MUI's navigation framework with my own\r\nimplementation and now issue is solved.\r\n\r\n\r\n2014-04-07 9:53 GMT+03:00 Geert van Horrik [Administrator] (JIRA) <\r\n\r\n"
        },
        {
            "created_at": "2014-04-07T09:49:53Z",
            "body": "Comment created by @geertvanhorrik:\n\nGreat to hear, thanks for the feedback."
        },
        {
            "created_at": "2014-04-07T08:52:37Z",
            "body": "Issue was closed with resolution \"Fixed\""
        }
    ]
}