{
    "issue": {
        "title": "CTL-360: LanguageBinding does not work in Designer",
        "body": "Jira issue originally created by user Stefan:\n\nWhen using a Languange Binding on a control, the text does not show up in the Visual Studio Designer.",
        "created_at": "2014-02-24T10:27:59Z",
        "closed": true,
        "labels": [
            "Task"
        ],
        "milestone": 12,
        "assignee": "geertvanhorrik"
    },
    "comments": [
        {
            "created_at": "2014-03-05T17:51:19Z",
            "body": "Comment created by @geertvanhorrik:\n\nThe problem is that part of the registration is done in the App.xaml.cs. The designer does not run that code. If we want to support this, we must introduce something like this:\r\n\r\nhttp:\/\/joshsmithonwpf.wordpress.com\/2010\/04\/07\/assembly-level-initialization-at-design-time\/"
        },
        {
            "created_at": "2014-03-05T23:09:25Z",
            "body": "Comment created by @geertvanhorrik:\n\nI have got something working... Need to polish it though."
        },
        {
            "created_at": "2014-03-05T23:16:26Z",
            "body": "Comment created by @geertvanhorrik:\n\nThe downside is that it cannot pick up changes in the resx files. Need to recompile for that, but cannot instruct the designer to update after the build."
        },
        {
            "created_at": "2014-03-06T09:48:56Z",
            "body": "Comment created by Stefan:\n\nI think the solution is fine. It's essential that the strings are displayed in the designer, with or without a recompile after adding new Strings. I will check it out as soon as you finished implementation."
        },
        {
            "created_at": "2014-03-06T12:02:46Z",
            "body": "Comment created by @geertvanhorrik:\n\nIn Catel, good enough ain't good enough ;-)\r\n\r\nWritten docs, real-time updates supported. Will release new nightly build soon."
        },
        {
            "created_at": "2014-03-06T12:03:05Z",
            "body": "Comment created by @geertvanhorrik:\n\nWritten docs, see attached link"
        },
        {
            "created_at": "2014-03-06T12:45:20Z",
            "body": "Comment created by @geertvanhorrik:\n\nWritten blog post with example, see http:\/\/www.geertvanhorrik.com\/2014\/03\/06\/running-code-xaml-designer-design-time\/"
        },
        {
            "created_at": "2014-03-06T13:00:00Z",
            "body": "Comment created by @geertvanhorrik:\n\nImplemented. Running nightly build, should be available in about 30 minutes."
        },
        {
            "created_at": "2014-03-06T13:45:17Z",
            "body": "Comment created by @geertvanhorrik:\n\nSee attached working example with latest nightly build."
        },
        {
            "created_at": "2014-03-07T08:38:49Z",
            "body": "Comment created by Stefan:\n\nGeert, pls check your example. The button with text from the resource file from catel works as expected but the other button does not show it's text in the designer. I am (still) using Visual Studio 2012."
        },
        {
            "created_at": "2014-03-07T08:44:57Z",
            "body": "Comment created by Stefan:\n\nIn your blog you are using the new attribute to load the DesignTimeServiceLocator.\r\n\r\n[assembly: DesignTimeCode(typeof(WpfApplication.Catel.DesignTimeServiceLocator))]\r\n\r\nBut I cannot find this declaration in your example. When I add it, I get the error that the type DesignTimeServiceLocator is unknown."
        },
        {
            "created_at": "2014-03-07T08:48:57Z",
            "body": "Comment created by @geertvanhorrik:\n\nIt's an example attribute (DesignTimeServiceLocator), you can define your own like the example app does. Did you restart Visual Studio after updating \/ downloading the packages? Make sure to do a rebuild."
        },
        {
            "created_at": "2014-03-07T09:04:43Z",
            "body": "Comment created by Stefan:\n\nAfter restarting VS it works like a charm. Thanks! Well done!"
        },
        {
            "created_at": "2014-03-06T13:46:24Z",
            "body": "Issue was closed with resolution \"Fixed\""
        }
    ]
}