{
    "issue": {
        "title": "CTL-213: Update FluentValidation to v5",
        "body": "Jira issue originally created by user @geertvanhorrik:\n\nUpdate Fluent to the latest version.",
        "created_at": "2013-10-26T16:22:21Z",
        "closed": true,
        "labels": [
            "Task"
        ],
        "milestone": 15,
        "assignee": "geertvanhorrik"
    },
    "comments": [
        {
            "created_at": "2013-10-26T16:27:20Z",
            "body": "Comment created by @geertvanhorrik:\n\nDone."
        },
        {
            "created_at": "2013-10-26T16:27:20Z",
            "body": "Issue was closed with resolution \"Fixed\""
        }
    ]
}