{
    "issue": {
        "title": "CTL-129: Add BatchLogListenerBase",
        "body": "Jira issue originally created by user @geertvanhorrik:\n\nAdd a batch log listener.",
        "created_at": "2013-07-24T17:18:27Z",
        "closed": true,
        "labels": [
            "Task"
        ],
        "milestone": 16,
        "assignee": "geertvanhorrik"
    },
    "comments": [
        {
            "created_at": "2013-07-24T22:05:47Z",
            "body": "Comment created by @geertvanhorrik:\n\nAdded docs."
        },
        {
            "created_at": "2013-07-24T22:12:33Z",
            "body": "Issue was closed with resolution \"Fixed\""
        }
    ]
}