{
    "issue": {
        "title": "CTL-425: Model \"editing\" management appears to be in the wrong order",
        "body": "Jira issue originally created by user rchastain@telemetrylabs.com:\n\nIEditableObject.BeginEdit, CancelEdit and EndEdit all have calls to their respective OnXXXEdit.  BeginEdit processes the beginEditingEvent and calls OnBeginEdit BEFORE checking if a backup already exists.  I think this is correct because it allows user overrides to process the event as they see fit.\r\n\r\nHowever, CancelEdit and EndEdit both check for the absence of a backup before doing the event processing and calling OnXXXEdit.  This is not symmetrical with the begin processing, in that the overrides are never called and the user code does not know that the cancel was done.\r\n\r\nI believe that it is reasonable to expect the full complement of events on each call and the user code handling of the event should not depend on the internal state (backup in this case) of the Catel framework.",
        "created_at": "2014-04-25T15:46:06Z",
        "closed": true,
        "labels": [
            "Bug"
        ],
        "milestone": 12,
        "assignee": "geertvanhorrik"
    },
    "comments": [
        {
            "created_at": "2014-04-25T16:53:27Z",
            "body": "Comment created by @geertvanhorrik:\n\nThe question is: **is** there a Cancel event when there is no backup?"
        },
        {
            "created_at": "2014-04-25T17:00:22Z",
            "body": "Comment created by rchastain@telemetrylabs.com:\n\nThe answer is that in Catel, No, but I believe should be.  The model is 'being canceled'.  Canceling CAN mean restore the backup or, or it could mean something else to someone else.  There is no real reason to tie that to a Catel backup.  It is a state of the model, not an attribute."
        },
        {
            "created_at": "2014-04-25T17:44:17Z",
            "body": "Comment created by rchastain@telemetrylabs.com:\n\nWhile we are talking about this, (I hope we are talking about it), it would be really nice (and extremely useful) to put in an public virtual OnCancelEditCompleted on ModelBase.  Why you ask?  That would allow user code to know when to ignore OnPropertyChanged Event for keeping track of dirty models.\r\n\r\nThe issue I have is that I Cancel the ViewModel.  In the OnCancelEdit I clear MY dirty model flag, but then as the properties are rolled back, I must set the dirty flag again from the OnPropertyChanged event.\r\n\r\nIf you don't like the method, you could add a IsCanceling or IsRestoring to the AdvancedPropertyChangedEventArgs and set that when the property set is from the cancel code."
        },
        {
            "created_at": "2014-04-27T06:33:11Z",
            "body": "Comment created by @geertvanhorrik:\n\nSounds good. Are you interested in doing a pull request?"
        },
        {
            "created_at": "2014-05-16T15:56:18Z",
            "body": "Comment created by @geertvanhorrik:\n\nPull request received, applying Catel code formatting."
        },
        {
            "created_at": "2014-05-16T15:58:13Z",
            "body": "Comment created by @geertvanhorrik:\n\nDone. Thanks for the pull request!"
        },
        {
            "created_at": "2014-05-16T15:58:13Z",
            "body": "Issue was closed with resolution \"Fixed\""
        }
    ]
}