{
    "issue": {
        "title": "CTL-468: Weave LogManager.GetCurrentClassLogger() into LogManager.GetLogger(typeof(classname))",
        "body": "Jira issue originally created by user @geertvanhorrik:\n\nNot all platforms support reflection to determine the final class. Catel.Fody could automatically convert so all platforms support the actual type instead of falling back to System.Object.",
        "created_at": "2014-06-21T22:59:20Z",
        "closed": true,
        "labels": [
            "Improvement"
        ],
        "milestone": 12,
        "assignee": "geertvanhorrik"
    },
    "comments": [
        {
            "created_at": "2014-06-21T23:58:50Z",
            "body": "Comment created by @geertvanhorrik:\n\nShould give a very unnoticeable performance improvement as well."
        },
        {
            "created_at": "2014-06-22T00:11:20Z",
            "body": "Comment created by @geertvanhorrik:\n\nFixed and released."
        },
        {
            "created_at": "2014-06-22T00:11:20Z",
            "body": "Issue was closed with resolution \"Fixed\""
        }
    ]
}