{
    "issue": {
        "title": "CTL-210: Write example on how to replace IoC components",
        "body": "Jira issue originally created by user @geertvanhorrik:\n\nShow examples, based on this discussion:\r\n\r\nhttp:\/\/stackoverflow.com\/questions\/19550414\/replacing-ioc-container-in-catel\/19559178?noredirect=1#comment29043273_19559178",
        "created_at": "2013-10-24T17:51:24Z",
        "closed": true,
        "labels": [
            "Task"
        ],
        "assignee": "geertvanhorrik"
    },
    "comments": [
        {
            "created_at": "2013-12-16T18:38:07Z",
            "body": "Comment created by @geertvanhorrik:\n\nAlso see this post:\r\n\r\nhttp:\/\/stackoverflow.com\/questions\/18728206\/how-would-i-use-autofac-as-the-primary-container-in-catel"
        },
        {
            "created_at": "2014-02-04T21:01:50Z",
            "body": "Comment created by @geertvanhorrik:\n\nUpdated documentation in 3.9. It should be much easier now."
        },
        {
            "created_at": "2014-02-04T21:01:50Z",
            "body": "Issue was closed with resolution \"Won't Fix\""
        }
    ]
}