{
    "issue": {
        "title": "CTL-232: XmlSerialization of complex types",
        "body": "Jira issue originally created by user @geertvanhorrik:\n\nSee this issue for more details:\r\n\r\nhttps:\/\/github.com\/Catel\/Catel\/pull\/3#issuecomment-28446056",
        "created_at": "2013-11-14T19:17:13Z",
        "closed": true,
        "labels": [
            "Task"
        ],
        "milestone": 13,
        "assignee": "geertvanhorrik"
    },
    "comments": [
        {
            "created_at": "2013-11-14T20:02:45Z",
            "body": "Comment created by @geertvanhorrik:\n\nThank you very much for providing unit tests to reproduce this scenario. I will try to fix it. But project templates and getting started section first!\r\n"
        },
        {
            "created_at": "2013-11-18T21:22:10Z",
            "body": "Comment created by @geertvanhorrik:\n\nConsider using the XmlSerializer to have more control over the serialization."
        },
        {
            "created_at": "2013-11-18T23:25:47Z",
            "body": "Comment created by jdehaan:\n\nOk :-) but this is not a situation that actually would require special handling. It works with interfaces why not with abstract classes? (The reason why I use an abstract base class instead of an interface is because I want to ensure in the plugin that the implementer actually wires up his code with a special base implementation) IMHO I see the use of the XmlSerializer in this case more like a workaround. I understand this is damn hard to get working.... But I would say this is not a completely border case situation. I don't know if it has to deal with KnownTypes only or if this can be reproduced also in another way without KnownTypes, that would raise the probability of other people running into that \"issue\".\r\n\r\nI understand there are also probably much higher priorities than getting this working, though. With my poor knowledge of how this is built up I think you're fully right that this is a matter of context for the implementing types of a base type. I was running the code step by step quite a few times until I just get a roughly background understanding of what's going on. If you want to concentrate on other things as long as I'm the only one \"suffering\" from this, please go on. I'm quite busy this week. I hope I'll get some time to get into it again."
        },
        {
            "created_at": "2013-11-20T20:29:19Z",
            "body": "Comment created by @geertvanhorrik:\n\nI am going to postpone this to 3.9. Don't want to break anything in the last stage of 3.8"
        },
        {
            "created_at": "2013-11-20T20:49:30Z",
            "body": "Comment created by @geertvanhorrik:\n\nSplitted all namespaces and added a NamespaceManager to allow full customization of namespaces in the future. In 3.9 this will be finished."
        },
        {
            "created_at": "2013-12-24T20:49:12Z",
            "body": "Comment created by @geertvanhorrik:\n\nContinuing development."
        },
        {
            "created_at": "2013-12-24T21:30:14Z",
            "body": "Comment created by @geertvanhorrik:\n\nI think I got it working :D"
        },
        {
            "created_at": "2013-12-24T23:37:04Z",
            "body": "Comment created by jdehaan:\n\nSounds like it's my X-mas present! :-D\r\n\r\nMany thanks & happy X-Mas to you too.\r\n"
        },
        {
            "created_at": "2013-12-24T22:00:16Z",
            "body": "Issue was closed with resolution \"Fixed\""
        }
    ]
}