{
    "issue": {
        "title": "CTL-504: Catel.Fody GenerateXmlSchema and WeaveProperties Bug",
        "body": "Jira issue originally created by user facos:\n\nHi Geert,\r\n\r\ni have attached a repro because there are two problems with the latest Catel:\r\n\r\n- Catel Fody generates a \"sequence contains no matching element\" error when setting  WeaveProperties=\"true\" in project Shared (FodyWeavers.xml + Rebuild)\r\n  \r\n- (Shared) ModelBases cannot be used in conjuction with Catel.Fody (GenerateXmlSchemas) and \r\n  Wcf Services. This seems to be broken because:\r\n  \r\n  The generated ServiceReference1 in the Test solution throws a SerializationException.\r\n  (client models were generated by the visual studio tool).\r\n  \r\n  The generated ServiceReference2 in the Test solution returns two models with empty properties \r\n  from the wcf service (modelbases were reused\/shared).\r\n  \r\nCould you please take a look at it? \r\nMany thanks!",
        "created_at": "2014-08-09T21:43:31Z",
        "closed": true,
        "labels": [
            "Bug"
        ],
        "milestone": 12,
        "assignee": "geertvanhorrik"
    },
    "comments": [
        {
            "created_at": "2014-08-11T11:20:41Z",
            "body": "Comment created by @geertvanhorrik:\n\nDid you use the latest prerelease version of Catel.Fody?"
        },
        {
            "created_at": "2014-08-11T11:33:16Z",
            "body": "Comment created by facos:\n\nYes, i'm using the latest nuget prerelease version.\r\n\r\nCatel.Core 4.0.0-unstable0426\r\nCatel.Fody 2.3.0-unstable0018"
        },
        {
            "created_at": "2014-08-11T11:53:21Z",
            "body": "Comment created by @geertvanhorrik:\n\nFirst issue (sequence contains...) is fixed. Now looking into the 2nd one (but it is an will always be a nasty one :-( )"
        },
        {
            "created_at": "2014-08-19T10:11:14Z",
            "body": "Comment created by @geertvanhorrik:\n\nWith GenerateXmlSchemas disabled, it doesn't work (you cannot reuse models). With GenerateXmlSchemas, it is possible (the generated reference picks up the models on both the client and the server)."
        },
        {
            "created_at": "2014-08-19T10:13:39Z",
            "body": "Comment created by @geertvanhorrik:\n\nThe string being returned isn't parsed correctly:\r\n\r\n```\r\n<b:Model1 xmlns:b=\"http:\/\/schemas.datacontract.org\/2004\/07\/Shared\">&lt;IsoCode&gt;1&lt;\/IsoCode&gt;&lt;Description&gt;foo&lt;\/Description&gt;<\/b:Model1>\r\n```"
        },
        {
            "created_at": "2014-08-19T10:36:24Z",
            "body": "Comment created by @geertvanhorrik:\n\nAdding new constructors to XmlSerializationContext so it can also accept and **XmlReader* and *string** so it can automatically decode http encoded values."
        },
        {
            "created_at": "2014-08-19T11:20:14Z",
            "body": "Comment created by @geertvanhorrik:\n\nI am now retrieving valid values for the 2nd option. Testing first one now."
        },
        {
            "created_at": "2014-08-19T11:21:36Z",
            "body": "Comment created by @geertvanhorrik:\n\nThe first option doesn't pick up the existing (shared) models."
        },
        {
            "created_at": "2014-08-19T11:40:22Z",
            "body": "Comment created by @geertvanhorrik:\n\nFixed."
        },
        {
            "created_at": "2014-08-19T11:40:22Z",
            "body": "Issue was closed with resolution \"Fixed\""
        }
    ]
}