{
    "issue": {
        "title": "CTL-481: Share lock for ServiceLocator \/ TypeFactory \/ DependencyResolver",
        "body": "Jira issue originally created by user @geertvanhorrik:\n\nIt is possible to cause a deadlock when thread 1 is calling ServiceLocator.ResolveType which needs to be created by a typefactory and thread 2 is using the TypeFactory to create a type and one of the injected parameters needs to be injected.\r\n\r\nThe solution is to introduce a lock object on the ServiceLocator that can be shared with the TypeFactory \/ DependencyResolver.",
        "created_at": "2014-07-08T14:41:57Z",
        "closed": true,
        "labels": [
            "Improvement"
        ],
        "milestone": 12,
        "assignee": "geertvanhorrik"
    },
    "comments": [
        {
            "created_at": "2014-07-08T15:46:42Z",
            "body": "Comment created by @geertvanhorrik:\n\nImplemented this with a Lock property on ServiceLocator. Another option could be to always lock the servicelocator instance (lock (this) or lock (serviceLocator)), we might change this in the future."
        },
        {
            "created_at": "2014-07-08T15:46:46Z",
            "body": "Issue was closed with resolution \"Fixed\""
        }
    ]
}