{
    "issue": {
        "title": "CTL-19: Create blog post about \"Catel in the enterprise\"",
        "body": "Jira issue originally created by user @geertvanhorrik:\n\nBlog post about why it does not only cover MVVM.",
        "created_at": "2013-03-08T18:25:59Z",
        "closed": true,
        "labels": [
            "Task"
        ],
        "assignee": "geertvanhorrik"
    },
    "comments": [
        {
            "created_at": "2013-07-13T14:58:17Z",
            "body": "Comment created by @geertvanhorrik:\n\nMoved to 3.8"
        },
        {
            "created_at": "2013-10-21T18:41:16Z",
            "body": "Comment created by @geertvanhorrik:\n\nNot 3.8 release specific."
        },
        {
            "created_at": "2014-04-10T17:45:53Z",
            "body": "Comment created by @geertvanhorrik:\n\nNot for Catel issue tracker."
        },
        {
            "created_at": "2014-04-10T17:45:53Z",
            "body": "Issue was closed with resolution \"Won't Fix\""
        }
    ]
}