{
    "issue": {
        "title": "CTL-354: Introduce UnloadBehavior to UserControl",
        "body": "Jira issue originally created by user @geertvanhorrik:\n\nIntroduce UnloadBehavior to UserControl:\r\n\r\n* CloseViewModel\r\n* SaveAndCloseViewModel\r\n* CancelAndCloseViewModel",
        "created_at": "2014-02-18T13:37:10Z",
        "closed": true,
        "labels": [
            "Improvement"
        ],
        "milestone": 12,
        "assignee": "geertvanhorrik"
    },
    "comments": [
        {
            "created_at": "2014-02-18T13:52:09Z",
            "body": "Comment created by @geertvanhorrik:\n\nImplemented."
        },
        {
            "created_at": "2014-06-19T12:03:43Z",
            "body": "Issue was closed with resolution \"Fixed\""
        }
    ]
}