{
    "issue": {
        "title": "CTL-440: Support nested view models (parent \/ child relations) when views are in ContentPresenter",
        "body": "Jira issue originally created by user @geertvanhorrik:\n\nViewExtensions.FindParentByPredicate only checks view.Parent and view.TemplatedParent. When a view is put in a ContentPresenter, only VisualTreeHelper.GetParent will return a valid parent.",
        "created_at": "2014-05-13T18:27:14Z",
        "closed": true,
        "labels": [
            "Improvement"
        ],
        "milestone": 12,
        "assignee": "geertvanhorrik"
    },
    "comments": [
        {
            "created_at": "2014-05-13T18:36:25Z",
            "body": "Comment created by @geertvanhorrik:\n\nFixed."
        },
        {
            "created_at": "2014-05-13T18:36:25Z",
            "body": "Issue was closed with resolution \"Fixed\""
        }
    ]
}