{
    "issue": {
        "title": "CTL-1016: Implement ISelectDirectoryService for UWP",
        "body": "Jira issue originally created by user @geertvanhorrik:\n\nSee https:\/\/docs.microsoft.com\/en-us\/windows\/uwp\/files\/quickstart-using-file-and-folder-pickers",
        "created_at": "2017-02-18T11:52:06Z",
        "closed": true,
        "labels": [
            "Task"
        ],
        "milestone": 1,
        "assignee": "geertvanhorrik"
    },
    "comments": [
        {
            "created_at": "2017-02-18T14:52:10Z",
            "body": "Comment created by @geertvanhorrik:\n\nDone."
        },
        {
            "created_at": "2017-02-18T14:52:10Z",
            "body": "Issue was closed with resolution \"Fixed\""
        }
    ]
}