{
    "issue": {
        "title": "CTL-21: Create NServiceBus implementation of the ServiceLocator",
        "body": "Jira issue originally created by user @geertvanhorrik:\n\nCreate NServiceBus container support for Catel.",
        "created_at": "2013-03-09T13:32:50Z",
        "closed": true,
        "labels": [
            "New Feature"
        ],
        "assignee": "geertvanhorrik"
    },
    "comments": [
        {
            "created_at": "2014-02-04T21:00:59Z",
            "body": "Issue was closed with resolution \"Won't Fix\""
        }
    ]
}