{
    "issue": {
        "title": "CTL-154: DependencyResolver and DependencyResolverManager",
        "body": "Jira issue originally created by user @geertvanhorrik:\n\neThe vm is not aware of the DependencyResolver or DependencyResolverManager. Only if a custom servicelocator instance is used, an object (doesn't matter which) can register the instance together with the dependencyresolver (again, this is not the responsibility of the vm). DependencyResolverManager is a singleton (default instance, but can be instantiated).\r\n\r\nYou know what to return, because the test will look like this:\r\n\r\n```\r\nvar serviceLocator = new ServiceLocator();\r\n\/\/ TODO: register all mocked objects in the service locator\r\n\r\nvar typeFactory = serviceLocator.ResolveType<ITypeFactory>();\r\nvar dependencyResolver = new CatelDependencyResolver(serviceLocator);\r\nvar dependencyResolverManager = DependencyResolverManager.Default;\r\n\r\n\/\/ Automatic injection via the type factory which belongs to the newly instantiated servicelocator\r\nvar vm = typeFactory.CreateInstance<MyViewModel>();\r\ndependencyResolverManager.RegisterInstance(vm, dependencyResolver);\r\n```\r\n\r\nThis is an example of a unit test, but the same idea can be used to isolate service locators on thread-level or different scopes. I hope you understand this is not \"just another wrapper\" but a very powerful manner to have full control on what happens without putting this responsibility on all objects. Thanks to this scoping, this will even work inside extension methods because you can retrieve the actual dependency resolver of a type which is not aware that its dependency resolver is being managed externally.\r\n\r\nFor more information, see https:\/\/github.com\/Orcomp\/Orchestra\/issues\/14#issuecomment-22656126",
        "created_at": "2013-08-14T21:41:44Z",
        "closed": true,
        "labels": [
            "Task"
        ],
        "milestone": 16,
        "assignee": "geertvanhorrik"
    },
    "comments": [
        {
            "body": "empty body",
            "created_at": "2013-08-14T21:41:44Z"
        },
        {
            "created_at": "2013-08-16T09:15:37Z",
            "body": "Comment created by @geertvanhorrik:\n\nConsidering to automatically register the dependencyresolver for an instance when an object is created by the typefactory."
        },
        {
            "created_at": "2013-08-16T09:32:15Z",
            "body": "Comment created by @geertvanhorrik:\n\nCreating documentation."
        },
        {
            "created_at": "2013-08-16T10:05:48Z",
            "body": "Comment created by @geertvanhorrik:\n\nDocs are done."
        },
        {
            "created_at": "2013-08-16T10:50:06Z",
            "body": "Comment created by @geertvanhorrik:\n\nHad to implement a custom version of ConditionalWeakTable for Windows Phone 7.x"
        },
        {
            "created_at": "2013-08-16T12:23:21Z",
            "body": "Comment created by @geertvanhorrik:\n\nDone."
        },
        {
            "created_at": "2013-08-16T12:23:21Z",
            "body": "Issue was closed with resolution \"Fixed\""
        }
    ]
}