{
    "issue": {
        "title": "CTL-225: Added NoWeaving attribute to Fody to exclude properties or classes from being weaved",
        "body": "Jira issue originally created by user @geertvanhorrik:\n\na property or class must be decorated by an attribute.",
        "created_at": "2013-11-06T21:51:54Z",
        "closed": true,
        "labels": [
            "Task"
        ],
        "milestone": 15,
        "assignee": "geertvanhorrik"
    },
    "comments": [
        {
            "created_at": "2013-11-09T18:32:15Z",
            "body": "Comment created by @geertvanhorrik:\n\nDocumented and implemented."
        },
        {
            "created_at": "2013-11-09T18:32:15Z",
            "body": "Issue was closed with resolution \"Fixed\""
        }
    ]
}