{
    "issue": {
        "title": "CTL-421: UserControl doesn't refresh on DataContextChanged when used as data template",
        "body": "Jira issue originally created by user @geertvanhorrik:\n\nThe issue is that the views return the Parent. The Parent is null when used as a template.",
        "created_at": "2014-04-23T16:59:06Z",
        "closed": true,
        "labels": [
            "Bug"
        ],
        "milestone": 12,
        "assignee": "geertvanhorrik"
    },
    "comments": [
        {
            "created_at": "2014-04-23T16:59:31Z",
            "body": "Comment created by @geertvanhorrik:\n\nUse FrameworkElementExtensions.GetParent instead which checks the TemplatedParent."
        },
        {
            "created_at": "2014-04-23T17:02:52Z",
            "body": "Comment created by @geertvanhorrik:\n\nfixed!"
        },
        {
            "created_at": "2014-04-23T17:02:52Z",
            "body": "Issue was closed with resolution \"Fixed\""
        }
    ]
}