{
    "issue": {
        "title": "CTL-203: The Load Method of Catel.Data.ModelBase will call the constructor of the deserialized class two times",
        "body": "Jira issue originally created by user metasong:\n\npublic static T Load<T>(Stream stream, SerializationMode mode, bool enableRedirects = false) where T : class\r\nmethord will creat two object of the deserialized class by call the constructor two times. This kind of behavior should not happen, because maybe in the constructor we will could do some global event or command association.\r\n============================================\r\nand also there should be a none generic methord of Load:\r\n public static object Load(Type type, Stream stream, SerializationMode mode, bool enableRedirects = false)\r\notherwise we had to do this:\r\nILayoutContentViewModel contentViewModel = (ILayoutContentViewModel)typeof(ModelBase).GetMethod(\"Load\", new Type[] { typeof(Stream), typeof(SerializationMode), typeof(bool) }).MakeGenericMethod(packagePartType).Invoke(null, new object[] { packagePartOfContentViewModel.GetStream(), SerializationMode.Xml, false });\r\nif we have a nogeneric Load, we could do that like this:\r\nILayoutContentViewModel contentViewModel = Load(packagePartType, packagePartOfContentViewModel.GetStream(), SerializationMode.Xml, false) as ILayoutContentViewModel;",
        "created_at": "2013-10-21T04:49:25Z",
        "closed": true,
        "labels": [
            "Bug"
        ],
        "milestone": 15,
        "assignee": "geertvanhorrik"
    },
    "comments": [
        {
            "created_at": "2013-10-21T16:53:35Z",
            "body": "Comment created by metasong:\n\nthe first created obj is not used, and the second created object is returned."
        },
        {
            "created_at": "2013-10-21T22:11:10Z",
            "body": "Comment created by @geertvanhorrik:\n\nAdded non-generic Load method."
        },
        {
            "created_at": "2013-10-21T22:39:09Z",
            "body": "Comment created by @geertvanhorrik:\n\nAnd issue is fixed. Also marked several Load methods as obsolete to make it easier to understand and maintain in the future."
        },
        {
            "created_at": "2013-10-21T22:45:19Z",
            "body": "Comment created by @geertvanhorrik:\n\nAll will be available in the new nightly build for 3.8 which is currently being built."
        },
        {
            "created_at": "2013-10-22T03:02:55Z",
            "body": "Comment created by metasong:\n\nmany thanks!!!"
        },
        {
            "created_at": "2013-10-21T22:45:27Z",
            "body": "Issue was closed with resolution \"Fixed\""
        }
    ]
}