{
    "issue": {
        "title": "CTL-221: Support property dependency injection",
        "body": "Jira issue originally created by user @geertvanhorrik:\n\nSupport property injection such as:\r\n\r\n[Import()]\r\npublic IMyInterface MyProperty { get; set; }\r\n\r\nWe can have several options:\r\n\r\n1) Type can be specified (and should be casted automatically)\r\n2) Tag\r\n\r\nPrivate setters will not be supported.\r\n\r\nAlso update the docs.",
        "created_at": "2013-11-05T14:47:31Z",
        "closed": true,
        "labels": [
            "Task"
        ],
        "milestone": 15,
        "assignee": "geertvanhorrik"
    },
    "comments": [
        {
            "created_at": "2013-11-06T17:36:31Z",
            "body": "Comment created by @geertvanhorrik:\n\nWritten docs:\r\n\r\nhttps:\/\/catelproject.atlassian.net\/wiki\/display\/CTL\/Dependency+injection#Dependencyinjection-Propertyinjection"
        },
        {
            "created_at": "2013-11-06T17:54:45Z",
            "body": "Comment created by @geertvanhorrik:\n\nDone."
        },
        {
            "created_at": "2013-11-06T17:54:45Z",
            "body": "Issue was closed with resolution \"Fixed\""
        }
    ]
}