{
    "issue": {
        "title": "CTL-387: AutoComplete service and behavior",
        "body": "Jira issue originally created by user @geertvanhorrik:\n\nAn auto complete service and behavior.",
        "created_at": "2014-03-12T16:51:48Z",
        "closed": true,
        "labels": [
            "New Feature"
        ],
        "milestone": 12,
        "assignee": "geertvanhorrik"
    },
    "comments": [
        {
            "created_at": "2014-03-12T17:42:37Z",
            "body": "Comment created by @geertvanhorrik:\n\nCode added. Only documentation left."
        },
        {
            "created_at": "2014-03-12T18:06:05Z",
            "body": "Comment created by @geertvanhorrik:\n\nWritten docs:\r\n\r\nhttps:\/\/catelproject.atlassian.net\/wiki\/display\/CTL\/AutoCompletionBehavior"
        },
        {
            "created_at": "2014-03-12T18:06:10Z",
            "body": "Comment created by @geertvanhorrik:\n\nFixed."
        },
        {
            "created_at": "2014-03-12T18:06:10Z",
            "body": "Issue was closed with resolution \"Fixed\""
        }
    ]
}