{
    "issue": {
        "title": "CTL-162: nested user controls slowdown with modern ui window",
        "body": "Jira issue originally created by user lipchev:\n\nThis simple scenario really slows down the ui in comparison with the simple Window\/DataWindow.",
        "created_at": "2013-08-25T14:43:10Z",
        "closed": true,
        "labels": [
            "Bug"
        ],
        "milestone": 16,
        "assignee": "geertvanhorrik"
    },
    "comments": [
        {
            "created_at": "2013-08-26T13:35:45Z",
            "body": "Comment created by @geertvanhorrik:\n\nAdd this to your app.xaml.cs:\n\n```\n    public partial class App : Application\n    {\n        protected override void OnStartup(StartupEventArgs e)\n        {\n\/\/#if DEBUG\n\/\/            LogManager.RegisterDebugListener();\n\/\/#endif\n\n            UserControlLogic.DefaultCreateWarningAndErrorValidatorForViewModelValue = false;\n            UserControlLogic.DefaultSkipSearchingForInfoBarMessageControlValue = true;\n\n            base.OnStartup(e);\n        }\n    }\n```"
        },
        {
            "created_at": "2013-08-26T13:36:36Z",
            "body": "Issue was closed with resolution \"Fixed\""
        }
    ]
}