{
    "issue": {
        "title": "CTL-153: GetChildViewModels",
        "body": "Jira issue originally created by user rajiv.mounguengue:\n\nGive the possibility to get children viewModels of a specified viewModel using ViewModelManager",
        "created_at": "2013-08-14T11:45:24Z",
        "closed": true,
        "labels": [
            "Bug"
        ],
        "milestone": 16
    },
    "comments": [
        {
            "created_at": "2013-08-14T18:51:53Z",
            "body": "Comment created by @geertvanhorrik:\n\nIEnumerable<IRelationalViewModel> GetChildViewModels(IViewMode viewModel); or\n\nIEnumerable<IRelationalViewModel> GetChildViewModels(int viewModelIdentifier);\n\nin IViewModelManager to allow us retrieving all children of the specified VM.\n"
        },
        {
            "created_at": "2013-08-17T21:55:04Z",
            "body": "Comment created by @geertvanhorrik:\n\nPlease implement including unit tests."
        },
        {
            "created_at": "2013-08-19T10:30:33Z",
            "body": "Comment created by rajiv.mounguengue:\n\nI think, we need to add IViewModel ParentViewModel { get; } property in IRelationalViewModel first."
        },
        {
            "created_at": "2013-08-19T20:37:29Z",
            "body": "Comment created by @geertvanhorrik:\n\nOk, if that is needed for these additional methods, then do it please."
        },
        {
            "created_at": "2013-08-26T09:49:10Z",
            "body": "Comment created by rajiv.mounguengue:\n\nDone."
        },
        {
            "created_at": "2013-08-26T09:49:10Z",
            "body": "Issue was closed with resolution \"Fixed\""
        }
    ]
}