{
    "issue": {
        "title": "CTL-182: Leaking ViewModels on controls within ContentControl",
        "body": "Jira issue originally created by user IvanKupriyanov:\n\nWe found **MASSIVE** memory leak in our project. After digging here and there i think i found the problem. When user control unloads from ContentControl it won't unsubscribe from Saving and Canceling events from parent ViewModel.\r\n\r\n**How to use test test project:**\r\n1) Set two breakpoints on SubscribeToParentViewModel and UnsubscribeFromParentViewModel.\r\n2) Press Foo button - Foo control loaded into ContentControl and subscribed.\r\n3) Press Bar button - Bar control loaded into ContentControl and subscribed. Foo control from step 2 not unsubscribed.\r\n4) Press FooBar - FooBar control loaded into ContentControl with Foo and Bar controls.\r\n5) Press Foo - Foo control loaded into ContentControl , Foo and Bar controls from step 4 unsubscribed, FooBar control from step 4 not unsubscribed.\r\n\r\nWe have a problems in finding workaround for this problem. Removing all contentcontrols and adding all used usercontrols into view and select their visibility is not a good way. Need your help.",
        "created_at": "2013-10-02T12:08:48Z",
        "closed": true,
        "labels": [
            "Bug"
        ],
        "milestone": 16,
        "assignee": "geertvanhorrik"
    },
    "comments": [
        {
            "created_at": "2013-10-07T05:55:36Z",
            "body": "Comment created by bmv74:\n\nI've found the same troubles.\r\nI've just investigated that the possible problem in method UserControlLogic.UnsubscribeFromParentViewModelContainer.\r\nIt looks like sometime (maybe always) this method is being called before calling OnParentViewModelContainerViewModelChanged, which is freeing these event handlers.\r\n\r\nI think in this method we should call UnsubscribeFromParentViewModel() before unsubscribing event _parentViewModelContainer.ViewModelChanged.\r\nIn other case the actions orders in methods SubscribeFromParentViewModelContainer and UnsubscribeFromParentViewModelContainer are different. \r\n"
        },
        {
            "created_at": "2013-10-07T18:00:10Z",
            "body": "Comment created by @geertvanhorrik:\n\nFixed."
        },
        {
            "created_at": "2013-10-07T18:00:10Z",
            "body": "Issue was closed with resolution \"Fixed\""
        }
    ]
}