{
    "issue": {
        "title": "CTL-289: Variant for IPleaseWait service for Windows Phone 8",
        "body": "Jira issue originally created by user shuufi:\n\nI've been using the IPleaseWait. While it's great to have it, would it be possible to Catel to include support for SystemTray as well. Either as independent service or part of IPleaseWait where we are to choose between full screen or tray base please-wait.\r\n\r\nThanks!",
        "created_at": "2014-01-03T11:14:55Z",
        "closed": true,
        "labels": [
            "Improvement"
        ],
        "assignee": "geertvanhorrik"
    },
    "comments": [
        {
            "created_at": "2014-01-03T15:57:59Z",
            "body": "Comment created by @geertvanhorrik:\n\nWe have no plans to implement such a service. But if you provide an implementation, we are happy to include it in Catel."
        },
        {
            "created_at": "2014-05-14T09:58:12Z",
            "body": "Issue was closed with resolution \"Won't Fix\""
        }
    ]
}