{
    "issue": {
        "title": "CTL-1002: Behavior WindowEventToCommand ",
        "body": "Jira issue originally created by user gofrogi:\n\nHello,\r\n\r\nin source code of catel i found the Behavior WindowEventToCommand.\r\nCan you please post a short example how to use?\r\n\r\nthanks.\r\n",
        "created_at": "2017-01-03T17:46:19Z",
        "closed": true,
        "labels": [
            "Question"
        ],
        "milestone": 3,
        "assignee": "geertvanhorrik"
    },
    "comments": [
        {
            "created_at": "2017-01-12T14:51:53Z",
            "body": "Comment created by @geertvanhorrik:\n\nIt works exactly the same as EventToCommand, except that it searches for the root Window instead of the attached visual for events."
        },
        {
            "created_at": "2017-01-12T14:52:03Z",
            "body": "Issue was closed with resolution \"Fixed\""
        }
    ]
}