{
    "issue": {
        "title": "CTL-137: Weaving expose property",
        "body": "Jira issue originally created by user @geertvanhorrik:\n\nWhat do you think about weaving exposed from model properties to real Catel properties inside a view model?\r\n\r\nExample:\r\n\r\n```\r\n      public class RecordViewModel : ViewModelBase\r\n      {\r\n            [Model]\r\n            [Expose(\"Id\")]\r\n            public Record Record { get; set; }\r\n      }\r\n```\r\n\r\nweaved into something like this:\r\n\r\n```\r\n      public class RecordViewModel : ViewModelBase\r\n      {\r\n            [Model]\r\n            [Expose(\"Id\")]\r\n            public Record Record { get; set; }\r\n\r\n            #region Id property\r\n\r\n            \/\/\/ <summary>\r\n            \/\/\/     Id property data.\r\n            \/\/\/ <\/summary>\r\n            public static readonly PropertyData IdProperty = RegisterProperty(\"Id\", typeof(Guid), null);\r\n\r\n            \/\/\/ <summary>\r\n            \/\/\/     Gets or sets the Id value.\r\n            \/\/\/ <\/summary>\r\n            [ViewModelToModel(\"Record\")]\r\n            public Guid Id\r\n            {\r\n                  get { return GetValue<Guid>(IdProperty); }\r\n                  set { SetValue(IdProperty, value); }\r\n            }\r\n\r\n            #endregion\r\n      }\r\n```",
        "created_at": "2013-07-28T18:19:51Z",
        "closed": true,
        "labels": [
            "Task"
        ],
        "milestone": 15,
        "assignee": "geertvanhorrik"
    },
    "comments": [
        {
            "created_at": "2013-11-10T15:24:04Z",
            "body": "Comment created by @geertvanhorrik:\n\nWritten unit tests."
        },
        {
            "created_at": "2013-11-10T15:24:25Z",
            "body": "Comment created by @geertvanhorrik:\n\nWritten documentation."
        },
        {
            "created_at": "2013-11-10T16:55:48Z",
            "body": "Comment created by @geertvanhorrik:\n\nDone!"
        },
        {
            "created_at": "2013-11-20T02:10:43Z",
            "body": "Comment created by Bitfiddler:\n\nThe documentation does not appear to show how to achieve the new fody weaving of exposed properties.   \r\n\r\nThe latest doc I can find:\r\nhttps:\/\/catelproject.atlassian.net\/wiki\/pages\/viewpage.action?pageId=16023682\r\n\r\nIndicates using the syntax:\r\n[Model]\r\n[Expose(\"FirstName\")]\r\n[Expose(\"MiddleName\")]\r\n[Expose(\"LastName\")]\r\nprivate  Person Person\r\n{\r\n    get { return GetValue<Person>(PersonProperty); }\r\n    set { SetValue(PersonProperty, value); }\r\n}\r\n\r\nHowever when this syntax is used, you get a deprication warning in VS2013:\r\nClass \"Catel.MVVM.ExposeAttribute' is obsolete: \"Please use 'Moved to Catel.Fody. For more information, see https:\/\/catelproject.atlassian.net\/browse\/[CTL-137](https:\/\/catelproject.atlassian.net\/browse\/CTL-137)' instead.\r\n\r\nIs there some other weaver that needs to be used other than 'Catel'?"
        },
        {
            "created_at": "2013-11-20T10:08:25Z",
            "body": "Comment created by @geertvanhorrik:\n\nYou should update to the prerelease of Catel.Fody (warning: not production ready yet, use at your own risk). Then the Catel.Fody.Attributes assembly will be added and you should use the Expose attribute from that assembly."
        },
        {
            "created_at": "2013-11-20T17:47:25Z",
            "body": "Comment created by Bitfiddler:\n\nI'm not sure if this is a bug or if I'm doing something wrong (please let me know where I should move this if necessary), when using Fody Expose:\r\n\r\nError\t1\tFody: An unhandled exception occurred:\r\nException:\r\nMember 'System.Double' is declared in another module and needs to be imported\r\nStackTrace:\r\n   at Mono.Cecil.MetadataBuilder.LookupToken(IMetadataTokenProvider provider) in c:\\Code\\cecil\\Mono.Cecil\\AssemblyWriter.cs:line 1963\r\n   at Mono.Cecil.Cil.CodeWriter.WriteOperand(Instruction instruction) in c:\\Code\\cecil\\Mono.Cecil.Cil\\CodeWriter.cs:line 263\r\n   at Mono.Cecil.Cil.CodeWriter.WriteInstructions() in c:\\Code\\cecil\\Mono.Cecil.Cil\\CodeWriter.cs:line 176\r\n   at Mono.Cecil.Cil.CodeWriter.WriteResolvedMethodBody(MethodDefinition method) in c:\\Code\\cecil\\Mono.Cecil.Cil\\CodeWriter.cs:line 138\r\n   at Mono.Cecil.Cil.CodeWriter.WriteMethodBody(MethodDefinition method) in c:\\Code\\cecil\\Mono.Cecil.Cil\\CodeWriter.cs:line 74\r\n   at Mono.Cecil.MetadataBuilder.AddMethod(MethodDefinition method) in c:\\Code\\cecil\\Mono.Cecil\\AssemblyWriter.cs:line 1408\r\n   at Mono.Cecil.MetadataBuilder.AddMethods(TypeDefinition type) in c:\\Code\\cecil\\Mono.Cecil\\AssemblyWriter.cs:line 1402\r\n   at Mono.Cecil.MetadataBuilder.AddType(TypeDefinition type) in c:\\Code\\cecil\\Mono.Cecil\\AssemblyWriter.cs:line 1238\r\n   at Mono.Cecil.MetadataBuilder.AddTypeDefs() in c:\\Code\\cecil\\Mono.Cecil\\AssemblyWriter.cs:line 1211\r\n   at Mono.Cecil.MetadataBuilder.BuildTypes() in c:\\Code\\cecil\\Mono.Cecil\\AssemblyWriter.cs:line 1068\r\n   at Mono.Cecil.MetadataBuilder.BuildModule() in c:\\Code\\cecil\\Mono.Cecil\\AssemblyWriter.cs:line 850\r\n   at Mono.Cecil.ModuleWriter.<BuildMetadata>b*_0(MetadataBuilder builder, MetadataReader *) in c:\\Code\\cecil\\Mono.Cecil\\AssemblyWriter.cs:line 133\r\n   at Mono.Cecil.ModuleDefinition.Read[TItem,TRet](TItem item, Func`3 read) in c:\\Code\\cecil\\Mono.Cecil\\ModuleDefinition.cs:line 758\r\n   at Mono.Cecil.ModuleWriter.BuildMetadata(ModuleDefinition module, MetadataBuilder metadata) in c:\\Code\\cecil\\Mono.Cecil\\AssemblyWriter.cs:line 132\r\n   at Mono.Cecil.ModuleWriter.WriteModuleTo(ModuleDefinition module, Stream stream, WriterParameters parameters) in c:\\Code\\cecil\\Mono.Cecil\\AssemblyWriter.cs:line 108\r\n   at Mono.Cecil.ModuleDefinition.Write(Stream stream, WriterParameters parameters) in c:\\Code\\cecil\\Mono.Cecil\\ModuleDefinition.cs:line 933\r\n   at Mono.Cecil.ModuleDefinition.Write(String fileName, WriterParameters parameters) in c:\\Code\\cecil\\Mono.Cecil\\ModuleDefinition.cs:line 922\r\n   at InnerWeaver.WriteModule() in c:\\TeamCity\\buildAgent\\work\\7495521761d392b9\\FodyIsolated\\ModuleWriter.cs:line 20\r\n   at InnerWeaver.Execute() in c:\\TeamCity\\buildAgent\\work\\7495521761d392b9\\FodyIsolated\\InnerWeaver.cs:line 34\r\nSource:\r\nMono.Cecil\r\nTargetSite:\r\nMono.Cecil.MetadataToken LookupToken(Mono.Cecil.IMetadataTokenProvider)\r\n\tPetersco.PAF.FX\r\n\r\n\r\nUsing Simple ViewModel:\r\n\r\n    using Catel;\r\n    using Catel.Messaging;\r\n    using Catel.MVVM;\r\n    using DAL.Model;\r\n    using FodyExpose = Catel.Fody.ExposeAttribute ;\r\n    using ViewModelBase = Common.ViewModels.ViewModelBase;\r\n\r\n    public class TradeViewModel : ViewModelBase\r\n    {\r\n        public TradeViewModel(ITrade theTrade, IMessageMediator messageMediator) : base(messageMediator)\r\n        {\r\n            Argument.IsNotNull(() => theTrade);\r\n\r\n            SelectedTrade = theTrade;\r\n        }\r\n\r\n        [Model]\r\n        [FodyExpose(\"TradeDate\")]\r\n        [FodyExpose(\"SettleDate\")]\r\n        [FodyExpose(\"AccountType\")]\r\n        [FodyExpose(\"BuySell\")]\r\n        [FodyExpose(\"Symbol\")]\r\n        [FodyExpose(\"Volume\")]\r\n        [FodyExpose(\"StockPrice\")]\r\n        [FodyExpose(\"QuotedRate\")]\r\n        [FodyExpose(\"UserName\")]\r\n        [FodyExpose(\"Comments\")]\r\n        public ITrade SelectedTrade { get; set; }\r\n    }"
        },
        {
            "created_at": "2013-11-20T22:00:29Z",
            "body": "Comment created by @geertvanhorrik:\n\nHmmm, our unit tests succeed. I will look into this."
        },
        {
            "created_at": "2013-11-20T22:00:55Z",
            "body": "Comment created by @geertvanhorrik:\n\nBtw, please do create a new issue for this so it stays manageable."
        },
        {
            "created_at": "2013-11-21T02:53:06Z",
            "body": "Comment created by Bitfiddler:\n\nIssue created: [CTL-243](https:\/\/catelproject.atlassian.net\/browse\/CTL-243)\r\nLet me know if I entered any of the fields incorrectly.  I wasn't sure level of criticality to use, technically there is a work around which is to use the old Expose attribute (so I could say the issue is trivial), but if you were to want to use the Fody attribute then you can't (or at least I was not able to) so that's why I ended up using 'blocked' .  I would like to use\/contribute to this framework and conform to your internal standards for how you like to categorize\/describe issues.  For now I am obviously too new to be of any use other than submitting issues and possibly writing some blog posts on some of my learnings.  Hopefully in time I can help with some documentation and bug fixing... time will tell."
        },
        {
            "created_at": "2013-11-10T16:55:48Z",
            "body": "Issue was closed with resolution \"Fixed\""
        }
    ]
}