{
    "issue": {
        "title": "CTL-257: Catel and DevExpress DockLayoutManager don't work together",
        "body": "Jira issue originally created by user Valentin:\n\nI first asked this question here http:\/\/stackoverflow.com\/questions\/20362782\/catel-and-devexpress-docklayoutmanager-dont-work-together\/20369462#20369462 , but unfortunately the method proposed by Mr.Geert van Horrik not help. I have attached a small application to illustrate the problem.",
        "created_at": "2013-12-04T15:10:59Z",
        "closed": true,
        "labels": [
            "Bug"
        ],
        "milestone": 15,
        "assignee": "geertvanhorrik"
    },
    "comments": [
        {
            "created_at": "2013-12-04T15:13:32Z",
            "body": "Comment created by @geertvanhorrik:\n\nThank you for this issue report. We will look into this."
        },
        {
            "created_at": "2013-12-04T17:35:18Z",
            "body": "Comment created by @geertvanhorrik:\n\nI have investigated this, but unfortunately DevExpress does not pass on the DataContext to underlying controls.\r\n\r\nWhy I use a user control (any, the default WPF or Catel one), the DataContext is correctly passed on to the UserControl and can be used to create the view models. However, when using the DocumentPanel, it seems the DataContext is always null.\r\n\r\nI have attached an example application where you can easily switch between the scenarios. I recommend you to contact DevExpress with this example. If they can't or won't fix it, reconsider using DevExpress."
        },
        {
            "created_at": "2013-12-04T17:36:12Z",
            "body": "Comment created by @geertvanhorrik:\n\nDevExpress issue, we cannot fix that."
        },
        {
            "created_at": "2013-12-04T17:36:12Z",
            "body": "Issue was closed with resolution \"Cannot Reproduce\""
        }
    ]
}