{
    "issue": {
        "title": "CTL-484: Use NUnit for unit tests",
        "body": "Jira issue originally created by user @geertvanhorrik:\n\nUse NUnit because it allows attribute based test specifications (we can run the same test for a lot of different cases with a single test).",
        "created_at": "2014-07-14T09:55:37Z",
        "closed": true,
        "labels": [
            "Task"
        ],
        "milestone": 12,
        "assignee": "geertvanhorrik"
    },
    "comments": [
        {
            "created_at": "2014-07-14T12:59:06Z",
            "body": "Comment created by @geertvanhorrik:\n\nAll tests converted, now we can improve the unit tests by using different cases using attributes."
        },
        {
            "created_at": "2014-07-14T14:23:00Z",
            "body": "Issue was closed with resolution \"Fixed\""
        }
    ]
}