{
    "issue": {
        "title": "CTL-319: Add ParallelHelper to execute large sets in batches",
        "body": "Jira issue originally created by user @geertvanhorrik:\n\nSometimes a developer needs to execute a method on a large set of items. This must be easily invokable using the ParallelHelper.",
        "created_at": "2014-02-01T17:11:27Z",
        "closed": true,
        "labels": [
            "Task"
        ],
        "milestone": 13,
        "assignee": "geertvanhorrik"
    },
    "comments": [
        {
            "created_at": "2014-02-01T17:14:10Z",
            "body": "Comment created by @geertvanhorrik:\n\nDone!"
        },
        {
            "created_at": "2014-02-01T17:18:51Z",
            "body": "Comment created by @geertvanhorrik:\n\nLinked documentation."
        },
        {
            "created_at": "2014-02-01T17:14:10Z",
            "body": "Issue was closed with resolution \"Fixed\""
        }
    ]
}