{
    "issue": {
        "title": "CTL-196: Use DebuggerNonUserCode attribute in Argument checks",
        "body": "Jira issue originally created by user @geertvanhorrik:\n\nInstead of DebuggerStepThrough, use the DebuggerNonUserCode instead.",
        "created_at": "2013-10-14T18:05:02Z",
        "closed": true,
        "labels": [
            "Task"
        ],
        "milestone": 15,
        "assignee": "geertvanhorrik"
    },
    "comments": [
        {
            "created_at": "2013-10-18T20:00:27Z",
            "body": "Comment created by @geertvanhorrik:\n\nDone."
        },
        {
            "created_at": "2013-10-18T20:00:27Z",
            "body": "Issue was closed with resolution \"Fixed\""
        }
    ]
}