{
    "issue": {
        "title": "CTL-493: Make LogListenerBase empthy virtual methods abstract",
        "body": "Jira issue originally created by user Towelie:\n\nCan you please make Write, Debug, Info, Warning, Error abstract, because it would be more clear to user what he should do to make this class working correctly.\r\nNow it's too easy to forget override some of this methods",
        "created_at": "2014-07-16T23:14:14Z",
        "closed": true,
        "labels": [
            "Improvement"
        ],
        "assignee": "geertvanhorrik"
    },
    "comments": [
        {
            "created_at": "2014-07-16T23:24:40Z",
            "body": "Comment created by @geertvanhorrik:\n\nI have several listeners that only implement Write (because that covers all). I don't see a valid reason to make them abstract."
        },
        {
            "created_at": "2014-08-11T12:09:58Z",
            "body": "Comment created by @geertvanhorrik:\n\nStill not sure about this. Do you have really good arguments to make them abstract?"
        },
        {
            "created_at": "2014-08-19T20:09:10Z",
            "body": "Issue was closed with resolution \"Won't Fix\""
        }
    ]
}