{
    "issue": {
        "title": "CTL-267: OnClosing nulls commands",
        "body": "Jira issue originally created by user talbot_sk:\n\nAs I wrote in: https:\/\/catel.codeplex.com\/discussions\/296373#editor\r\nwhen I call CloseViewModel from my ViewModel, my Command members (e.g. for controlling buttons) are nulled and then OnClosing() is called. When I set e.Cancel = true in OnClosing method, and DataWindow stays alive, user can't control DataWindow via buttons, because command members are null.\r\n",
        "created_at": "2013-12-12T13:56:52Z",
        "closed": true,
        "labels": [
            "Bug"
        ],
        "milestone": 13,
        "assignee": "geertvanhorrik"
    },
    "comments": [
        {
            "created_at": "2013-12-14T10:07:21Z",
            "body": "Comment created by @geertvanhorrik:\n\nThe problem is that internally Catel uses the ViewModelClosed event to trigger the closing on the window. The hard part is that you instantiate the close in the view model, but you handle the logic whether it can be closed in the view. Is there a specific reason for that? Otherwise I always recommend to keep the view empty and put the logic (unless it is fully view-related) in the view model.\r\n\r\nWhen the view model is closed, it is fully detached from the view. Therefore the bindings will no longer work.\r\n\r\nI also recommend to use the SaveAndCloseViewModel or CancelAndCloseViewModel instead of a single CloseViewModel call. It will also ensure that your models are correctly canceled \/ saved."
        },
        {
            "created_at": "2013-12-16T14:46:08Z",
            "body": "Comment created by talbot_sk:\n\nUser opens the view. There are my buttons, which I can handle. But there is the red system 'X' button at the top right corner (also Alt+F4 invokes this behavior), by which user can close the view. I would like to inform the user to remember to take the proper action. But if user wants to return back to the view, he\/she can return, but he\/she can't do the actions in the view anymore, because viewModel is partially \"destroyed\". What is your recommendation? How can I solve this situation? I think, that viewModel should be destroyed after OnClosing, not before it..."
        },
        {
            "created_at": "2013-12-16T15:07:00Z",
            "body": "Comment created by @geertvanhorrik:\n\nHandle this in the view model. Override the Cancel or Save and return false if the window cannot be closed."
        },
        {
            "created_at": "2013-12-22T17:39:06Z",
            "body": "Issue was closed with resolution \"Fixed\""
        }
    ]
}