{
    "issue": {
        "title": "CTL-118: Support PCL (Portable Class Library)",
        "body": "Jira issue originally created by user @geertvanhorrik:\n\nSupport the Portable Class Library. For now focus on the core only.",
        "created_at": "2013-07-11T17:45:29Z",
        "closed": true,
        "labels": [
            "Task"
        ],
        "milestone": 16,
        "assignee": "geertvanhorrik"
    },
    "comments": [
        {
            "body": "empty body",
            "created_at": "2013-07-11T17:45:29Z"
        },
        {
            "created_at": "2013-07-11T23:45:59Z",
            "body": "Comment created by @geertvanhorrik:\n\nCode is done, finalbuilder to go."
        },
        {
            "created_at": "2013-07-12T00:00:55Z",
            "body": "Comment created by @geertvanhorrik:\n\nDone."
        },
        {
            "created_at": "2013-07-12T00:00:55Z",
            "body": "Issue was closed with resolution \"Fixed\""
        }
    ]
}