{
    "issue": {
        "title": "CTL-394: CacheStorage Constructor with IEqualityComparer parameter support for Dictionary",
        "body": "Jira issue originally created by user facos:\n\nfor example a string cache with case insensitive keys...\r\n\r\nthanks!",
        "created_at": "2014-03-20T22:19:49Z",
        "closed": true,
        "labels": [
            "Improvement"
        ],
        "milestone": 11,
        "assignee": "geertvanhorrik"
    },
    "comments": [
        {
            "created_at": "2015-02-06T14:10:47Z",
            "body": "Comment created by @geertvanhorrik:\n\nDone."
        },
        {
            "created_at": "2015-02-06T14:10:47Z",
            "body": "Issue was closed with resolution \"Fixed\""
        }
    ]
}