{
    "issue": {
        "title": "CTL-230: Support new serialization engine using XmlSchemaHelper",
        "body": "Jira issue originally created by user @geertvanhorrik:\n\nThe XmlSchemaHelper still includes all properties. It should respect the properties included in the serialization though.",
        "created_at": "2013-11-13T17:29:42Z",
        "closed": true,
        "labels": [
            "Task"
        ],
        "milestone": 13,
        "assignee": "geertvanhorrik"
    },
    "comments": [
        {
            "created_at": "2013-12-24T22:17:32Z",
            "body": "Issue was closed with resolution \"Fixed\""
        }
    ]
}