{
    "issue": {
        "title": "CTL-384: WarningAndErrorValidator should hide ValidationAdorner",
        "body": "Jira issue originally created by user @geertvanhorrik:\n\nValidation on a window always shows a red border on business rule validation.",
        "created_at": "2014-03-12T14:21:52Z",
        "closed": true,
        "labels": [
            "Bug"
        ],
        "milestone": 12,
        "assignee": "geertvanhorrik"
    },
    "comments": [
        {
            "created_at": "2014-03-12T14:25:32Z",
            "body": "Comment created by @geertvanhorrik:\n\nFixed"
        },
        {
            "created_at": "2014-03-12T14:25:32Z",
            "body": "Issue was closed with resolution \"Fixed\""
        }
    ]
}