{
    "issue": {
        "title": "CTL-259: Rename defines in Windows Phone 8 projects from WP8 to WP80",
        "body": "Jira issue originally created by user @geertvanhorrik:\n\nChange all csproj files from WP8 to WP80.\r\n\r\nThis is to be able to support Windows Phone 8.1 in the near future.",
        "created_at": "2013-12-06T08:53:20Z",
        "closed": true,
        "labels": [
            "Task"
        ],
        "milestone": 13
    },
    "comments": [
        {
            "created_at": "2013-12-06T14:15:39Z",
            "body": "Comment created by BertrandR:\n\nFixed, renamed defines, project files, directories and names"
        },
        {
            "created_at": "2013-12-06T14:15:39Z",
            "body": "Issue was closed with resolution \"Fixed\""
        }
    ]
}