{
    "issue": {
        "title": "CTL-144: ServiceLocator exporting might cause CircularDependencyException",
        "body": "Jira issue originally created by user @geertvanhorrik:\n\nWhen several external containers are connected (especially MEF), it might be possible that while creating and registering a type in the external container, a CircularDependencyException can be thrown.",
        "created_at": "2013-08-02T16:45:30Z",
        "closed": true,
        "labels": [
            "Bug"
        ],
        "milestone": 16,
        "assignee": "geertvanhorrik"
    },
    "comments": [
        {
            "created_at": "2013-08-02T16:46:13Z",
            "body": "Issue was closed with resolution \"Fixed\""
        }
    ]
}