{
    "issue": {
        "title": "CTL-450: TabControl breaking change from 3.9 to 4.0",
        "body": "Jira issue originally created by user jdehaan:\n\nAfter upgrading a project to Catel 4.0 (prerelease 3.9.0.1405281634-beta) catel:TabControls are not behaving as they did previously.\r\n\r\nThe new unexpected behavior is: after loading, the content is at first displayed correctly . But changing the data context on the TabControl does not refect in the TabItems. The TabItems contain controls binding to properties of a viewmodel of the TabControl. The TabItems still stick to their old DataContext (checked with SnoopWpf).\r\n\r\nForcing the TabControl to unload and load again makes the expected content appear. Info: there is no binding on the TabItem itself only on the controls inside the TabItem. Is this maybe a wrong use from my side?\r\n\r\nI saw there were changes in the TabControl, maybe I just miss something. If so then it's not documented on the wiki page explaining how to port from catel 3.9 to 4.0. Maybe I just completely missed how to use TabItems at all and it previously worked by chance :-) ",
        "created_at": "2014-05-30T16:24:30Z",
        "closed": true,
        "labels": [
            "Bug"
        ],
        "milestone": 12,
        "assignee": "geertvanhorrik"
    },
    "comments": [
        {
            "created_at": "2014-05-30T16:33:18Z",
            "body": "Comment created by @geertvanhorrik:\n\nDuplicate, see [CTL-447](https:\/\/catelproject.atlassian.net\/browse\/CTL-447)"
        },
        {
            "created_at": "2014-05-30T16:33:18Z",
            "body": "Issue was closed with resolution \"Duplicate\""
        }
    ]
}