{
    "issue": {
        "title": "CTL-46: UserControlLogic causes a StackOverflow in rare cases",
        "body": "Jira issue originally created by user @geertvanhorrik:\n\nWhen the same view model is used in views in the same chain of views, the Canceling and Saving events can cause a stackoverflow.",
        "created_at": "2013-04-12T15:23:37Z",
        "closed": true,
        "labels": [
            "Bug"
        ],
        "milestone": 17,
        "assignee": "geertvanhorrik"
    },
    "comments": [
        {
            "created_at": "2013-04-12T15:23:45Z",
            "body": "Comment created by @geertvanhorrik:\n\nFixed."
        },
        {
            "created_at": "2013-04-12T15:23:45Z",
            "body": "Issue was closed with resolution \"Fixed\""
        }
    ]
}