{
    "issue": {
        "title": "CTL-386: CollectionView Property throws Exception",
        "body": "Jira issue originally created by user jens_weller:\n\nA property of Type CollectionView Or ICollectionView doesn't  matter.\r\n\r\n```\r\npublic CollectionView RecipeCollectionView\r\n{\r\n       get { return GetValue<CollectionView>(RecipeCollectionViewProperty); }\r\n        set { SetValue(RecipeCollectionViewProperty, value); }\r\n}\r\npublic static readonly PropertyData RecipeCollectionViewProperty = RegisterProperty(\"RecipeCollectionView\", typeof (CollectionView));\r\n```\r\n\r\nThrows a Exception if you call any method.\r\nfor example:\r\n```\r\nRecipeCollectionView.Refresh();\r\n```\r\n\r\nInvalidCastException:\r\n\"System.Windows.Data.CollectionView\" can not coverted to \"System.Collections.ICollection\" \r\n\r\nThats since I updated from catel 3.8.1 to 3.9.0\r\n",
        "created_at": "2014-03-12T15:32:01Z",
        "closed": true,
        "labels": [
            "Bug"
        ],
        "milestone": 12,
        "assignee": "geertvanhorrik"
    },
    "comments": [
        {
            "created_at": "2014-03-12T16:26:55Z",
            "body": "Comment created by @geertvanhorrik:\n\nAlready fixed, 3rd duplicate of this issue."
        },
        {
            "created_at": "2014-03-13T08:30:18Z",
            "body": "Comment created by jens_weller:\n\nsoory"
        },
        {
            "created_at": "2014-03-13T08:32:28Z",
            "body": "Comment created by jens_weller:\n\nsorry :-)"
        },
        {
            "created_at": "2014-03-12T16:27:05Z",
            "body": "Issue was closed with resolution \"Duplicate\""
        }
    ]
}