{
    "issue": {
        "title": "CTL-286: Windows Phone 8 - NavigationContext.Clear\/Remove",
        "body": "Jira issue originally created by user @geertvanhorrik:\n\nI use NavigationContext in ViewModel in OnNavigationCompleted to retrieve parameter. After that I Remove it so that after navigating back (from DatePickerPage in my example) it wasn't there. But in fact it still shows presence of cleared entries. Is it meant to be so, or it's a bug? ",
        "created_at": "2013-12-28T16:19:17Z",
        "closed": true,
        "labels": [
            "Bug"
        ],
        "milestone": 13,
        "assignee": "geertvanhorrik"
    },
    "comments": [
        {
            "created_at": "2013-12-28T16:30:01Z",
            "body": "Comment created by @geertvanhorrik:\n\nThe reason is that the NavigationContext is based on the uri. When navigating to the datepicker, it navigates back to the previous uri when closed:\r\n\r\nUri = \/Views\/SecondPage.xaml?id=123\r\n\r\nThen Catel notes that a new navigation event occurs and builds the NavigationContext based on the uri. Therefore clearing the NavigationContext object on a page has no impact because it is generated based on the url and does not maintain the state between navigation events."
        },
        {
            "created_at": "2013-12-28T16:36:30Z",
            "body": "Comment created by AvelN:\n\nI see...But as far as I remember, the original NavigationContext, that is available in the View is actually get cleared, isn't it?"
        },
        {
            "created_at": "2013-12-28T16:38:39Z",
            "body": "Comment created by @geertvanhorrik:\n\nYes, it is set after every navigation event (thus overwritten on each navigation)."
        },
        {
            "created_at": "2013-12-28T16:42:44Z",
            "body": "Comment created by AvelN:\n\nI think by resolving the issue CTL285 this one will also be resolved as after returning to the page, the NavigationContext should also be the same.."
        },
        {
            "created_at": "2013-12-28T16:59:41Z",
            "body": "Comment created by @geertvanhorrik:\n\nNo, in NavigationLogicBase.CompleteNavigation, the navigation context is updated every time. What we can do is not update the context on second-time navigations, but I am not sure if we make everyone happy with that solution."
        },
        {
            "created_at": "2013-12-28T17:08:01Z",
            "body": "Comment created by AvelN:\n\nAnd is there a way in ViewModel to get the NavigationMode? If it's a first-time navigateion, BackNavigation and so on.\r\nAs for me, when I navigate for the first time, I need the NavigationContext to get parameters and initialize something inside the VM. When I after some actions with other Views return back, I actually don't need to reinitialize VM and access the URL again, why should I care? In my opinion, if I want to get some values from URL, I have to do it for the first time and forget about URL, and not repeat this steps each time I return to this instance of view... "
        },
        {
            "created_at": "2013-12-28T17:26:07Z",
            "body": "Comment created by @geertvanhorrik:\n\nOk, I am convinced. I implemented a fix for this."
        },
        {
            "created_at": "2013-12-28T17:27:46Z",
            "body": "Comment created by @geertvanhorrik:\n\nDone, now building a nightly build. Should take about 20 minutes to complete."
        },
        {
            "created_at": "2013-12-28T17:29:12Z",
            "body": "Comment created by AvelN:\n\nThanks. I'm hard to be argued with, I know :)"
        },
        {
            "created_at": "2013-12-28T17:27:46Z",
            "body": "Issue was closed with resolution \"Fixed\""
        }
    ]
}