{
    "issue": {
        "title": "CTL-382: Improve performance of StyleHelper",
        "body": "Jira issue originally created by user @geertvanhorrik:\n\nThe StyleHelper takes too much time to complete.",
        "created_at": "2014-03-09T13:21:01Z",
        "closed": true,
        "labels": [
            "Improvement"
        ],
        "milestone": 12,
        "assignee": "geertvanhorrik"
    },
    "comments": [
        {
            "created_at": "2014-03-09T13:21:32Z",
            "body": "Comment created by @geertvanhorrik:\n\nAdded lots of caching. Also disabled the recreateStylesBasedOnTheme option which decompiles BAML to XAML (which takes a lot of time)."
        },
        {
            "created_at": "2014-03-09T13:24:14Z",
            "body": "Comment created by @geertvanhorrik:\n\nDone, major startup improvements."
        },
        {
            "created_at": "2014-03-09T13:24:14Z",
            "body": "Issue was closed with resolution \"Fixed\""
        }
    ]
}