{
    "issue": {
        "title": "CTL-279: custom usercontrol",
        "body": "Jira issue originally created by user rainman:\n\nhow can i create a catel custom  usercontrol ",
        "created_at": "2013-12-20T20:49:26Z",
        "closed": true,
        "labels": [
            "Task"
        ],
        "milestone": 15,
        "assignee": "geertvanhorrik"
    },
    "comments": [
        {
            "created_at": "2013-12-21T02:52:18Z",
            "body": "Comment created by @geertvanhorrik:\n\nI don't know what you mean. Did you take a look at the examples repository and the docs?"
        },
        {
            "created_at": "2013-12-23T14:27:38Z",
            "body": "Issue was closed with resolution \"Fixed\""
        }
    ]
}