{
    "issue": {
        "title": "CTL-1027: Type-Qualified Property binding results in exception",
        "body": "Jira issue originally created by user TimKras:\n\nWhen using an Type-Qualified Property binding there is an runtime exception thrown.\r\n !2017-03-27_12-59-05.png|thumbnail! \r\n !2017-03-27_13-02-21.png|thumbnail! \r\n\r\n[msdn](https:\/\/msdn.microsoft.com\/en-us\/library\/ms742451(v=vs.110).aspx?f=255&mspperror=-2147217396#Anchor_1)",
        "created_at": "2017-03-27T13:05:29Z",
        "closed": true,
        "labels": [
            "Bug"
        ],
        "milestone": 1,
        "assignee": "geertvanhorrik"
    },
    "comments": [
        {
            "created_at": "2017-03-27T13:39:55Z",
            "body": "Comment created by @geertvanhorrik:\n\nDo you have a callstack? Or even better, a repro?"
        },
        {
            "created_at": "2017-03-27T16:16:04Z",
            "body": "Comment created by TimKras:\n\nSorry, this issue can be removed. The problem has nothing to do with Catel\/Fody."
        },
        {
            "created_at": "2017-03-27T21:29:42Z",
            "body": "Comment created by @geertvanhorrik:\n\nThanks for informing us."
        },
        {
            "created_at": "2017-03-27T21:29:42Z",
            "body": "Issue was closed with resolution \"Cannot Reproduce\""
        }
    ]
}