{
    "issue": {
        "title": "CTL-407: LIstBox SelectedEntry loosing its binding.",
        "body": "Jira issue originally created by user jondrn:\n\nSee the attached project.\r\n\r\nOn MainWindow.xaml I have the following ListBox\r\n\r\n<ListBox x:Name=\"CompanyListBox\" ItemsSource=\"{Binding FilteredCompanies}\" SelectedItem=\"{Binding SelectedCompany}\" Grid.Column=\"1\" >\r\n\r\nThis works as expected.  I get a list of companies in the listbox and when I select one SelectedCompany gets set as expected.\r\n\r\nWhen I run EditCompany, A CompanyWindowViewModel is created and CompanyWindows.xaml is displayed. I use this to change the Company.CompanyName property.  Then I click OK.\r\n\r\nWhen I am back on my MainWindow I see that the name of my selected company in the list box has changed.  \r\n\r\nThe problem is, when I start selecting new companies in my list box, SelectedCompany in my MainWindowViewModel is no longer getting set.  I can see the SelectionChanged ListBox event is firing, but the ViewModel is not getting updated.\r\n\r\nIf I edit a company and click Cancel it works fine.  \r\nIf I edit a company and click OK with out making a change it works fine.\r\nIt only breaks when I end a company, make a change, and click ok.\r\n\r\nI've been working with Catel for 2 weeks and WPFfor 4 weeks so it is very possible I have a code issue someplace.\r\n",
        "created_at": "2014-04-03T19:35:27Z",
        "closed": true,
        "labels": [
            "Bug"
        ],
        "milestone": 12,
        "assignee": "geertvanhorrik"
    },
    "comments": [
        {
            "created_at": "2014-04-06T22:01:35Z",
            "body": "Comment created by @geertvanhorrik:\n\nA few tips along the way:\r\n\r\n1) Use dependency injection for **all** dependencies via the constructor\r\n2) Use the IViewModelFactory instead of the ITypeFactory to create view models\r\n3) Consider using Catel.Fody (allows you to write \"regular\" properties which are automatically turned into \"catel\" properties)"
        },
        {
            "created_at": "2014-04-06T22:18:18Z",
            "body": "Comment created by @geertvanhorrik:\n\nReally weird problem. Looking into this."
        },
        {
            "created_at": "2014-04-06T22:58:37Z",
            "body": "Comment created by @geertvanhorrik:\n\nI found a workaround so you can at least continue:\r\n\r\n```\r\n            var company = SelectedCompany;\r\n            SelectedCompany = null;\r\n\r\n            \/\/ Note that we use the type factory here because it will automatically take care of any dependencies\r\n            \/\/ that the companyViewModel will add in the future\r\n            var typeFactory = this.GetTypeFactory();\r\n            var companyWindowViewModel = typeFactory.CreateInstanceWithParametersAndAutoCompletion<CompanyWindowViewModel>(company);\r\n            _uiVisualizerService.ShowDialog(companyWindowViewModel);\r\n\r\n            SelectedCompany = company;\r\n```\r\n\r\nI will investigate this further, must be something with the hash code of the object being changed or something like that."
        },
        {
            "created_at": "2014-04-10T17:38:00Z",
            "body": "Comment created by @geertvanhorrik:\n\nClosing because there is a workaround."
        },
        {
            "created_at": "2014-04-10T17:38:00Z",
            "body": "Issue was closed with resolution \"Fixed\""
        }
    ]
}