{
    "issue": {
        "title": "CTL-331: Validation errors",
        "body": "Jira issue originally created by user Towelie:\n\nHello.\r\nI've found few errors in validation.\r\n\r\n1st, when Model have some validation and ViewModel expose properties of Model and adds some new properties with validation, only manual validation (in ValidateFields) works.\r\n\r\n2nd, when i set value to property of ViewModel`s Model directly and call Validate(true) there is incorrect validation result.\r\n\r\nToo be clear i`ve create a simple repro.",
        "created_at": "2014-02-09T00:16:18Z",
        "closed": true,
        "labels": [
            "Bug"
        ],
        "milestone": 12,
        "assignee": "geertvanhorrik"
    },
    "comments": [
        {
            "body": "empty body",
            "created_at": "2014-02-09T00:16:18Z"
        },
        {
            "created_at": "2014-02-12T20:49:10Z",
            "body": "Comment created by @geertvanhorrik:\n\n1) Works as expected => I see the *SomeNestedProperty_ validation results (even when removing the _ValidateFields* call after setting the model in the constructor)."
        },
        {
            "created_at": "2014-02-12T20:51:39Z",
            "body": "Comment created by @geertvanhorrik:\n\nThe only thing I can reprodue is that if you set the model value directly, the vm does not pick it up."
        },
        {
            "created_at": "2014-02-12T20:59:22Z",
            "body": "Comment created by Towelie:\n\n1) It's should be 3 validation errors, this 2 of them is visible:\r\n - MainModel.SomeNestedProperty required!\r\n - MainViewModel.SomeOtherProperty required (manual validation)!\r\n\r\nBut this message from [Required] attribute is not visible:\r\n - MainViewModel.SomeOtherProperty required!\r\n"
        },
        {
            "created_at": "2014-02-12T21:15:11Z",
            "body": "Comment created by @geertvanhorrik:\n\nGot it fixed, excellent catch by you."
        },
        {
            "created_at": "2014-02-12T21:20:01Z",
            "body": "Comment created by @geertvanhorrik:\n\nFixed issue. Please try the latest nightly build (should be finished in about 30 minutes)."
        },
        {
            "created_at": "2014-02-12T21:22:09Z",
            "body": "Comment created by Towelie:\n\nOk, I`ll try.\r\nAlso I've noticed that now when Window closing, the WindowLogic don`t save ViewModel. Is it a new future? Is there any way to switch to old logic?"
        },
        {
            "created_at": "2014-02-12T21:27:33Z",
            "body": "Comment created by @geertvanhorrik:\n\n\"DialogResult can be set only after Window is created and shown as dialog.\"\r\n\r\nI added logging:\r\n\r\nLog.Warning(ex, \"Failed to set DialogResult, probably the main window\");"
        },
        {
            "created_at": "2014-02-12T21:33:35Z",
            "body": "Comment created by @geertvanhorrik:\n\nWhen you close the window via cross or the cancel button, it will do this:\r\n\r\n1) Cancel\r\n2) Close\r\n\r\nWhen you hit OK, it will do this:\r\n\r\n1) Save\r\n2) Close"
        },
        {
            "created_at": "2014-02-12T21:35:08Z",
            "body": "Comment created by @geertvanhorrik:\n\nRestarted nightly build, 30 minutes from now."
        },
        {
            "created_at": "2014-02-12T21:36:35Z",
            "body": "Comment created by @geertvanhorrik:\n\nIf it still doesn't work, please create a new issue instead of commenting on this one."
        },
        {
            "created_at": "2014-02-17T20:04:02Z",
            "body": "Comment created by @geertvanhorrik:\n\nReopened"
        },
        {
            "created_at": "2014-02-17T20:09:29Z",
            "body": "Comment created by @geertvanhorrik:\n\nCan you please clarify what hasn't been fixed?"
        },
        {
            "created_at": "2014-02-18T09:36:20Z",
            "body": "Comment created by Towelie:\n\n Both errors."
        },
        {
            "created_at": "2014-02-20T13:40:30Z",
            "body": "Comment created by @geertvanhorrik:\n\nVery weird. When I try a local build, it all works. When using the latest prerelease, it doesn't."
        },
        {
            "created_at": "2014-02-20T13:41:45Z",
            "body": "Comment created by @geertvanhorrik:\n\nIt's a diff between release and debug mode. "
        },
        {
            "created_at": "2014-02-20T13:56:58Z",
            "body": "Comment created by @geertvanhorrik:\n\nFixed now in release mode as well."
        },
        {
            "created_at": "2014-02-20T13:57:31Z",
            "body": "Issue was closed with resolution \"Fixed\""
        }
    ]
}