{
    "issue": {
        "title": "CTL-310: JSON.net conversion adds propertyvalues array property instead of actual property",
        "body": "Jira issue originally created by user mailtosinghs:\n\nthis is example of my catel savableobject in json. clearly it does not look right. my ibject has only two property, string: ConsoleName and observablecollection of Module object: Modules.\r\n{\r\n    \"PropertyValues\": [\r\n        {\r\n            \"Name\": \"ConsoleName\",\r\n            \"Value\": \"sadada\",\r\n            \"GraphId\": 0,\r\n            \"GraphRefId\": 0\r\n        },\r\n        {\r\n            \"Name\": \"Modules\",\r\n            \"Value\": [],\r\n            \"GraphId\": 2,\r\n            \"GraphRefId\": 0\r\n        }\r\n    ],\r\n    \"GraphId\": 1\r\n}",
        "created_at": "2014-01-26T06:53:26Z",
        "closed": true,
        "labels": [
            "Bug"
        ],
        "milestone": 10,
        "assignee": "geertvanhorrik"
    },
    "comments": [
        {
            "created_at": "2014-01-26T10:22:04Z",
            "body": "Comment created by mailtosinghs:\n\nwith my continued investigation, i found that using custom binary serializer it appears to work. I removed lines which add propertyValues to serializationinfo. I still need to fix deserialize portion because \"propertyvalues\" not included anymore in serialized data.\r\n\r\nis there a way i can disable backward compatibility (and still use inbuilt binary formatter) which is compatible to JSON\/JSON.Net?"
        },
        {
            "created_at": "2014-01-26T11:27:34Z",
            "body": "Comment created by @geertvanhorrik:\n\nWe will look into this, but I think I will schedule this for 4.0."
        },
        {
            "created_at": "2014-01-28T03:59:48Z",
            "body": "Comment created by mailtosinghs:\n\nI did quick testing for interim solution, of course it does not take care of many things, like references or graphid. my app does not have possible circular reference to care of this.\r\n\r\ninherit binaryserializer and override  following. i am sure you can have better solution in 4.0.\r\n\r\nTo serialize:\r\n\r\n```\r\nprotected override void AfterSerialization(ISerializationContext<BinarySerializationContextInfo> context)\r\n        {\r\n            \/\/ We need to add the serialized property values to the serialization info manually here\r\n            var serializationContext = context.Context;\r\n            var serializationInfo = serializationContext.SerializationInfo;\r\n            var memberValues = serializationContext.MemberValues;\r\n            var propertyValues = ConvertMemberValuesToPropertyValues(context, memberValues);\r\n\r\n            serializationContext.PropertyValues.AddRange(propertyValues);\r\n\r\n            \/\/serializationInfo.AddValue(PropertyValuesKey, propertyValues);\r\n\r\n            foreach (var m in memberValues)\r\n            {\r\n                serializationInfo.AddValue(m.Name,m.Value);\r\n            }\r\n\r\n            var referenceManager = context.ReferenceManager;\r\n            var referenceInfo = referenceManager.GetInfo(context.Model);\r\n            serializationInfo.AddValue(GraphId, referenceInfo.Id);\r\n        }\r\n```\r\n\r\nTo deserialize:\r\n\r\n```\r\nprotected override void BeforeDeserialization(ISerializationContext<BinarySerializationContextInfo> context)\r\n        {\r\n            \/\/ We need to deserialize the list of properties manually\r\n            var serializationContext = context.Context;\r\n            var serializationInfo = serializationContext.SerializationInfo;\r\n\r\n            if (serializationContext.MemberValues.Count > 0)\r\n            {\r\n                \/\/ Already done, this is probably a top-level object in the binary deserialization\r\n                return;\r\n            }\r\n\r\n            \/\/ Note: the ModelBase.serialization.binary.cs also contains logic to add models to the reference manager\r\n            \/\/ because the binary serialization is used bottom => top which is not good if we need the references.\r\n            try\r\n            {\r\n                var graphId = (int)serializationInfo.GetValue(GraphId, typeof(int));\r\n                if (graphId != 0)\r\n                {\r\n                    var referenceManager = context.ReferenceManager;\r\n                    if (referenceManager.GetInfoById(graphId) == null)\r\n                    {\r\n                        referenceManager.RegisterManually(graphId, context.Model);\r\n                    }\r\n                }\r\n            }\r\n            catch (Exception)\r\n            {\r\n                \/\/ Swallow\r\n            }\r\n\r\n            try\r\n            {\r\n                \/\/ NOTE: this will deserialize a list of PropertyValue objects to maintain backwards compatibility!\r\n                \/\/var propertyValues = (List<PropertyValue>)serializationInfo.GetValue(PropertyValuesKey, typeof(List<PropertyValue>));                \r\n                \/\/var memberValues = ConvertPropertyValuesToMemberValues(context, context.ModelType, propertyValues);\r\n                \/\/serializationContext.MemberValues.AddRange(memberValues);\r\n\r\n                var members = GetSerializableMembers(context.Model);\r\n                foreach (var m in members)\r\n                {\r\n                    var v =  serializationInfo.GetValue(m.Name, m.Type);\r\n                    m.Value = v;\r\n                }\r\n\r\n                serializationContext.MemberValues.AddRange(members);\r\n            }\r\n            catch (Exception ex)\r\n            {\r\n                Log.Error(ex, \"Failed to deserialize list of property values for object '{0}'\", context.ModelType.FullName);\r\n            }\r\n        }\r\n```\r\n                "
        },
        {
            "created_at": "2014-01-28T09:55:29Z",
            "body": "Comment created by @geertvanhorrik:\n\nThanks! I will look into this and try to implement proper json serialization."
        },
        {
            "created_at": "2014-02-04T20:45:54Z",
            "body": "Comment created by @geertvanhorrik:\n\nWith the JsonObject(MemberSerialization.OptIn), it works great already."
        },
        {
            "created_at": "2014-02-04T20:47:31Z",
            "body": "Comment created by @geertvanhorrik:\n\nWithout JsonObject, it indeed works a bit different. Checking out the code you provided."
        },
        {
            "created_at": "2014-02-04T20:52:15Z",
            "body": "Comment created by @geertvanhorrik:\n\nWill keep this for 4.0"
        },
        {
            "created_at": "2014-04-06T20:44:18Z",
            "body": "Comment created by @geertvanhorrik:\n\nMoved to 4.1"
        },
        {
            "created_at": "2015-05-04T09:27:41Z",
            "body": "Comment created by @geertvanhorrik:\n\nWe have now implemented full json support via [CTL-635](https:\/\/catelproject.atlassian.net\/browse\/CTL-635)."
        },
        {
            "created_at": "2015-05-04T09:27:52Z",
            "body": "Issue was closed with resolution \"Fixed\""
        }
    ]
}