{
    "issue": {
        "title": "CTL-167: Implement SafeDirectoryModuleCatalog for prism",
        "body": "Jira issue originally created by user @geertvanhorrik:\n\nThe default DirectoryCatalog provided by prism is not safe and can throw lots of typeload exceptions while they are not really exceptions.\r\n\r\nThe task is to create a SafeDirectoryModuleCatalog .",
        "created_at": "2013-09-01T12:34:35Z",
        "closed": true,
        "labels": [
            "Improvement"
        ],
        "milestone": 16,
        "assignee": "geertvanhorrik"
    },
    "comments": [
        {
            "created_at": "2013-09-01T12:41:57Z",
            "body": "Comment created by @geertvanhorrik:\n\nDone."
        },
        {
            "created_at": "2013-09-01T12:41:57Z",
            "body": "Issue was closed with resolution \"Fixed\""
        }
    ]
}