{
    "issue": {
        "title": "CTL-377: Validation Summary doesn't go away when record removed from collection",
        "body": "Jira issue originally created by user olegkap:\n\nI have a model Person that have collection of Addresses.\r\nBoth model inherit from ModelBase and can be validated.\r\nWhen I add a new Address to the person then validation summary box appears on top saying what fields need to be added.\r\nBut when I remove newly added record from the list, it is removed from UI but Summary message box still displays an error.\r\n\r\nAttached is a simple project to reproduce this error.\r\nHere are steps:\r\nClick \"Add\" button - Validation Summary appear and required fields are highlighted\r\nClick \"Delete\" button - Record removed from the UI but validation summary still there even so no highlighted fields are visible on the screen.\r\n\r\nThanks,\r\nOleg\r\n",
        "created_at": "2014-03-07T14:41:04Z",
        "closed": true,
        "labels": [
            "Bug"
        ],
        "milestone": 12,
        "assignee": "geertvanhorrik"
    },
    "comments": [
        {
            "created_at": "2014-03-08T11:44:09Z",
            "body": "Comment created by @geertvanhorrik:\n\nThe problem is that the collection is not watched by Catel (in the form of WarningAndErrorValidator), but by the **Validator** class of WPF. The problem is that we don't receive any events that the error has been removed."
        },
        {
            "created_at": "2014-03-08T11:46:59Z",
            "body": "Comment created by @geertvanhorrik:\n\nThe solution is to allow Catel to watch the object and fix this issue in WPF (since the Validation only notifies or errors, not of disappearing errors). To do so, you can wrap the troubling collection in a **WarningAndErrorValidator**:\r\n\r\n```\r\n<catel:WarningAndErrorValidator Source=\"{Binding Model.Addresses}\" \/>\r\n```\r\n\r\nThen Catel can watch the object itself and take care of this issue."
        },
        {
            "created_at": "2014-03-08T11:47:17Z",
            "body": "Comment created by @geertvanhorrik:\n\nWorkaround provided, we cannot fix the missing pieces in WPF, only provide workarounds."
        },
        {
            "created_at": "2014-03-08T11:47:17Z",
            "body": "Issue was closed with resolution \"Fixed\""
        }
    ]
}