{
    "issue": {
        "title": "CTL-39: Add IStartUpInfoProvider to allow the access to information (such as InitParams) from any application point via ServiceLocator",
        "body": "Jira issue originally created by user @alexfdezsauco:\n\nAdd IStartUpInfoProvider to allow the access to information (such as InitParams) from any application point via ServiceLocator\r\n\r\n",
        "created_at": "2013-04-04T15:16:11Z",
        "closed": true,
        "labels": [
            "New Feature"
        ],
        "milestone": 16
    },
    "comments": [
        {
            "created_at": "2013-08-02T16:54:17Z",
            "body": "Comment created by @geertvanhorrik:\n\nAdded documentation."
        },
        {
            "created_at": "2013-08-02T16:54:24Z",
            "body": "Comment created by @geertvanhorrik:\n\nDone."
        },
        {
            "created_at": "2013-08-02T16:54:24Z",
            "body": "Issue was closed with resolution \"Fixed\""
        }
    ]
}