{
    "issue": {
        "title": "CTL-370: Add colors to ConsoleLogListener",
        "body": "Jira issue originally created by user @geertvanhorrik:\n\nAdd colors to console.",
        "created_at": "2014-02-27T17:26:30Z",
        "closed": true,
        "labels": [
            "Improvement"
        ],
        "milestone": 12,
        "assignee": "geertvanhorrik"
    },
    "comments": [
        {
            "created_at": "2014-02-27T17:33:50Z",
            "body": "Comment created by @geertvanhorrik:\n\nDebug: Gray\r\nInfo: White\r\nWarning: Yellow\r\nError: Red"
        },
        {
            "created_at": "2014-02-27T17:34:43Z",
            "body": "Comment created by @geertvanhorrik:\n\nFixed."
        },
        {
            "created_at": "2014-02-27T17:34:43Z",
            "body": "Issue was closed with resolution \"Fixed\""
        }
    ]
}