{
    "issue": {
        "title": "CTL-155: Replace usages of IServiceLocator by IDependencyResolver",
        "body": "Jira issue originally created by user @geertvanhorrik:\n\nAll locations where dependencies are resolved, the code should use IDependencyResolver instead of IServiceLocator.",
        "created_at": "2013-08-16T10:19:37Z",
        "closed": true,
        "labels": [
            "Task"
        ],
        "milestone": 15,
        "assignee": "geertvanhorrik"
    },
    "comments": [
        {
            "body": "empty body",
            "created_at": "2013-08-16T10:19:37Z"
        },
        {
            "created_at": "2013-08-16T10:22:44Z",
            "body": "Comment created by @geertvanhorrik:\n\nStart with the TypeFactory so it uses IDependencyResolver instead."
        },
        {
            "created_at": "2013-08-16T10:37:02Z",
            "body": "Comment created by @geertvanhorrik:\n\nTypeFactory converted."
        },
        {
            "created_at": "2013-10-19T13:38:37Z",
            "body": "Comment created by @geertvanhorrik:\n\nReplaced all usages of ServiceLocator by DependencyResolver, now introducing [LibName]Module.RegisterService to allow easy registration of external components in any customized service locator."
        },
        {
            "created_at": "2013-10-19T13:57:25Z",
            "body": "Comment created by @geertvanhorrik:\n\nDone!"
        },
        {
            "created_at": "2013-10-19T13:57:25Z",
            "body": "Issue was closed with resolution \"Fixed\""
        }
    ]
}