{
    "issue": {
        "title": "CTL-123: Tag on all extension methods",
        "body": "Jira issue originally created by user rajiv.mounguengue:\n\nAdd the tag on all the extension methods",
        "created_at": "2013-07-18T12:19:55Z",
        "closed": true,
        "labels": [
            "Task"
        ],
        "assignee": "geertvanhorrik"
    },
    "comments": [
        {
            "created_at": "2013-07-25T18:07:59Z",
            "body": "Comment created by @geertvanhorrik:\n\nI am not going to do this. The reason is that the IServiceLocator already implements ResolveType(Type serviceType). If I implement the tags on the extension methods, I am afraid they will cause breaking changes (without the compiler actually complaining).\n\nIf you want to resolve a type with a specific tag, use the non-generic methods."
        },
        {
            "created_at": "2013-07-25T18:08:03Z",
            "body": "Issue was closed with resolution \"Won't Fix\""
        }
    ]
}