{
    "issue": {
        "title": "CTL-306: DataWindow unloaded on PleaseWaitService hide",
        "body": "Jira issue originally created by user hypnos4:\n\nConsider the below:\r\n\r\n```\r\npublic class TestViewModel : ViewModelBase\r\n    {\r\n        public TestViewModel()\r\n        {\r\n            TestCommand = new TaskCommand(TestCommand_Execute);\r\n\r\n            TestCommand.Execute();\r\n        }\r\n\r\n        public TaskCommand TestCommand { get; private set; }\r\n        private async Task TestCommand_Execute()\r\n        {\r\n            var pleaseWaitService = DependencyResolver.Resolve<IPleaseWaitService>();\r\n\r\n            pleaseWaitService.Show();\r\n\r\n            \/\/Do Work & await\r\n\r\n            pleaseWaitService.Hide();\r\n        }\r\n    }\r\n```\r\n\r\nIf the View of this ViewModel is a DataWindow (not tested regular Window or UserControl) after finishing executing the Command the ViewModel will get closed and the View unloaded.\r\n\r\nReplacing the TaskCommand with a regular Command or not using the PleaseWaitService are viable workarounds.\r\n\r\nAttached some log messages to show the messages after the pleaseWaitWindow is hidden.",
        "created_at": "2014-01-22T15:55:29Z",
        "closed": true,
        "labels": [
            "Bug"
        ],
        "assignee": "geertvanhorrik"
    },
    "comments": [
        {
            "created_at": "2014-01-23T19:55:08Z",
            "body": "Comment created by @geertvanhorrik:\n\nCannot reproduce."
        },
        {
            "created_at": "2014-01-23T19:56:15Z",
            "body": "Comment created by @geertvanhorrik:\n\nPlease see attachment. I cannot reproduce. What should I change in the attachment?"
        },
        {
            "created_at": "2014-01-23T21:30:17Z",
            "body": "Comment created by hypnos4:\n\nSteps taken:\r\n\r\n1. Added Catel.Extensions.Controls 3.8.1 from NuGet\r\n2. Added awaited call to the method:\r\n\r\n```\r\npublic TaskCommand TestCommand { get; private set; }\r\n        private async Task TestCommand_Execute()\r\n        {\r\n            _pleaseWaitService.Show();\r\n\r\n            Task<string> task = new WebClient().DownloadStringTaskAsync(new Uri(\"http:\/\/www.albahari.com\/threading\"));\r\n            string html = await task;\r\n\r\n            _pleaseWaitService.Hide();\r\n        }\r\n```\r\n3. I can then reproduce the issue, please note \"log [CTL-306](https:\/\/catelproject.atlassian.net\/browse\/CTL-306).txt\""
        },
        {
            "created_at": "2014-01-23T22:53:30Z",
            "body": "Comment created by @geertvanhorrik:\n\nThanks, I can now reproduce it."
        },
        {
            "created_at": "2014-01-23T22:59:42Z",
            "body": "Comment created by @geertvanhorrik:\n\nThe *Close* method on the PleaseWaitWindow causes the DataWindow to think it is being closed."
        },
        {
            "created_at": "2014-01-23T23:13:17Z",
            "body": "Comment created by @geertvanhorrik:\n\nOne workaround is to use the *Initialize* method as recommended:\r\n\r\n```\r\nprotected override void Initialize()\r\n{\r\n    TestCommand.Execute();\r\n}\r\n```"
        },
        {
            "created_at": "2014-01-23T23:17:36Z",
            "body": "Comment created by @geertvanhorrik:\n\nIt seems that *OnClosed_ is immediately called after the PleaseWait closes. Probably because the window is in the construction stage. Anyway, it is external code so probably something in WPF \/ Windows. The recommended way is to use the _Initialize* method anyway."
        },
        {
            "created_at": "2014-01-23T23:18:13Z",
            "body": "Comment created by @geertvanhorrik:\n\nCannot fix something that we haven't written. Viable \"workarounds\" (recommended methods anyway) represented though."
        },
        {
            "created_at": "2014-01-23T23:18:13Z",
            "body": "Issue was closed with resolution \"Won't Fix\""
        }
    ]
}