{
    "issue": {
        "title": "CTL-343: Improve logging performance",
        "body": "Jira issue originally created by user @geertvanhorrik:\n\nThere are a few small improvements that can be done to achieve a better performance with logging.\r\n\r\n1) (LogManager.LogInfo.IgnoreCatelLogging && this.IsCatelLogging)) in Log.cs\r\n2) Use dictionary for LogEvent types to string instead of ToString every time",
        "created_at": "2014-02-13T11:57:39Z",
        "closed": true,
        "labels": [
            "Improvement"
        ],
        "milestone": 12,
        "assignee": "geertvanhorrik"
    },
    "comments": [
        {
            "created_at": "2014-02-13T12:00:15Z",
            "body": "Comment created by @geertvanhorrik:\n\nDone."
        },
        {
            "created_at": "2014-02-13T12:00:24Z",
            "body": "Comment created by @geertvanhorrik:\n\nImproved performance by 10 %."
        },
        {
            "created_at": "2014-02-13T12:00:15Z",
            "body": "Issue was closed with resolution \"Fixed\""
        }
    ]
}