{
    "issue": {
        "title": "CTL-168: Buffering in Exception Handling",
        "body": "Jira issue originally created by user rajiv.mounguengue:\n\nAdding support of buffering exception in Exception Handling.",
        "created_at": "2013-09-02T17:40:53Z",
        "closed": true,
        "labels": [
            "Improvement"
        ],
        "milestone": 16
    },
    "comments": [
        {
            "created_at": "2013-09-02T19:27:15Z",
            "body": "Comment created by rajiv.mounguengue:\n\nImplemented."
        },
        {
            "created_at": "2013-09-02T19:27:15Z",
            "body": "Issue was closed with resolution \"Fixed\""
        }
    ]
}