{
    "issue": {
        "title": "CTL-235: Allow filtering of types in the log listeners",
        "body": "Jira issue originally created by user facos:\n\nis it possible to filter log messages from specific sources at runtime? For example: We have a database class and we want to dynamically exclude\/include log message from this source  at runtime.",
        "created_at": "2013-11-14T22:08:08Z",
        "closed": true,
        "labels": [
            "Task"
        ],
        "milestone": 15,
        "assignee": "geertvanhorrik"
    },
    "comments": [
        {
            "created_at": "2013-11-14T22:09:05Z",
            "body": "Comment created by @geertvanhorrik:\n\nI don\u2019t think this is currently possible. It is easy to implement though. I will just add a list of TypesToExclude and TypesToInclude. Then the TypesToInclude always wins (only log those types). What do you think about that? And I am thinking about type exclusion only, not a string so we don\u2019t have to do very expensive regular expression checks. I know it might look cool to say: exclude all *DummyService types, but that is really expansive. Maybe only Type and Namespace exclusions. What do you actually need of all I talked about above.\r\n\r\nAnother option is to create a custom LogListener and filter that on your own. As far as I can recall, all methods on the listeners are virtual so you can easily override (and thus filter)."
        },
        {
            "created_at": "2013-11-14T22:09:36Z",
            "body": "Comment created by @geertvanhorrik:\n\nAnother thing to keep in mind is whether this filtering is per listener or LogManager wide."
        },
        {
            "created_at": "2013-11-23T14:42:43Z",
            "body": "Comment created by @geertvanhorrik:\n\n"
        },
        {
            "created_at": "2013-11-23T14:56:54Z",
            "body": "Comment created by @geertvanhorrik:\n\nWritten docs:\r\n\r\nhttps:\/\/catelproject.atlassian.net\/wiki\/display\/CTL\/Logging#Logging-Overridinggloballoglevelflags"
        },
        {
            "created_at": "2013-11-23T15:08:13Z",
            "body": "Comment created by @geertvanhorrik:\n\nDone. Will release a nightly build after this."
        },
        {
            "created_at": "2013-11-23T15:08:13Z",
            "body": "Issue was closed with resolution \"Fixed\""
        }
    ]
}