{
    "issue": {
        "title": "CTL-160: Null-values are not correctly restored by IEditableObject",
        "body": "Jira issue originally created by user @geertvanhorrik:\n\nThis unit test fails:\r\n\r\n```\r\n[TestMethod]\r\npublic void CorrectlyHandlesNullValues()\r\n{\r\n    var testModel = new TestModel();\r\n\r\n    testModel.IncludedCatelProperty = null;\r\n\r\n    var editableObject = testModel as IEditableObject;\r\n    editableObject.BeginEdit();\r\n\r\n    testModel.IncludedCatelProperty = \"included\";\r\n\r\n    editableObject.CancelEdit();\r\n\r\n    Assert.IsNull(testModel.IncludedCatelProperty);\r\n}\r\n```",
        "created_at": "2013-08-22T19:49:15Z",
        "closed": true,
        "labels": [
            "Bug"
        ],
        "milestone": 16,
        "assignee": "geertvanhorrik"
    },
    "comments": [
        {
            "created_at": "2013-08-22T23:05:27Z",
            "body": "Comment created by @geertvanhorrik:\n\nDone."
        },
        {
            "created_at": "2013-08-22T23:05:27Z",
            "body": "Issue was closed with resolution \"Fixed\""
        }
    ]
}