{
    "issue": {
        "title": "CTL-485: Create RollingInMemoryLogListener to be able to query the latest log messages",
        "body": "Jira issue originally created by user @geertvanhorrik:\n\n",
        "created_at": "2014-07-14T09:56:34Z",
        "closed": true,
        "labels": [
            "Task"
        ],
        "milestone": 12,
        "assignee": "geertvanhorrik"
    },
    "comments": [
        {
            "created_at": "2014-07-14T11:06:25Z",
            "body": "Comment created by @geertvanhorrik:\n\nhttps:\/\/catelproject.atlassian.net\/wiki\/display\/CTL\/In<ins>memory<\/ins>logging"
        },
        {
            "created_at": "2014-07-14T11:10:49Z",
            "body": "Comment created by @geertvanhorrik:\n\nDone."
        },
        {
            "created_at": "2014-07-14T11:10:49Z",
            "body": "Issue was closed with resolution \"Fixed\""
        }
    ]
}