{
    "issue": {
        "title": "CTL-33: Create unit tests for the EntityFramework5 extension",
        "body": "Jira issue originally created by user @geertvanhorrik:\n\nWrite unit tests.",
        "created_at": "2013-03-27T20:53:30Z",
        "closed": true,
        "labels": [
            "Task"
        ],
        "milestone": 17,
        "assignee": "geertvanhorrik"
    },
    "comments": [
        {
            "body": "empty body",
            "created_at": "2013-03-27T20:53:30Z"
        },
        {
            "created_at": "2013-03-28T22:05:11Z",
            "body": "Comment created by @geertvanhorrik:\n\nHad to move the separate EDMX files to separate assemblies. It seems you cannot define 2 edmx files with both DbContext and ObjectContext in the same assembly."
        },
        {
            "created_at": "2013-03-28T23:14:20Z",
            "body": "Comment created by @geertvanhorrik:\n\nMost are done."
        },
        {
            "created_at": "2013-03-28T23:14:47Z",
            "body": "Comment created by @geertvanhorrik:\n\nTodo:\n\n1) DbContextExtensions\n2) UnitOfWork\n3) EntityRepository\n"
        },
        {
            "created_at": "2013-03-28T23:38:32Z",
            "body": "Comment created by @geertvanhorrik:\n\nDbContextExtensions also done."
        },
        {
            "created_at": "2013-05-04T01:42:28Z",
            "body": "Comment created by @geertvanhorrik:\n\nEntityRepositoryBase is now fully covered as well."
        },
        {
            "created_at": "2013-05-04T01:43:37Z",
            "body": "Comment created by @geertvanhorrik:\n\nOnly the UnitOfWork is left."
        },
        {
            "created_at": "2013-05-04T02:19:56Z",
            "body": "Comment created by @geertvanhorrik:\n\nDone!"
        },
        {
            "created_at": "2013-05-04T02:21:46Z",
            "body": "Issue was closed with resolution \"Fixed\""
        }
    ]
}