{
    "issue": {
        "title": "CTL-284: Catel.Fody does not work correctly with generic base classes",
        "body": "Jira issue originally created by user @geertvanhorrik:\n\nGeneric types do not work correctly.",
        "created_at": "2013-12-27T11:25:20Z",
        "closed": true,
        "labels": [
            "Bug"
        ],
        "milestone": 13,
        "assignee": "geertvanhorrik"
    },
    "comments": [
        {
            "created_at": "2013-12-27T11:27:26Z",
            "body": "Comment created by @geertvanhorrik:\n\nIssue is this is being generated:\r\n\r\n```\r\nOperationsProperty = ModelBase.RegisterProperty(\"Operations\", typeof(FastObservableCollection<TComponent>), null, null, true, true, true);\r\n```\r\n\r\nBut should be:\r\n\r\n```\r\nGenericModelBaseTest<TComponent>.OperationsProperty = ModelBase.RegisterProperty(\"Operations\", typeof(FastObservableCollection<TComponent>), null, null, true, true, true);\r\n```"
        },
        {
            "created_at": "2013-12-27T14:57:41Z",
            "body": "Comment created by @geertvanhorrik:\n\nFixed!"
        },
        {
            "created_at": "2013-12-27T14:57:41Z",
            "body": "Issue was closed with resolution \"Fixed\""
        }
    ]
}