{
    "issue": {
        "title": "CTL-198: Exception on FieldValidationResult.CreateError when validate arg contains braces",
        "body": "Jira issue originally created by user IvanKupriyanov:\n\n",
        "created_at": "2013-10-17T11:21:22Z",
        "closed": true,
        "labels": [
            "Bug"
        ],
        "milestone": 16,
        "assignee": "geertvanhorrik"
    },
    "comments": [
        {
            "created_at": "2013-10-17T11:23:34Z",
            "body": "Comment created by IvanKupriyanov:\n\nPretty simple bug.\r\nCan be rewritten even simpler. But example project has better coverage.\r\n\r\n```\r\nFieldValidationResult.CreateError(\"sad\", \"{0}\", \"{Hehe}\");\r\n```"
        },
        {
            "created_at": "2013-10-17T18:33:40Z",
            "body": "Issue was closed with resolution \"Fixed\""
        }
    ]
}