{
    "issue": {
        "title": "CTL-220: Nuget - version missmatch with latest prerelease",
        "body": "Jira issue originally created by user nicolo:\n\nInstalling latest prerelease of Catel.MVVM package on 'Manage Nuget Packages' in Visual Studio throws an error: *'Attempting to resolve dependency Catel.MVVM >= 3.7.1311011733-beta'*.\r\nBut the latest version of Catel.MVVM is 3.7.1311011050-beta.",
        "created_at": "2013-11-02T11:59:52Z",
        "closed": true,
        "labels": [
            "Bug"
        ],
        "milestone": 15,
        "assignee": "geertvanhorrik"
    },
    "comments": [
        {
            "created_at": "2013-11-02T12:02:19Z",
            "body": "Comment created by @geertvanhorrik:\n\nI see, the build failed during deployment. Currently creating a new one. Sorry for the inconvenience. Will take up to 20 minutes."
        },
        {
            "created_at": "2013-11-02T13:06:04Z",
            "body": "Comment created by nicolo:\n\nResolved, thanks."
        },
        {
            "created_at": "2013-11-02T13:07:18Z",
            "body": "Comment created by @geertvanhorrik:\n\nFixed."
        },
        {
            "created_at": "2013-11-02T13:07:18Z",
            "body": "Issue was closed with resolution \"Fixed\""
        }
    ]
}