{
    "issue": {
        "title": "CTL-391: Update FluentValidation to 5.1.0.0",
        "body": "Jira issue originally created by user @geertvanhorrik:\n\n",
        "created_at": "2014-03-15T23:14:34Z",
        "closed": true,
        "labels": [
            "Task"
        ],
        "milestone": 12,
        "assignee": "geertvanhorrik"
    },
    "comments": [
        {
            "created_at": "2014-03-15T23:22:08Z",
            "body": "Comment created by @geertvanhorrik:\n\nDone."
        },
        {
            "created_at": "2014-03-15T23:22:08Z",
            "body": "Issue was closed with resolution \"Fixed\""
        }
    ]
}