{
    "issue": {
        "title": "CTL-227: Add GetHandler on IExceptionService",
        "body": "Jira issue originally created by user rajiv.mounguengue:\n\nAdd the GetHandler method on IExceptionService to allows handlers retrieving more easilly.",
        "created_at": "2013-11-07T13:59:33Z",
        "closed": true,
        "labels": [
            "Bug"
        ],
        "milestone": 15
    },
    "comments": [
        {
            "created_at": "2013-11-07T14:21:41Z",
            "body": "Comment created by rajiv.mounguengue:\n\nDone."
        },
        {
            "created_at": "2013-11-08T14:31:14Z",
            "body": "Comment created by rajiv.mounguengue:\n\nDone."
        },
        {
            "created_at": "2013-11-07T14:21:41Z",
            "body": "Issue was closed with resolution \"Fixed\""
        }
    ]
}