{
    "issue": {
        "title": "CTL-324: Catel async await command in ShowDialog - Deadlock",
        "body": "Jira issue originally created by user bobahml:\n\nhttp:\/\/stackoverflow.com\/questions\/21570466\/catel-async-await-command-in-showdialog-deadlock\r\n\r\n\r\n[Catel.IoC.ServiceLocator] Registering - deadlock in dialog Window\r\n\r\nExcample\r\n\r\nhttps:\/\/skydrive.live.com\/redir?resid=730789503DC0F0CC!679&authkey=!ADYyn3dYpxh2sf0&ithint=file%2c.rar\r\n\r\nTo  reproduce:\r\n-Run application\r\n-input login \r\n-Enter",
        "created_at": "2014-02-05T18:22:35Z",
        "closed": true,
        "labels": [
            "Bug"
        ],
        "milestone": 12,
        "assignee": "geertvanhorrik"
    },
    "comments": [
        {
            "created_at": "2014-02-06T14:40:33Z",
            "body": "Comment created by @geertvanhorrik:\n\nI see 2 things:\r\n\r\n1) It only takes long in the *Initialize* of the database (because I don't have the database here) => shouldn't be the real issue\r\n2) I cannot run the 2nd async method via Task.Start (never gets into the method). When I run I() directly, it does work though (but see point 1)."
        },
        {
            "created_at": "2014-02-06T14:50:22Z",
            "body": "Comment created by @geertvanhorrik:\n\nAs soon as I close the window, the method will be called."
        },
        {
            "created_at": "2014-02-06T15:08:39Z",
            "body": "Comment created by @geertvanhorrik:\n\nWhat I don't understand is that it won't even get into the method."
        },
        {
            "created_at": "2014-02-06T15:14:52Z",
            "body": "Comment created by @geertvanhorrik:\n\nFound the issue! It's probably a static initialization in the UnitOfWork. I can solve this issue by calling this in a static ctor of Logic:\r\n\r\n```\r\nstatic Logic()\r\n{\r\n    Console.WriteLine(typeof(UnitOfWork<TSDbContext>).FullName);\r\n}\r\n```"
        },
        {
            "created_at": "2014-02-06T15:34:14Z",
            "body": "Comment created by @geertvanhorrik:\n\nFound the issue! You invoke the command in the **constructor* of the MainViewModel. Note that we never recommend that you invoke anything in the constructor. We have the *Initialize** method for that.\r\n\r\nThe reason is that you construct the *MainViewModel* with the TypeFactory (Catel does that for you). Then in the same (async) command being execution in that thread, you want to instantiate a UnitOfWork which also wants to instantiate a type via the TypeFactory. This is on a different thread. The TypeFactory is still locked because you are still constructoring the MainViewModel.\r\n\r\nAgain, Catel provides the **Initialize* method on the ViewModelBase which is called *outside** of the creation so it is safe to do anything in there. Please use that instead."
        },
        {
            "created_at": "2014-02-06T15:39:42Z",
            "body": "Comment created by bobahml:\n\nGood afternoon!\r\nYes, this explains why the debugger does not extend into the method code.\r\n\r\nThank you very much!!! Try decision soon "
        },
        {
            "created_at": "2014-02-06T15:34:36Z",
            "body": "Issue was closed with resolution \"Fixed\""
        }
    ]
}