{
    "issue": {
        "title": "CTL-299: ChangeNotificationWrapper NotifyCollectionChangedAction.Reset bug",
        "body": "Jira issue originally created by user facos:\n\nHi Geert,\r\n\r\nNotifyCollectionChangedAction.Reset is not handled by the ChangeNotificationWrapper in OnObjectCollectionChanged. If Reset is encountered, e.OldItems and e.NewItems are null but the list has changed somehow (items added\/removed or list is empty...). Could you please fix that? Thanks a lot!\r\n",
        "created_at": "2014-01-16T23:43:19Z",
        "closed": true,
        "labels": [
            "Bug"
        ],
        "milestone": 13,
        "assignee": "geertvanhorrik"
    },
    "comments": [
        {
            "created_at": "2014-01-17T11:11:33Z",
            "body": "Comment created by @geertvanhorrik:\n\nThe problem is that the reset is called **after** it has cleared it's items. We need to keep track of internal items of the collections ourselves."
        },
        {
            "created_at": "2014-01-17T11:27:41Z",
            "body": "Comment created by @geertvanhorrik:\n\nUnit tests written."
        },
        {
            "created_at": "2014-01-17T11:34:59Z",
            "body": "Comment created by @geertvanhorrik:\n\nHandlesCollectionResetsCorrectly passed"
        },
        {
            "created_at": "2014-01-17T11:37:06Z",
            "body": "Comment created by @geertvanhorrik:\n\nDone."
        },
        {
            "created_at": "2014-01-17T11:53:17Z",
            "body": "Comment created by facos:\n\nMany thanks for the fast bugfix!"
        },
        {
            "created_at": "2014-01-17T11:37:06Z",
            "body": "Issue was closed with resolution \"Fixed\""
        }
    ]
}