{
    "issue": {
        "title": "CTL-312: Exception when assigning dependency property",
        "body": "Jira issue originally created by user Bitfiddler:\n\nAfter updating to latest pre-release, I get an error when assigning a dependency property:\r\n\r\n```\r\n        private void OnEditHedgeMode(EditHedgeMessage msg)\r\n        {\r\n            if (HedgeCompletionAction == null)\r\n            {\r\n                return;\r\n            }\r\n            _stateManager.EnterEditMode();\r\n            TargetHedge = msg.HedgeToChange;\r\n            UpdateStatefulProperties();\r\n        }\r\n```\r\n\r\nTargetHedge is a dependency property.  The assignment in the code above causes an \"'DAL.PeterscoFX.Model.Trade' cannot be IXmlSerializable and have DataContractAttribute attribute.\" exception (this worked before, but even removing serializable from the Model interface  does not help) with the following stacktrace. \r\n\r\n{info:icon=false}\r\n   at System.Runtime.Serialization.XmlDataContract.XmlDataContractCriticalHelper..ctor(Type type)\r\n   at System.Runtime.Serialization.XmlDataContract..ctor(Type type)\r\n   at System.Runtime.Serialization.DataContract.DataContractCriticalHelper.CreateDataContract(Int32 id, RuntimeTypeHandle typeHandle, Type type)\r\n   at System.Runtime.Serialization.DataContract.DataContractCriticalHelper.GetDataContractSkipValidation(Int32 id, RuntimeTypeHandle typeHandle, Type type)\r\n   at System.Runtime.Serialization.XmlObjectSerializerContext.GetDataContract(Int32 id, RuntimeTypeHandle typeHandle)\r\n   at System.Runtime.Serialization.XmlObjectSerializerWriteContext.InternalSerialize(XmlWriterDelegator xmlWriter, Object obj, Boolean isDeclaredType, Boolean writeXsiType, Int32 declaredTypeID, RuntimeTypeHandle declaredTypeHandle)\r\n   at WriteArrayOfTradeToXml(XmlWriterDelegator , Object , XmlObjectSerializerWriteContext , CollectionDataContract )\r\n   at System.Runtime.Serialization.CollectionDataContract.WriteXmlValue(XmlWriterDelegator xmlWriter, Object obj, XmlObjectSerializerWriteContext context)\r\n   at System.Runtime.Serialization.XmlObjectSerializerWriteContext.WriteDataContractValue(DataContract dataContract, XmlWriterDelegator xmlWriter, Object obj, RuntimeTypeHandle declaredTypeHandle)\r\n   at System.Runtime.Serialization.XmlObjectSerializerWriteContext.SerializeWithoutXsiType(DataContract dataContract, XmlWriterDelegator xmlWriter, Object obj, RuntimeTypeHandle declaredTypeHandle)\r\n   at System.Runtime.Serialization.DataContractSerializer.InternalWriteObjectContent(XmlWriterDelegator writer, Object graph, DataContractResolver dataContractResolver)\r\n   at System.Runtime.Serialization.DataContractSerializer.InternalWriteObjectContent(XmlWriterDelegator writer, Object graph)\r\n   at System.Runtime.Serialization.XmlObjectSerializer.WriteObjectContentHandleExceptions(XmlWriterDelegator writer, Object graph)\r\n   at System.Runtime.Serialization.DataContractSerializer.WriteObjectContent(XmlWriter writer, Object graph)\r\n   at Catel.Runtime.Serialization.Xml.XmlSerializer.WriteXmlElement(ISerializationContext`1 context, XElement element, String elementName, MemberValue memberValue, Type modelType)\r\n   at Catel.Runtime.Serialization.Xml.XmlSerializer.SerializeMember(ISerializationContext`1 context, MemberValue memberValue)\r\n   at Catel.Runtime.Serialization.SerializerBase`1.SerializeMembers(ISerializationContext`1 context, List`1 membersToSerialize)\r\n   at Catel.Runtime.Serialization.SerializerBase`1.SerializeMembers(ModelBase model, Stream stream, String[] membersToIgnore)\r\n   at Catel.Data.ModelBase.BackupData.CreateBackup()\r\n   at Catel.Data.ModelBase.BackupData..ctor(ModelBase obj)\r\n   at Catel.Data.ModelBase.System.ComponentModel.IEditableObject.BeginEdit()\r\n   at Catel.Data.EditableObjectHelper.BeginEditObject(Object obj)\r\n   at Catel.MVVM.ViewModelBase.InitializeModel(String modelProperty, Object model)\r\n   at Catel.MVVM.ViewModelBase.OnPropertyChanged(AdvancedPropertyChangedEventArgs e)\r\n   at Catel.Data.ObservableObject.RaisePropertyChanged(Object sender, AdvancedPropertyChangedEventArgs e)\r\n   at Catel.Data.ModelBase.RaisePropertyChanged(Object sender, PropertyChangedEventArgs e, Boolean setDirtyAndAllowAutomaticValidation, Boolean isRefreshCallOnly)\r\n   at Catel.Data.ModelBase.RaisePropertyChanged(Object sender, AdvancedPropertyChangedEventArgs e)\r\n   at Catel.MVVM.ViewModelBase.RaisePropertyChanged(Object sender, AdvancedPropertyChangedEventArgs e)\r\n   at Catel.Data.ObservableObject.RaisePropertyChanged(Object sender, String propertyName, Object oldValue, Object newValue)\r\n   at Catel.Data.ObservableObject.RaisePropertyChanged(String propertyName, Object oldValue, Object newValue)\r\n   at Catel.Data.ModelBase.SetValue(PropertyData property, Object value, Boolean notifyOnChange, Boolean validateAttributes)\r\n   at Catel.Data.ModelBase.SetValue(PropertyData property, Object value)\r\n   at Petersco.PAF.FX.ViewModels.ManageHedgeViewModel.set_TargetHedge(IHedge value)\r\n   at Petersco.PAF.FX.ViewModels.ManageHedgeViewModel.OnEditHedgeMode(EditHedgeMessage msg) in d:\\Development\\Code\\DotNet\\vs2012\\Petersco.PAF.FX\\ViewModels\\ManageHedgeViewModel.cs:line 82\r\n{info}",
        "created_at": "2014-01-27T18:45:39Z",
        "closed": true,
        "labels": [
            "Bug"
        ],
        "milestone": 13,
        "assignee": "geertvanhorrik"
    },
    "comments": [
        {
            "created_at": "2014-01-27T19:03:24Z",
            "body": "Comment created by Bitfiddler:\n\nRemoving the \"Datacontract\" attribute gets rid of the exception.  This may be problematic for users of WCF (of which I am one unfortunately)."
        },
        {
            "created_at": "2014-01-27T22:07:16Z",
            "body": "Comment created by @geertvanhorrik:\n\nModels in WCF can either implement IXmlSerializable **or** DataContract. If you choose to use the ModelBase, you automatically choose for the first option. It has been like this for quite a while now."
        },
        {
            "created_at": "2014-01-27T22:10:48Z",
            "body": "Comment created by Bitfiddler:\n\nOk, I will remove all the data contract stuff.  Just strange that this exception did not happen until the latest release (so I was thinking maybe this was unintentional).  For now I don't need the datacontracts (I only put it in to mirror what the old apps are doing to see if porting over would be straight forward)."
        },
        {
            "created_at": "2014-01-28T09:57:51Z",
            "body": "Comment created by @geertvanhorrik:\n\nYep, I can't remember that I changed anything about this. But I did a **lot** of commits for the 3.9 release, so maybe it's just not in the top of my head."
        },
        {
            "created_at": "2014-01-28T09:58:02Z",
            "body": "Issue was closed with resolution \"Fixed\""
        }
    ]
}