{
    "issue": {
        "title": "CTL-195: ServiceLocator.RegisterType with interface type should throw exception",
        "body": "Jira issue originally created by user @geertvanhorrik:\n\nCurrently it throws a ArgumentNullException, but NotSupportedException should be thrown.",
        "created_at": "2013-10-14T17:54:21Z",
        "closed": true,
        "labels": [
            "Improvement"
        ],
        "milestone": 16,
        "assignee": "geertvanhorrik"
    },
    "comments": [
        {
            "created_at": "2013-10-14T18:03:46Z",
            "body": "Comment created by @geertvanhorrik:\n\nDone."
        },
        {
            "created_at": "2013-10-14T18:03:46Z",
            "body": "Issue was closed with resolution \"Fixed\""
        }
    ]
}