{
    "issue": {
        "title": "CTL-149: GrayScaleEffect does not seem to work",
        "body": "Jira issue originally created by user @geertvanhorrik:\n\nMoved to 3.9",
        "created_at": "2013-08-09T10:09:52Z",
        "closed": false,
        "labels": [
            "Bug"
        ],
        "milestone": 22,
        "assignee": "geertvanhorrik"
    },
    "comments": [
        {
            "created_at": "2013-08-09T10:15:54Z",
            "body": "Comment created by @geertvanhorrik:\n\nIt seems the binding in the style is not working. The converter is never called."
        }
    ]
}