{
    "issue": {
        "title": "CTL-26: EntityRepositoryBase only 1 (get) method viable when lazy loading is disabled.",
        "body": "Jira issue originally created by user maxim:\n\nIf you disable LazyLoading so you can control what \"extra\" data is loaded.\r\nAnd then use the EntityRepositoryBase from Catel, you are not able to load extra properties like it is possible with Include(\"Name Of Property to load\") like you are able from the DbSet.\r\n\r\nGetQuery Returns IQueryable, and it supports \".Include\". However all the other methods don't.  \r\nAlso if you only need to get 1 item. Instead of using the Repository \"First\" or \"Find\", we ll have to do GetQuery().Include(\"value\").First(x=>x.blabla).\r\nWe can use the repository and write GetQuery everytime we need an include, but it makes 5 methods useless(when you need lazy loading).\r\nList of methods that don t support LazyLoading in the RepositoryBase:\r\n\r\nFind\r\nFirst\r\nGetAll\r\nGetByKey\r\nSingle\r\n\r\nI ve read that IQueryable isn't good for unit testing, but I am a still new to unit testing etc so that might be totaly wrong.\r\nFor now I ll always use GetQuery I think.\r\n",
        "created_at": "2013-03-11T18:49:28Z",
        "closed": true,
        "labels": [
            "Improvement"
        ],
        "milestone": 16,
        "assignee": "geertvanhorrik"
    },
    "comments": [
        {
            "created_at": "2013-03-26T20:14:06Z",
            "body": "Comment created by @geertvanhorrik:\n\nAlso consider renaming First to FirstOrDefault"
        },
        {
            "created_at": "2013-03-26T20:14:16Z",
            "body": "Comment created by @geertvanhorrik:\n\nAnd Single to SingleOrDefault"
        },
        {
            "created_at": "2013-03-27T16:07:05Z",
            "body": "Comment created by maxim:\n\nCareful, confusing.Single in the repo calls Linq .Single, while the repo First calls FirstOrDefault <sup><\/sup>."
        },
        {
            "created_at": "2013-07-13T14:56:14Z",
            "body": "Comment created by @geertvanhorrik:\n\nDone."
        },
        {
            "created_at": "2013-07-13T14:56:14Z",
            "body": "Issue was closed with resolution \"Fixed\""
        }
    ]
}