{
    "issue": {
        "title": "CTL-172: Create scope manager",
        "body": "Jira issue originally created by user @geertvanhorrik:\n\nCreate a scope manager to allow scoping of any object with a tag.",
        "created_at": "2013-09-05T22:18:58Z",
        "closed": true,
        "labels": [
            "Task"
        ],
        "milestone": 16,
        "assignee": "geertvanhorrik"
    },
    "comments": [
        {
            "created_at": "2013-09-05T22:23:25Z",
            "body": "Comment created by @geertvanhorrik:\n\nWritten docs:\n\nhttps:\/\/catelproject.atlassian.net\/wiki\/display\/CTL\/Scoping"
        },
        {
            "created_at": "2013-09-06T11:24:49Z",
            "body": "Comment created by @geertvanhorrik:\n\nDone."
        },
        {
            "created_at": "2013-09-06T11:24:49Z",
            "body": "Issue was closed with resolution \"Fixed\""
        }
    ]
}