{
    "issue": {
        "title": "CTL-269: how to use multiple model and viewmodel in a view",
        "body": "Jira issue originally created by user rainman:\n\ni have 2 model with relationship between them ,i want to create a single view for data entry \r\nhow can i do that ?\r\nis it allowable in mvvm ?how to use multiple model and viewmodel in a view",
        "created_at": "2013-12-14T08:48:42Z",
        "closed": true,
        "labels": [
            "Task"
        ],
        "milestone": 13,
        "assignee": "geertvanhorrik"
    },
    "comments": [
        {
            "created_at": "2013-12-14T09:52:35Z",
            "body": "Comment created by @geertvanhorrik:\n\nIt completely depends on what you want to do, but yes, it is allowed to have more then 1 model per view model. The question you should ask yourself are:\r\n\r\nDo I want to be able to re-use the view models separately (thus, are there places where I actually want to edit a single model)?\r\n\r\nIf the answer is yes, I recommend 2 view models with 2 views. If not, just create a single view and single view model with multiple models."
        },
        {
            "created_at": "2013-12-14T09:52:41Z",
            "body": "Issue was closed with resolution \"Fixed\""
        }
    ]
}