{
    "issue": {
        "title": "CTL-464: UIVisualizerService does not work in latest builds",
        "body": "Jira issue originally created by user galead:\n\nI've attached sample solution with two projects:\r\n1) Working project with 3.9 assemblies referenced ('Stable' on NuGet);\r\n2) Bugged project with latest assemblies referenced ('Prerelease' on NuGet).\r\n\r\nChild window shows on button click only in first project.",
        "created_at": "2014-06-16T17:27:27Z",
        "closed": true,
        "labels": [
            "Bug"
        ],
        "milestone": 12,
        "assignee": "geertvanhorrik"
    },
    "comments": [
        {
            "created_at": "2014-06-16T18:16:23Z",
            "body": "Comment created by @geertvanhorrik:\n\nThat's because it has changed to an async implementation. See https:\/\/catelproject.atlassian.net\/wiki\/display\/CTL\/Catel+4.0.0"
        },
        {
            "created_at": "2014-06-17T09:02:18Z",
            "body": "Comment created by galead:\n\nThis code snippet is not working too:\r\n\r\n\t\tprivate async void ExecuteTestCommand()\r\n\t\t{\r\n\t\t\tvar uiVisualizerService = this.DependencyResolver.Resolve<IUIVisualizerService>();\r\n\t\t\tawait uiVisualizerService.Show<ChildViewModel>();\r\n\t\t}\r\n\r\nWhat I did wrong?\r\n"
        },
        {
            "created_at": "2014-06-17T09:09:36Z",
            "body": "Comment created by galead:\n\nI note that method uiVisualizerService.ShowDialog() works correctly."
        },
        {
            "created_at": "2014-06-18T14:02:46Z",
            "body": "Comment created by Isidorac:\n\nI ran into this problem because I use the RunWithSplashScreen method on the bootstrapper. This is because the uiVisualizerService now only has async implementations. Which means that what is said here https:\/\/catelproject.atlassian.net\/wiki\/display\/CTL\/Catel+4.0.0 is true, from now on await has to be used. Should I create a new issue to fix the SplashScreenService implementation? The  *uiVisualizerService.Show(*progressNotifyableViewModel); in the BeginCommit method is not being awaited!"
        },
        {
            "created_at": "2014-06-18T14:18:35Z",
            "body": "Comment created by @geertvanhorrik:\n\nIt would be very nice if this would be implemented as a pull request, then I can focus on other things as well."
        },
        {
            "created_at": "2014-06-19T12:02:06Z",
            "body": "Comment created by @geertvanhorrik:\n\nThanks for the pull request, it is accepted."
        },
        {
            "created_at": "2014-06-19T12:02:31Z",
            "body": "Issue was closed with resolution \"Fixed\""
        }
    ]
}