{
    "issue": {
        "title": "CTL-163: Service Locator thread local registration \/ resolution \/ injection",
        "body": "Jira issue originally created by user @alexfdezsauco:\n\nServiceLocator should allow a new registration type code name ThreadLocal.\r\n\r\n1) When an instance is requested from the service locator it should return the same instance in the same thread (different instances in different threads), works like a combination of Singleton (same thread) and Transient (different threads)\r\n\r\n2) Even if the registration is Transient\/Singleton but constructor parameter is marked with attribute [ThreadLocal] then the resolution should be ThreadLocal.\r\n\r\n",
        "created_at": "2013-08-25T21:50:06Z",
        "closed": false,
        "labels": [
            "Improvement"
        ],
        "milestone": 22
    },
    "comments": [
        {
            "created_at": "2013-11-14T22:23:17Z",
            "body": "Comment created by @geertvanhorrik:\n\nMoved to 3.9."
        }
    ]
}