{
    "issue": {
        "title": "CTL-278: Validation throws exception on modelbase properties",
        "body": "Jira issue originally created by user IvanKupriyanov:\n\nValidation throws exceptions on ModelBase properties when concrete class derived from another class, which is derived from ModelBase.\r\n\r\nConcrete -|> Base -|> ModelBase\r\n\r\nA first chance exception of type 'System.ArgumentException' occurred in System.ComponentModel.DataAnnotations.dll\r\n\r\nAdditional information: \u0412 \u0442\u0438\u043f\u0435 \"Computer\" \u043d\u0435 \u0441\u043e\u0434\u0435\u0440\u0436\u0438\u0442\u0441\u044f \u043e\u0431\u0449\u0435\u0435 \u0441\u0432\u043e\u0439\u0441\u0442\u0432\u043e \u0441 \u0438\u043c\u0435\u043d\u0435\u043c \"SuspendValidation\".",
        "created_at": "2013-12-18T10:40:03Z",
        "closed": true,
        "labels": [
            "Bug"
        ],
        "milestone": 13,
        "assignee": "geertvanhorrik"
    },
    "comments": [
        {
            "body": "empty body",
            "created_at": "2013-12-18T10:40:03Z"
        },
        {
            "created_at": "2013-12-18T12:16:22Z",
            "body": "Issue was closed with resolution \"Fixed\""
        }
    ]
}