{
    "issue": {
        "title": "CTL-466: Catel and Microsoft Fakes does not work because of reflection on explicit interface properties",
        "body": "Jira issue originally created by user TRVRSE:\n\nCatel's [Model] and [ViewModelToModel] attributes are not working well with MSTest stubs. The issue is because Catel uses reflection to ensure that Model has the appropriate properties that are being tagged for exposure. But MSTest implements its Stubs using delegates for the Getter and Setter. Therefore, Catel doesn't see the properties it wants and throws a reflection exception.  ",
        "created_at": "2014-06-20T20:45:47Z",
        "closed": true,
        "labels": [
            "Improvement"
        ],
        "milestone": 12,
        "assignee": "geertvanhorrik"
    },
    "comments": [
        {
            "created_at": "2014-06-20T20:59:29Z",
            "body": "Comment created by @geertvanhorrik:\n\nI think it's because the stubs implement the properties as explicit interface properties. GetProperties() does return the property, GetProperty() does not.\r\n\r\nOne option would be to check all properties if GetProperty would return null, but that might have a serious impact on performance."
        },
        {
            "created_at": "2014-06-20T21:12:00Z",
            "body": "Comment created by @geertvanhorrik:\n\nWrote unit tests that confirm this."
        },
        {
            "created_at": "2014-06-20T21:21:12Z",
            "body": "Comment created by @geertvanhorrik:\n\nI am glad we already abstracted the reflection system, then it is an easy fix."
        },
        {
            "created_at": "2014-06-20T21:25:47Z",
            "body": "Comment created by TRVRSE:\n\nThat's good to hear!"
        },
        {
            "created_at": "2014-06-20T21:27:51Z",
            "body": "Comment created by @geertvanhorrik:\n\nFixed. Unfortunately I released a new nightly build about 40 minutes ago, so you will have to wait for the next one or build from source yourself."
        },
        {
            "created_at": "2014-06-20T21:30:54Z",
            "body": "Comment created by TRVRSE:\n\nThanks for the quick fix. I'll be okay with waiting until Monday to get the update."
        },
        {
            "created_at": "2014-06-20T21:27:51Z",
            "body": "Issue was closed with resolution \"Fixed\""
        }
    ]
}