{
    "issue": {
        "title": "CTL-342: DebugLogListener SL also write message to System.Diagnostics.Debug",
        "body": "Jira issue originally created by user facos:\n\nHi Geert,\r\n\r\ncould you please insert an additional\r\n\r\nSystem.Diagnostics.Debug.WriteLine(consoleMessage);\r\n\r\nto the Silverlight DebugLogListener? It would help a lot while\r\ndebugging the application. Thanks!\r\n",
        "created_at": "2014-02-13T11:00:44Z",
        "closed": true,
        "labels": [
            "Improvement"
        ],
        "milestone": 12,
        "assignee": "geertvanhorrik"
    },
    "comments": [
        {
            "created_at": "2014-02-13T12:02:31Z",
            "body": "Comment created by @geertvanhorrik:\n\nDone."
        },
        {
            "created_at": "2014-02-13T12:02:31Z",
            "body": "Issue was closed with resolution \"Fixed\""
        }
    ]
}