{
    "issue": {
        "title": "CTL-291: EventToCommand not working for UserControl",
        "body": "Jira issue originally created by user Bitfiddler:\n\nFor Context:\r\nhttps:\/\/catel.codeplex.com\/discussions\/373845\r\n\r\nI can't seem to get any EventToCommand to work on a UserControl. I have regular button, combobox, etc... commands on the same view working with no issues. However the following:\r\n<i:Interaction.Triggers>\r\n    <i:EventTrigger EventName=\"MouseDown\">\r\n        <catel:EventToCommand Command=\"{Binding LoadBankNames}\"\/>\r\n    <\/i:EventTrigger>\r\n<\/i:Interaction.Triggers>\r\nDoes not work no matter what event I use in \"EventName\" (using pre-release 3.8.1312281745-beta).\r\n\r\nWhen adding the trigger to a Panel or other control, the EventToCommand works. When added to the catel:UserControl itself, it seems to stop working. Is this intended behaviour? ",
        "created_at": "2014-01-03T20:14:03Z",
        "closed": true,
        "labels": [
            "Bug"
        ],
        "milestone": 13,
        "assignee": "geertvanhorrik"
    },
    "comments": [
        {
            "created_at": "2014-01-03T20:58:15Z",
            "body": "Comment created by @geertvanhorrik:\n\nThe problem is that you are probably binding to the VM, which is not available as datacontext on the UC itself. This is a pretty advanced scenario, but you can find all information about it here:\r\n\r\nhttps:\/\/catelproject.atlassian.net\/wiki\/display\/CTL\/UserControl<ins>-<\/ins>under<ins>the<\/ins>hood\r\n\r\nAs you can see in the image, you are binding to the gray area where you expect to bind to the orange \/ green one. Just bind to *ViewModel.Something* on the actual view (not datacontext), then it will work."
        },
        {
            "created_at": "2014-01-03T21:17:04Z",
            "body": "Comment created by Bitfiddler:\n\nHi Geert,\r\n\r\nI'm a little confused as to what you mean by ViewModel.Something.\r\n\r\nI have tried:\r\n<i:Interaction.Triggers>\r\n\t<i:EventTrigger EventName=\"MouseEnter\">\r\n\t\t<catel:EventToCommand Command=\"{Binding ViewModel.LoadBankNames}\" DisableAssociatedObjectOnCannotExecute=\"False\"\/>\r\n\t<\/i:EventTrigger>\r\n<\/i:Interaction.Triggers>\r\n\r\nHowever this generates a binding error:\r\nSystem.Windows.Data Error: 40 : BindingExpression path error: 'ViewModel' property not found on 'object' ''MainViewManagerViewModel' (HashCode=-1317247853)'. BindingExpression:Path=ViewModel.LoadBankNames; DataItem='MainViewManagerViewModel' (HashCode=-1317247853); target element is 'EventToCommand' (HashCode=25422878); target property is 'Command' (type 'ICommand')\r\n\r\nWhich is strange that the binding mechanism is trying to bind to the parent control of the view I am currently working on (I am using nested views, the MainViewManagerViewModel is used to manage\/switch between views) which is CreateHedgeViewModel."
        },
        {
            "created_at": "2014-01-03T21:27:03Z",
            "body": "Comment created by Bitfiddler:\n\nOh, I think I figured out what you mean.  You mean just put the trigger inside whatever panel I am using to organize my view, correct?\r\n\r\nThis worked for me anyway ;-)"
        },
        {
            "created_at": "2014-01-04T13:16:14Z",
            "body": "Comment created by @geertvanhorrik:\n\nThat's exactly what you should do. Bind in the content of the UC, not the UC itself (because we inject a layer at runtime)."
        },
        {
            "created_at": "2014-01-04T13:16:34Z",
            "body": "Issue was closed with resolution \"Fixed\""
        }
    ]
}