{
    "issue": {
        "title": "CTL-451: Convert IUIVisualizerService to async implementation",
        "body": "Jira issue originally created by user @geertvanhorrik:\n\nAs we are moving to full async support, convert this service as well.",
        "created_at": "2014-06-02T10:55:47Z",
        "closed": true,
        "labels": [
            "Task"
        ],
        "milestone": 12,
        "assignee": "geertvanhorrik"
    },
    "comments": [
        {
            "created_at": "2014-06-02T21:38:01Z",
            "body": "Comment created by @geertvanhorrik:\n\nDone."
        },
        {
            "created_at": "2014-06-02T21:38:01Z",
            "body": "Issue was closed with resolution \"Fixed\""
        }
    ]
}