{
    "issue": {
        "title": "CTL-263: ReSharper plugin gives uncompilable code if generate catel property within generic class",
        "body": "Jira issue originally created by user IvanKupriyanov:\n\n```class Foo<T> : ModelBase\r\n{\r\n    public bool Bar { get; set; }\r\n}```\r\n\r\nAfter generate\r\n\r\n```\r\nclass Foo<T> : ModelBase\r\n{\r\n    \/\/\/ <summary>Register the Bar property so it is known in the class.<\/summary>\r\n    public static readonly PropertyData BarProperty = RegisterProperty<Foo, bool>(model => model.Bar);\r\n    public bool Bar\r\n    {\r\n        get {\r\n            return GetValue<bool>(BarProperty);\r\n        }\r\n        set {\r\n            SetValue(BarProperty, value);\r\n        }\r\n    }\r\n}\r\n\r\nUsing the generic type 'testProj.Foo<T>' requires 1 type arguments\t\r\n```",
        "created_at": "2013-12-09T10:59:30Z",
        "closed": true,
        "labels": [
            "Bug"
        ],
        "milestone": 13
    },
    "comments": [
        {
            "created_at": "2013-12-11T20:44:06Z",
            "body": "Comment created by @geertvanhorrik:\n\nThank you very much for this issue report Ivan. We will look into this asap."
        },
        {
            "created_at": "2014-01-07T06:34:36Z",
            "body": "Comment created by @alexfdezsauco:\n\nFixed property code generation within a generic class"
        },
        {
            "created_at": "2014-01-07T06:34:36Z",
            "body": "Issue was closed with resolution \"Fixed\""
        }
    ]
}