{
    "issue": {
        "title": "CTL-49: Create public website",
        "body": "Jira issue originally created by user @geertvanhorrik:\n\nCreate a public website.",
        "created_at": "2013-04-18T20:18:48Z",
        "closed": true,
        "labels": [
            "Task"
        ],
        "milestone": 17,
        "assignee": "geertvanhorrik"
    },
    "comments": [
        {
            "created_at": "2013-04-19T17:32:20Z",
            "body": "Comment created by @geertvanhorrik:\n\nSee http:\/\/html5boilerplate.com\/"
        },
        {
            "created_at": "2013-04-29T16:41:11Z",
            "body": "Comment created by @geertvanhorrik:\n\nSee website at http:\/\/www.catelproject.com\n"
        },
        {
            "created_at": "2013-04-30T20:52:07Z",
            "body": "Issue was closed with resolution \"Fixed\""
        }
    ]
}