{
    "issue": {
        "title": "CTL-427: Prism 5.0 support",
        "body": "Jira issue originally created by user rajiv.mounguengue:\n\n",
        "created_at": "2014-04-28T18:09:26Z",
        "closed": true,
        "labels": [
            "Improvement"
        ],
        "milestone": 11
    },
    "comments": [
        {
            "created_at": "2014-05-17T02:30:57Z",
            "body": "Comment created by @alexfdezsauco:\n\nTo support this, we have to add a new package (something like\r\nCatel.Extensions.Prism5) because it will depends from:\r\n\r\n  <package id=\"CommonServiceLocator\" version=\"1.2\" targetFramework=\"net45\" \/>\r\n   <package id=\"Prism\" version=\"5.0.0\" targetFramework=\"net45\" \/>\r\n  <package id=\"Prism.Composition\" version=\"5.0.0\" targetFramework=\"net45\" \/>\r\n  <package id=\"Prism.Interactivity\" version=\"5.0.0\" targetFramework=\"net45\" \/>\r\n  <package id=\"Prism.Mvvm\" version=\"1.0.0\" targetFramework=\"net45\" \/>\r\n  <package id=\"Prism.PubSubEvents\" version=\"1.0.0\" targetFramework=\"net45\" \/>\r\n\r\nand only will have support for NET45.\r\n\r\nTested: Some modularity options and UICompositionService.\r\n\"Breaking\" Change: IEventAggregator was moved to\r\nMicrosoft.Practices.Prism.PubSubEvents.\r\n\r\n\r\nOn 5\/14\/14, Geert van Horrik [Administrator] (JIRA)\r\n"
        },
        {
            "created_at": "2014-05-17T11:03:46Z",
            "body": "Comment created by rajiv.mounguengue:\n\nOk for me, Catel.Extensions.Prism5 with NET45 support only."
        },
        {
            "created_at": "2014-05-17T16:48:57Z",
            "body": "Comment created by @alexfdezsauco:\n\nPushed in [CTL-427](https:\/\/catelproject.atlassian.net\/browse\/CTL-427)-Prism5 branch\r\n\r\n"
        },
        {
            "created_at": "2014-11-26T11:58:01Z",
            "body": "Comment created by @geertvanhorrik:\n\nWhat's the status?"
        },
        {
            "created_at": "2014-11-26T16:58:36Z",
            "body": "Comment created by @alexfdezsauco:\n\nPushed in [CTL-427](https:\/\/catelproject.atlassian.net\/browse\/CTL-427)-Prism5 branch, but not merged int develop branch. It requires a the new package for project Catel.Extensions.Prism5."
        },
        {
            "created_at": "2014-12-15T17:41:03Z",
            "body": "Comment created by @geertvanhorrik:\n\nNeed to review this, but the issue is that we should create new packages."
        },
        {
            "created_at": "2014-12-15T18:03:40Z",
            "body": "Comment created by @alexfdezsauco:\n\n@Geert van Horrik [Administrator]\nYes, just one package."
        },
        {
            "created_at": "2015-02-06T14:12:30Z",
            "body": "Comment created by @geertvanhorrik:\n\nWill review this soon."
        },
        {
            "created_at": "2015-03-01T15:03:05Z",
            "body": "Comment created by @geertvanhorrik:\n\nMerging latest dev into this branch so it's up to date."
        },
        {
            "created_at": "2015-03-03T16:04:19Z",
            "body": "Comment created by @alexfdezsauco:\n\nBut where is the Prims5 project for the new extension?\r\n\r\nSee change (in branch [CTL-427](https:\/\/catelproject.atlassian.net\/browse\/CTL-427)-Prism5):\r\n\r\n* (+) [CTL-427](https:\/\/catelproject.atlassian.net\/browse\/CTL-427) Added support for Prism5 in a new extension\r\n(Catel.Extensions.Prism5)\r\n\r\nOn 3\/1\/15, Geert van Horrik [Administrator] (JIRA)\r\n"
        },
        {
            "created_at": "2015-03-03T16:05:51Z",
            "body": "Comment created by @geertvanhorrik:\n\nNot ready yet. Still working on it."
        },
        {
            "created_at": "2015-03-03T16:13:19Z",
            "body": "Comment created by @alexfdezsauco:\n\nI'm merging such change\r\n\r\nOn 3\/3\/15, Igr Alex\u00e1nder Fern\u00e1ndez Sa\u00faco\r\n"
        },
        {
            "created_at": "2015-03-03T16:36:19Z",
            "body": "Comment created by @alexfdezsauco:\n\nOk, probably the best option is wait that you setup (or recover from\r\nsuch revision) the project structure.\r\n\r\nOn 3\/3\/15, Igr Alex\u00e1nder Fern\u00e1ndez Sa\u00faco\r\n"
        },
        {
            "created_at": "2015-03-04T12:37:56Z",
            "body": "Comment created by @geertvanhorrik:\n\nRenamed old projects to prism4 to be consistent. Now adding prism 5 to the sln."
        },
        {
            "created_at": "2015-03-04T13:47:19Z",
            "body": "Comment created by @geertvanhorrik:\n\nEverything is refactored, etc. Just pushed all files to the branch, let's see what the build server thinks."
        },
        {
            "created_at": "2015-03-04T14:07:10Z",
            "body": "Comment created by @geertvanhorrik:\n\nMerged to dev, doing final testing."
        },
        {
            "created_at": "2015-03-04T14:21:42Z",
            "body": "Comment created by @geertvanhorrik:\n\nCI succeeds. Can you verify that you agree on the implementation now?"
        },
        {
            "created_at": "2015-03-04T17:38:56Z",
            "body": "Comment created by @geertvanhorrik:\n\nAnd we have a liftoff:\r\n\r\nhttp:\/\/www.nuget.org\/packages\/Catel.Extensions.Prism5"
        },
        {
            "created_at": "2015-03-05T18:42:19Z",
            "body": "Comment created by @alexfdezsauco:\n\nGreat\r\n\r\nOn 3\/4\/15, Geert van Horrik [Administrator] (JIRA)\r\n"
        },
        {
            "created_at": "2015-03-05T20:27:41Z",
            "body": "Issue was closed with resolution \"Fixed\""
        }
    ]
}