{
    "issue": {
        "title": "CTL-436: Add generic ICatelCommand",
        "body": "Jira issue originally created by user Towelie:\n\nAdd something like this:\r\n```\r\n public interface ICatelCommand<TExecuteParameter, TCanExecuteParameter> : ICommand, IDisposable\r\n    {\r\n        bool CanExecute(TCanExecuteParameter parameter);\r\n        void Execute(TExecuteParameter parameter);\r\n    }\r\n```\r\n\r\nAnd add check:\r\n```Argument.InheritsFrom(\"parameter\", typeof());```",
        "created_at": "2014-05-06T23:35:01Z",
        "closed": true,
        "labels": [
            "Improvement"
        ],
        "milestone": 12,
        "assignee": "geertvanhorrik"
    },
    "comments": [
        {
            "created_at": "2014-05-06T23:36:11Z",
            "body": "Comment created by Towelie:\n\nsorry, forget type:\r\n```Argument.InheritsFrom(\"parameter\", typeof(TExecuteParameter));```"
        },
        {
            "created_at": "2014-05-07T09:31:01Z",
            "body": "Comment created by @geertvanhorrik:\n\nI cannot add checks in an interface... But ICatelCommand has invocation with object, anything is passable that way, right? Why would you need a specific generic interface?"
        },
        {
            "created_at": "2014-05-07T17:41:34Z",
            "body": "Comment created by Towelie:\n\nI'm creating a extensible program with addons, so there are predefined some interfaces for core classes, also interface with commands, so any one can redefine implementation, like this:\r\n```\r\n    public interface IProjectCommands\r\n    {\r\n        ICommand OpenFile { get; }\r\n        ICommand NewFile { get; }\r\n    }\r\n```\r\nSo, i can't define that NewFile needs some parameter ( path to file), ofcourse i can use Command<TParam> but i think it is bad practice to use classes in interface."
        },
        {
            "created_at": "2014-05-07T17:52:16Z",
            "body": "Comment created by @geertvanhorrik:\n\nOk, sounds fair. This would make you happy?\r\n\r\n```\r\n\r\n    \/\/\/ <summary>\r\n    \/\/\/ Advanced <see cref=\"ICommand\" \/> interface definition to provide advanced functionality.\r\n    \/\/\/ <\/summary>\r\n    \/\/\/ <typeparam name=\"TExecuteParameter\">The type of the execute parameter.<\/typeparam>\r\n    \/\/\/ <typeparam name=\"TCanExecuteParameter\">The type of the can execute parameter.<\/typeparam>\r\n    public interface ICatelCommand<TExecuteParameter, TCanExecuteParameter> : ICatelCommand\r\n    {\r\n        \/\/\/ <summary>\r\n        \/\/\/ Invokes the <see cref=\"ICommand.CanExecute\" \/> with <c>null<\/c> as parameter.\r\n        \/\/\/ <\/summary>\r\n        \/\/\/ <param name=\"parameter\">The parameter.<\/param>\r\n        \/\/\/ <returns><c>true<\/c> if this instance can execute; otherwise, <c>false<\/c>.<\/returns>\r\n        bool CanExecute(TCanExecuteParameter parameter);\r\n\r\n        \/\/\/ <summary>\r\n        \/\/\/ Invokes the <see cref=\"ICommand.Execute\" \/> with <c>null<\/c> as parameter.\r\n        \/\/\/ <\/summary>\r\n        \/\/\/ <param name=\"parameter\">The parameter.<\/param>\r\n        \/\/\/ <returns><c>true<\/c> if this instance can execute; otherwise, <c>false<\/c>.<\/returns>\r\n        void Execute(TExecuteParameter parameter);\r\n    }\r\n\r\n    \/\/\/ <summary>\r\n    \/\/\/ Advanced <see cref=\"ICommand\" \/> interface definition to provide advanced functionality.\r\n    \/\/\/ <\/summary>\r\n    \/\/\/ <typeparam name=\"TExecuteParameter\">The type of the execute parameter.<\/typeparam>\r\n    public interface ICatelCommand<TExecuteParameter> : ICatelCommand<TExecuteParameter, TExecuteParameter>\r\n    {\r\n    }\r\n```"
        },
        {
            "created_at": "2014-05-07T17:58:59Z",
            "body": "Comment created by @geertvanhorrik:\n\nImplemented."
        },
        {
            "created_at": "2014-05-07T17:58:59Z",
            "body": "Issue was closed with resolution \"Fixed\""
        }
    ]
}