{
    "issue": {
        "title": "CTL-512: Closing a window via CloseViewModel in the view model does not work",
        "body": "Jira issue originally created by user @geertvanhorrik:\n\nCalling CloseViewModel(bool) doesn't seem to close the window all the time.",
        "created_at": "2014-08-21T11:17:47Z",
        "closed": true,
        "labels": [
            "Bug"
        ],
        "milestone": 12,
        "assignee": "geertvanhorrik"
    },
    "comments": [
        {
            "created_at": "2014-08-21T11:24:10Z",
            "body": "Issue was closed with resolution \"Fixed\""
        }
    ]
}