{
    "issue": {
        "title": "CTL-365: Allow printing of views that are hidden without focus with ViewExportService",
        "body": "Jira issue originally created by user @geertvanhorrik:\n\nWhen printing a visual that is hidden before the print dialog is shown after clicking, it is not printed correctly.",
        "created_at": "2014-02-24T19:53:24Z",
        "closed": true,
        "labels": [
            "Improvement"
        ],
        "milestone": 12,
        "assignee": "geertvanhorrik"
    },
    "comments": [
        {
            "created_at": "2014-02-24T19:54:34Z",
            "body": "Comment created by @geertvanhorrik:\n\nFixed."
        },
        {
            "created_at": "2014-02-24T19:54:34Z",
            "body": "Issue was closed with resolution \"Fixed\""
        }
    ]
}