{
    "issue": {
        "title": "CTL-181: Resharper plugin: support model attributes in parent viewmodels",
        "body": "Jira issue originally created by user IvanKupriyanov:\n\nCurrently plugin doesn't support viewmodels hiererachy. In our case we have different viewmodels for one model. Light viewmodels for lists and detailed for work. Base viewmodel convert model properties with id to objects and keep them synchronized by overriding OnPropertyChanged method and re-converting on id change, expose properties with Model attributes (only 2-3 properties), and nothing more, and derived viewmodels should expose subset of properties of these models.\r\n\r\nCurrently it's pretty hard to use this idea - plugin wont show available properties.",
        "created_at": "2013-10-01T08:16:29Z",
        "closed": true,
        "labels": [
            "New Feature"
        ],
        "milestone": 15
    },
    "comments": [
        {
            "created_at": "2013-10-07T21:57:13Z",
            "body": "Comment created by @alexfdezsauco:\n\nLet me check if I understand you correctly.\r\n\r\nYou are in this scenario:\r\n\r\npublic class MyViewModelBase : ViewModelBase\r\n{\r\n    \\[Model\\]\r\n    public MyModel MyModel { get { ... } set { ... } }\r\n}\r\n\r\npublic class MyViewModelA : MyViewModelBase\r\n{\r\n     ${CARET}\r\n}\r\n\r\nYou want to able to do:\r\n\r\n1) ALT+INSERT in the caret position\r\n2) Select  expose model properties context menu.\r\n3) The dialog list and allow select MyModel properties from MyViewModelBase.\r\n4) The plugin writes in MyViewModelA the exposition of the MyModel\r\nselected properties code.\r\n\r\nOn 10\/7\/13, Geert van Horrik [Administrator] (JIRA)\r\n"
        },
        {
            "created_at": "2013-10-08T07:44:26Z",
            "body": "Comment created by IvanKupriyanov:\n\nYes. Little example how it looks like in our code\r\n\r\n```\r\n    public class FuelPurchaseViewModelBase : ViewModelBase\r\n    {\r\n        public FuelPurchaseViewModelBase(IFuelPurchase Purchase, IFuelKindsManager FuelKindsManager)\r\n        {\r\n            Argument.IsNotNull(\"Purchase\", Purchase);\r\n            Argument.IsNotNull(\"FuelKindsManager\", FuelKindsManager);\r\n\r\n            m_FuelKindsManager = FuelKindsManager;\r\n            this.Purchase = Purchase;\r\n\r\n            UpdateFuelKind();\r\n        }\r\n\r\n        #region Properties\r\n\r\n        [Model]\r\n        protected IFuelPurchase Purchase\r\n        {\r\n            get { return GetValue<IFuelPurchase>(PurchaseProperty); }\r\n            set { SetValue(PurchaseProperty, value); }\r\n        }\r\n\r\n        [Model]\r\n        protected IFuelKind FuelKind\r\n        {\r\n            get { return GetValue<IFuelKind>(FuelKindProperty); }\r\n            set { SetValue(FuelKindProperty, value); }\r\n        }\r\n\r\n        #endregion\r\n\r\n        #region Methods\r\n\r\n        protected override void OnPropertyChanged(AdvancedPropertyChangedEventArgs e)\r\n        {\r\n            base.OnPropertyChanged(e);\r\n            if (e.PropertyName == \"FuelKindId\")\r\n            {\r\n                UpdateFuelKind();\r\n            }\r\n        }\r\n\r\n        protected void UpdateFuelKind()\r\n        {\r\n            FuelKind = m_FuelKindsManager.FindItem(Purchase.FuelKindId);\r\n        }\r\n\r\n        #endregion\r\n\r\n    }\r\n\r\n\r\n    public class FuelPurchaseViewModel : FuelPurchaseViewModelBase\r\n    {\r\n        public FuelPurchaseViewModel(IFuelPurchase Purchase, IFuelKindsManager FuelKindsManager) \r\n            : base(Purchase, FuelKindsManager)\r\n        {\r\n            \/\/ ...\r\n        }\r\n\r\n        #region Properties\r\n\r\n        \/\/ Carret is here. I want to expose property DisplayVolumeIncreaseByChange\r\n        \/\/ In another VM i want expose fuel color property from FuelKind model\r\n        [ViewModelToModel(\"Purchase\")]\r\n        public double? DisplayVolumeIncreaseByChange\r\n        {\r\n            get {return GetValue<double?>(DisplayVolumeIncreaseByChangeProperty);}\r\n        }\r\n\r\n        #endregion\r\n    }\r\n```"
        },
        {
            "created_at": "2013-10-08T14:27:13Z",
            "body": "Comment created by @alexfdezsauco:\n\nPlease try with this pre-release version\r\nhttps:\/\/resharper-plugins.jetbrains.com\/packages\/Catel.ReSharper\/1.4.0.2-Beta-1310080816\r\n\r\n"
        },
        {
            "created_at": "2013-10-08T14:30:11Z",
            "body": "Comment created by @alexfdezsauco:\n\nFixed in version: https:\/\/resharper-plugins.jetbrains.com\/packages\/Catel.ReSharper\/1.4.0.2-Beta-1310080816"
        },
        {
            "created_at": "2013-10-10T08:08:38Z",
            "body": "Comment created by IvanKupriyanov:\n\nWe have ReSharper version 7.1 and have no plans to update it. On website i see \r\n\r\n```Dependencies\r\nReSharper (\u2265 8.0)```\r\n\r\nWhen i try to serch Catel.ReSharper with NuGet i get nothing. Any suggestions?"
        },
        {
            "created_at": "2013-10-10T16:03:13Z",
            "body": "Comment created by @alexfdezsauco:\n\nThe NuGet based extension manager is only available for R#8.0 or higher.\r\n\r\nWe are looking for the best way to distribute also distribute the full\r\ninstaller that include support for previous version of R# (including\r\n7.1)\r\n\r\nNow, you can get the full installer from http:\/\/sdrv.ms\/19kWYJQ\r\n\r\n"
        },
        {
            "created_at": "2013-10-08T14:30:11Z",
            "body": "Issue was closed with resolution \"Fixed\""
        }
    ]
}