{
    "issue": {
        "title": "CTL-185: Unloading a view via UserControlLogic might resolve in memory leaks",
        "body": "Jira issue originally created by user @geertvanhorrik:\n\nWhen a view is unloaded, a view model is closed. However when properties are decorated with the Model attribute the the models are not being uninitialized by the UserControlLogic (this requires a call to SaveViewModel or CloseViewModel).",
        "created_at": "2013-10-08T17:12:47Z",
        "closed": true,
        "labels": [
            "Bug"
        ],
        "milestone": 16,
        "assignee": "geertvanhorrik"
    },
    "comments": [
        {
            "created_at": "2013-10-08T17:13:22Z",
            "body": "Comment created by @geertvanhorrik:\n\nThe solution is to call SaveAndCloseViewModel when a view is unloaded instead of only CloseViewModel in UserControlLogic when a view is unloaded."
        },
        {
            "created_at": "2013-10-08T17:20:12Z",
            "body": "Issue was closed with resolution \"Fixed\""
        }
    ]
}