{
    "issue": {
        "title": "CTL-193: Unable to open catel window in seperate Thread",
        "body": "Jira issue originally created by user JanD:\n\nI tried to open a new catel window in a different thread.\r\nEnds up with a InvalidOperationException, that the calling thread can't access the object, because its in use of another Thread.\r\n\r\nOpening a none catel window in a different thread works fine.\r\n\r\nI attached a simple example.\r\n\r\nCheers",
        "created_at": "2013-10-14T12:08:12Z",
        "closed": true,
        "labels": [
            "Bug"
        ],
        "milestone": 16,
        "assignee": "geertvanhorrik"
    },
    "comments": [
        {
            "created_at": "2013-10-14T18:32:52Z",
            "body": "Comment created by @geertvanhorrik:\n\nThanks for the great example. This way I could easily reproduce and fix the issue.\r\n\r\nIssue is now fixed."
        },
        {
            "created_at": "2013-10-15T13:13:51Z",
            "body": "Comment created by JanD:\n\nConfirmed, works now. Thanks for the fast fix."
        },
        {
            "created_at": "2013-10-14T18:32:52Z",
            "body": "Issue was closed with resolution \"Fixed\""
        }
    ]
}