{
    "issue": {
        "title": "CTL-329: VisualStateManager doesn't change state in WP8 in UserControl",
        "body": "Jira issue originally created by user AvelN:\n\nWhile attaching UserControlBehavior (or extend catel:UserControl) the VisualStateManager.GoToState always returns false and no transition and state change happens.",
        "created_at": "2014-02-06T20:14:59Z",
        "closed": true,
        "labels": [
            "Bug"
        ],
        "milestone": 12,
        "assignee": "geertvanhorrik"
    },
    "comments": [
        {
            "created_at": "2014-02-06T20:19:19Z",
            "body": "Comment created by AvelN:\n\nSteps to reproduce:\r\n1) Tap one of the items in LongListSelector. \r\n    Expected result: the items goes to another state and transits to right.\r\n    Real result: Nothing happens, state doesn't change\r\n2) Comment in WindowsPhoneControl.xaml.cs \r\n    Interaction.GetBehaviors(this).Add(new UserControlBehavior(){ViewModelType = typeof(ItemViewModel)});\r\n3) Tap one of the items in LongListSelector. The items goes to another state and transits to right."
        },
        {
            "created_at": "2014-02-06T20:58:45Z",
            "body": "Comment created by @geertvanhorrik:\n\nOk, what template did you use to create this project? It contains quite some bad-practices for MVVM."
        },
        {
            "created_at": "2014-02-06T21:50:15Z",
            "body": "Comment created by AvelN:\n\nJust a simple standard project, to show the issue. It wasn't meant to be qood"
        },
        {
            "created_at": "2014-02-06T22:50:24Z",
            "body": "Comment created by @geertvanhorrik:\n\nI can reproduce the issue, checking out what it might be."
        },
        {
            "created_at": "2014-02-06T22:54:15Z",
            "body": "Comment created by @geertvanhorrik:\n\nOk, got it working. Now have to find out if this won't affect performance too much."
        },
        {
            "created_at": "2014-02-06T22:58:22Z",
            "body": "Comment created by @geertvanhorrik:\n\nShit, pretty expensive, takes 14 ms."
        },
        {
            "created_at": "2014-02-06T23:01:37Z",
            "body": "Comment created by AvelN:\n\nOuch..."
        },
        {
            "created_at": "2014-02-06T23:16:51Z",
            "body": "Comment created by @geertvanhorrik:\n\nAh, it's the timer which is not reliable. It is random when it happens."
        },
        {
            "created_at": "2014-02-06T23:19:13Z",
            "body": "Comment created by @geertvanhorrik:\n\nWith a stopwatch and 8 Log.Debug calls, it takes at max 9 ms. Trying without logs now."
        },
        {
            "created_at": "2014-02-06T23:20:36Z",
            "body": "Comment created by @geertvanhorrik:\n\n11:17:05:781 => [DEBUG] [Catel.Windows.Controls.MVVMProviders.Logic.UserControlLogic] Transferring styles and transitions\r\n11:17:05:781 => [DEBUG] [Catel.Windows.Controls.MVVMProviders.Logic.UserControlLogic] Transferred styles and transitions in 0 ms\r\n\r\nPretty fast now ;-)"
        },
        {
            "created_at": "2014-02-06T23:22:05Z",
            "body": "Comment created by @geertvanhorrik:\n\nIt is creating 30 views + view models in 500 ms on a windows phone device now. I don't recommend people to use about 30 view models inside a single view, so the performance is good."
        },
        {
            "created_at": "2014-02-06T23:27:27Z",
            "body": "Comment created by @geertvanhorrik:\n\n212 ms to initialize 40 views in your example."
        },
        {
            "created_at": "2014-02-06T23:30:28Z",
            "body": "Comment created by @geertvanhorrik:\n\n        \/\/\/ <summary>\r\n        \/\/\/ Gets or sets a value indicating whether the styles and transitions from the content of the target control\r\n        \/\/\/ should be transfered to the view model grid which is created dynamically,.\r\n        \/\/\/ <para \/>\r\n        \/\/\/ The transfer is required to enable visual state transitions on root elements (which is replaced by this logic implementation).\r\n        \/\/\/ <para \/>\r\n        \/\/\/ The default value is <c>true<\/c>\/\r\n        \/\/\/ <\/summary>\r\n        \/\/\/ <value><c>true<\/c> if the styles and transitions should be transfered to the view model grid; otherwise, <c>false<\/c>.<\/value>\r\n        public bool TransferStylesAndTransitionsToViewModelGrid { get; set; }"
        },
        {
            "created_at": "2014-02-06T23:32:46Z",
            "body": "Comment created by @geertvanhorrik:\n\nI will upload your revised example tomorrow when the new nightly build has been built."
        },
        {
            "created_at": "2014-02-06T23:40:48Z",
            "body": "Comment created by @geertvanhorrik:\n\nDocumented in performance considerations. Pushed changes."
        },
        {
            "created_at": "2014-02-07T09:43:29Z",
            "body": "Comment created by @geertvanhorrik:\n\nSee LongListSelectorApp_Updated for the working example."
        },
        {
            "created_at": "2014-02-07T09:43:39Z",
            "body": "Issue was closed with resolution \"Fixed\""
        }
    ]
}