{
    "issue": {
        "title": "CTL-506: BatchLogListenerBase.WriteBatch should be async",
        "body": "Jira issue originally created by user @geertvanhorrik:\n\n",
        "created_at": "2014-08-12T11:58:07Z",
        "closed": true,
        "labels": [
            "Improvement"
        ],
        "milestone": 12,
        "assignee": "geertvanhorrik"
    },
    "comments": [
        {
            "created_at": "2014-08-12T12:08:57Z",
            "body": "Issue was closed with resolution \"Fixed\""
        }
    ]
}