{
    "issue": {
        "title": "CTL-479: Make IDataErrorInfo\/IDataWarningInfo methods customizable in ModelBase",
        "body": "Jira issue originally created by user DanielKuehner:\n\n",
        "created_at": "2014-07-03T10:24:43Z",
        "closed": true,
        "labels": [
            "Improvement"
        ],
        "milestone": 12,
        "assignee": "geertvanhorrik"
    },
    "comments": [
        {
            "created_at": "2014-07-07T09:59:19Z",
            "body": "Comment created by @geertvanhorrik:\n\nSounds like a good improvement. Can you do a pull request?"
        },
        {
            "created_at": "2014-07-07T18:48:38Z",
            "body": "Comment created by DanielKuehner:\n\nPull request done.\r\n\r\nThis was the first time I used\/worked with GitHub - so I hope all went correct.\r\nI have no VS2012 (only VS2010) so I couldn't compile - but it should work.\r\n\r\nCan\/Have I to do anything else for you?"
        },
        {
            "created_at": "2014-07-07T18:52:05Z",
            "body": "Comment created by @geertvanhorrik:\n\nThanks! Reviewing the code now."
        },
        {
            "created_at": "2014-07-07T18:52:32Z",
            "body": "Comment created by @geertvanhorrik:\n\nPull request accepted."
        },
        {
            "created_at": "2014-07-07T18:56:00Z",
            "body": "Comment created by @geertvanhorrik:\n\nAdded to history.txt, all done, thanks for the help."
        },
        {
            "created_at": "2014-07-07T23:59:02Z",
            "body": "Comment created by DanielKuehner:\n\n"
        },
        {
            "created_at": "2014-07-08T09:27:58Z",
            "body": "Comment created by @geertvanhorrik:\n\nDone, thanks for the additional information."
        },
        {
            "created_at": "2014-07-08T10:20:07Z",
            "body": "Comment created by DanielKuehner:\n\nNo problem."
        },
        {
            "created_at": "2014-07-07T18:56:07Z",
            "body": "Issue was closed with resolution \"Fixed\""
        }
    ]
}