{
    "issue": {
        "title": "CTL-448: GetExeConfiguration infinite Loop",
        "body": "Jira issue originally created by user Bitfiddler:\n\nRecently I loaded a project that has already been deployed.  No changes have been made since deployment (I am the only developer).  All of a sudden the application seems to be going into an infinite loop in the Catel Core.  I tried updating to the latest pre-release version of Catel, but it did not help.  Attached is the stacktrace (not much help though).  Any idea what this is trying to load over and over?",
        "created_at": "2014-05-29T20:37:49Z",
        "closed": true,
        "labels": [
            "Bug"
        ],
        "milestone": 12,
        "assignee": "geertvanhorrik"
    },
    "comments": [
        {
            "created_at": "2014-05-29T20:41:43Z",
            "body": "Comment created by Bitfiddler:\n\nStrange.  This may actually be some weird interaction between Catel and the latest VS2013 in debug mode.  That is the only recent change I have done.  When I pause the execution and then continue, it breaks this loop and launches the application...  Still investigating."
        },
        {
            "created_at": "2014-05-29T20:47:09Z",
            "body": "Comment created by @geertvanhorrik:\n\nWhat version of Catel are you using (NuGet version)?"
        },
        {
            "created_at": "2014-05-29T20:47:45Z",
            "body": "Comment created by Bitfiddler:\n\nYah, it seems I have to pause execution then continue, otherwise this load sequence never seems to end.  Weird.  Perhaps the category of this issue (not really a bug) should be moved."
        },
        {
            "created_at": "2014-05-29T20:47:55Z",
            "body": "Comment created by Bitfiddler:\n\nYah, nuGet version."
        },
        {
            "created_at": "2014-05-30T09:12:21Z",
            "body": "Comment created by @geertvanhorrik:\n\nBut which NuGet version? I have this too sometimes (looks like the debugger has some issues because when you pause + continue, it works like it should)."
        },
        {
            "created_at": "2014-05-30T18:00:13Z",
            "body": "Comment created by Bitfiddler:\n\nCatel.Core.3.9.0.1405281634-beta and related packages (Prism&Mvvm)"
        },
        {
            "created_at": "2014-06-03T15:54:50Z",
            "body": "Comment created by @geertvanhorrik:\n\nI cannot reproduce. Have you tried removing the user specific solution files (suo, etc) and resharper files?"
        },
        {
            "created_at": "2014-06-04T14:00:22Z",
            "body": "Comment created by @geertvanhorrik:\n\nClosing as cannot reproduce."
        },
        {
            "created_at": "2014-06-04T14:00:22Z",
            "body": "Issue was closed with resolution \"Cannot Reproduce\""
        }
    ]
}