{
    "issue": {
        "title": "CTL-292: ServiceLocator extension methods",
        "body": "Jira issue originally created by user facos:\n\nHi Geert,\r\n\r\nthe service locator create callbacks are very handy for implementing factories...really nice work!\r\n\r\nCould you please\r\n\r\n*) change the extension method from\r\npublic static TService ResolveType<TService>(this IServiceLocator serviceLocator)\r\nto\r\npublic static TService ResolveType<TService>(this IServiceLocator serviceLocator, object tag = null)\r\n\r\n*) add the extension method\r\npublic static void RegisterType<TService>(this IServiceLocator serviceLocator, Func<ServiceLocatorRegistration, TService> createServiceFunc, object tag, RegistrationType registrationType = RegistrationType.Singleton, bool registerIfAlreadyRegistered = true)\r\n\r\n*) add the extension method\r\npublic static TService RemoveType<TService>(this IServiceLocator serviceLocator, object tag = null)\r\n\r\nThanks a lot!\r\n",
        "created_at": "2014-01-05T11:34:38Z",
        "closed": true,
        "labels": [
            "Improvement"
        ],
        "milestone": 13,
        "assignee": "geertvanhorrik"
    },
    "comments": [
        {
            "created_at": "2014-01-05T14:50:15Z",
            "body": "Comment created by @geertvanhorrik:\n\n1 is done."
        },
        {
            "created_at": "2014-01-05T14:55:25Z",
            "body": "Comment created by @geertvanhorrik:\n\nDone."
        },
        {
            "created_at": "2014-01-05T19:29:35Z",
            "body": "Comment created by facos:\n\nThanks a lot!"
        },
        {
            "created_at": "2014-01-08T21:38:50Z",
            "body": "Comment created by @geertvanhorrik:\n\nI have to revert this one. It is causing issues which you only get at runtime (using registration type as tag now). I will create additional overloads with RegisterTypeWithTag.\r\n\r\nSorry for the inconvenience."
        },
        {
            "created_at": "2014-01-05T14:55:25Z",
            "body": "Issue was closed with resolution \"Fixed\""
        }
    ]
}