{
    "issue": {
        "title": "CTL-261: Replace all instances of RegisterDebugListener with AddDebugListener",
        "body": "Jira issue originally created by user @geertvanhorrik:\n\nSince RegisterDebugListener is marked obsolete, replace the call.",
        "created_at": "2013-12-06T11:59:03Z",
        "closed": true,
        "labels": [
            "Task"
        ],
        "milestone": 13
    },
    "comments": [
        {
            "created_at": "2013-12-06T13:14:21Z",
            "body": "Comment created by BertrandR:\n\nFixed, also fixed 1 warning due to referencing in comments"
        },
        {
            "created_at": "2013-12-06T13:14:34Z",
            "body": "Comment created by BertrandR:\n\nFixed"
        },
        {
            "created_at": "2013-12-06T13:14:21Z",
            "body": "Issue was closed with resolution \"Fixed\""
        }
    ]
}