{
    "issue": {
        "title": "CTL-1007: Command should reference CanExecute listeners with weak reference",
        "body": "Jira issue originally created by user szogun1987:\n\nIt will remove Catel from static root paths while memory leak analyze. \r\n",
        "created_at": "2017-02-06T10:06:15Z",
        "closed": false,
        "labels": [
            "Improvement"
        ],
        "milestone": 1,
        "assignee": "geertvanhorrik"
    },
    "comments": [
        {
            "created_at": "2017-02-09T17:59:51Z",
            "body": "Comment created by @geertvanhorrik:\n\nWe need to double check that this is allowed in restricted platforms such as UWP \/ .NET core."
        },
        {
            "created_at": "2017-02-09T18:01:20Z",
            "body": "Comment created by szogun1987:\n\nMVVM Light uses it so probably it is supported on all XAML platforms "
        },
        {
            "created_at": "2017-02-09T20:41:26Z",
            "body": "Comment created by @geertvanhorrik:\n\nOk, sounds good, then we can proceed."
        }
    ]
}