{
    "issue": {
        "title": "CTL-516: ModelAttribute does not cancel correctly",
        "body": "Jira issue originally created by user kalle:\n\nThink I might have found a bug or not made the correct modelling because when I cancel a property in my model gets changed. Let me explain and provide with a simple test.\r\n\r\nA have a Machine model with a Running property. In my MainWindow I have a TextBlock that shows the state of one instance of Machine. There is also a button to bring up a simple control to start and stop the machine. The ViewModel for the MainWindowView has a CurrentMachine property decorated with the Model attribute, and control is implemented in the StartStopView and through the StartStopViewModel which has the ControlledMachine property(that also is decorated with the Model attribute). When the user press the button in the MainWindow the command bind to it creates and instance of StartStopViewModel giving it the instance of the CurrentMachine and then calls ShowDialog.\r\n\r\nIf the user clicks either Start or Stop button they set Running to true or false respectively and it works as expected. What does not work is as expected is if the user clicks Cancel in the dialog. Then Running is set to false though not through calling the set method for the Running property(setting a breakpoint there reveals that). Though what seems to happen in the background is that when pressing Cancel the ControlledMachine value is assigned to a newly created instance of Machine! I see this if I assign a default value to Running in the Machine constructor and put a breakpoint there:\r\n{quote}\r\nCancelTest.exe!Machine.Machine() Line 14 C# [Native to Managed Transition] Catel.Core.dll!Catel.IoC.TypeFactory.TryCreateToConstruct(System.Type typeToConstruct, System.Reflection.ConstructorInfo constructor, object[] parameters, bool checkConstructor, bool hasMoreConstructorsLeft) Line 552 <ins> 0xd bytes C# Catel.Core.dll!Catel.IoC.TypeFactory.CreateInstanceWithSpecifiedParameters(System.Type typeToConstruct, object[] parameters, bool autoCompleteDependencies, bool preventCircularDependencies) Line 327 <\/ins> 0x81 bytes C# Catel.Core.dll!Catel.IoC.TypeFactory.CreateInstance(System.Type typeToConstruct) Line 129 <ins> 0x12 bytes C# Catel.Core.dll!Catel.Runtime.Serialization.SerializerBase.GetContext(System.Type modelType, System.IO.Stream stream, Catel.Runtime.Serialization.SerializationContextMode contextMode) Line 264 <\/ins> 0x14 bytes C# Catel.Core.dll!Catel.Runtime.Serialization.SerializerBase.DeserializeMembers(System.Type modelType, System.IO.Stream stream) Line 209 <ins> 0x11 bytes C# Catel.Core.dll!Catel.Data.ModelBase.BackupData.RestoreBackup() Line 117 <\/ins> 0x31 bytes C# Catel.Core.dll!Catel.Data.ModelBase.System.ComponentModel.IEditableObject.CancelEdit() Line 297 C# Catel.Core.dll!Catel.Data.EditableObjectHelper.CancelEditObject(object obj) Line 77 C# Catel.MVVM.dll!Catel.MVVM.ViewModelBase.UninitializeModel(string modelProperty, object model, Catel.MVVM.ModelCleanUpMode modelCleanUpMode) Line 1224 <ins> 0x9 bytes C# Catel.MVVM.dll!Catel.MVVM.ViewModelBase.CancelViewModel() Line 1408 <\/ins> 0x8f bytes C#\r\n{quote}\r\n\r\nI have not yet started to dig into the Catel code to see what is actually happening within Catel but to me this seems not to be the expected behaviour, correct?\r\n\r\nI have tested this both with 3.9.0 and the latest 4.0.0(unstable0456). It behaves the same.\r\n\r\nRather than posting all the code here I put it on GitHub https:\/\/github.com\/karl-petter\/CatelCancelTest",
        "created_at": "2014-08-27T11:11:43Z",
        "closed": true,
        "labels": [
            "Bug"
        ],
        "assignee": "geertvanhorrik"
    },
    "comments": [
        {
            "created_at": "2014-08-27T22:10:31Z",
            "body": "Comment created by @geertvanhorrik:\n\nFor complex properties, Catel uses serialization to create a backup of the original property values. If the user hits cancel, the backup is restored. In case of complex object graphs, this means replacing values with new references and this is expected behavior."
        },
        {
            "created_at": "2014-09-01T12:03:35Z",
            "body": "Comment created by @geertvanhorrik:\n\nSee previous comment. If you have a different opinion, feel free to PR or give further explanation why this issue should be reopened."
        },
        {
            "created_at": "2014-09-01T12:40:26Z",
            "body": "Comment created by kalle:\n\nSorry, been away so a late response.\r\n\r\nI do not understand why this is a complex object graph? The ViewModel reference a Model with just one property that is just a Boolean. \r\n\r\nAccording to the documentation https:\/\/catelproject.atlassian.net\/wiki\/display\/CTL\/Creating<ins>a<\/ins>view<ins>model<\/ins>with<ins>a<\/ins>model<ins>and<\/ins>mappings it is a common pattern to map properties from a model to properties to a view model and that is what the ModelAttribute helps with. So how do one use that if not as I have done in my example?\r\n\r\nAnd according to the documentation \"Using the ModelAttribute is very powerful. Basically, this is the extended functionality in the view model. If the model supports IEditableObject, BeginEdit is automatically called in the initialization of the view model. When the view model is canceled, the CancelEdit is called so the changes are undone.\" This text should definitely be changed to indicate in what circumstances this is true because as written know I interpretate it as that is valid for any kind of models.  \r\n\r\nYou write that Catel use serialisation of the objects to achieve a backup. I'm new to C# so not familiar with how serialisation is implemented in C# but does not all serialisation work on a deep copy of the object and thus restoring the object from it\u00b4s serialisation should create a new instance as well as new instances of any referenced objects? Thus a change of the model referenced applied before the dialog is presented should be restored when pressing Cancel?"
        },
        {
            "created_at": "2014-09-03T14:04:29Z",
            "body": "Comment created by @geertvanhorrik:\n\nFYI: it's better to inject services via the constructor."
        },
        {
            "created_at": "2014-09-03T14:10:28Z",
            "body": "Comment created by @geertvanhorrik:\n\nNow I understand your issue. The Getter\/Setter properties are just wrappers for the propertybag that Catel uses internally. When restoring a backup, it goes internal by using SetValue() on the object directly. It will still provide the required change notifications though."
        },
        {
            "created_at": "2014-09-03T14:11:13Z",
            "body": "Comment created by @geertvanhorrik:\n\nThis is by design. Properties in Catel are just wrappers (the same as with dependency properties) and should never contain custom code."
        },
        {
            "created_at": "2014-09-08T10:10:12Z",
            "body": "Comment created by kalle:\n\nI do not understand :)\r\n\r\nCould you explain a bit more in detail why I see this behaviour because to me it seems totally illogical that the backup does not has the correct values set for such a simple model and example.\r\n\r\nSome more confusion: what do you mean by \"Properties ... should never contain custom code\"? None of the properties in my example has any custom code in their getters and setters so why do you mention that?\r\n\r\nAnd finally, why is it better to inject services via the constructor rather than using the ServiceLocator directly? Does the resolver use lots of CPU or other resources? Or any other reason? "
        },
        {
            "created_at": "2014-09-08T10:13:41Z",
            "body": "Comment created by @geertvanhorrik:\n\nYour initial question was: why doesn't it go through the setter\/getter, right? That's because when restoring backups, it uses the SetValue\/GetValue.\r\n\r\nAbout the servicelocator: it doesn't matter, internally all constructors are cached so only the first time it will have a small (unnoticeable) penalty searching for the right constructor (but in most cases there is only 1). The reason why it's better to inject dependencies is that it's easier for the outside world to know what dependencies a class takes. This way it's easier to write unit tests, replace components, etc."
        },
        {
            "created_at": "2014-09-08T10:31:07Z",
            "body": "Comment created by kalle:\n\nNo that was not the initial question. The initial question was why does Cancel not restore the object to it's previous state but rather to an new instance of the object? Does not the code behind make a deep copy of the object before the dialog is shown and restores the object to this deep copy? That is at least what I would expect a Cancel to do."
        },
        {
            "created_at": "2014-09-08T10:32:26Z",
            "body": "Comment created by @geertvanhorrik:\n\nIt shouldn't create a new one with using a backup. Maybe I mistunderstood. I will put this on the list for 4.1 (I don't want the scope for 4.0 be larger than it is now)."
        },
        {
            "created_at": "2014-09-08T11:39:10Z",
            "body": "Comment created by kalle:\n\nI looked a bit more into it and discovered another clue to what might be happening.\r\n\r\nWhen the user brings up the StartStopView there are two buttons there, Start and Stop each bound to a separate command. Both of these commands do CloseViewModel(true) after setting the Running property to true respectively false. If this call is removed every things behaves as expected. This was how it was done in the code of the project which I took over but now looking into documentation(http:\/\/www.nudoq.org\/#!\/Packages\/Catel.MVVM\/Catel.MVVM\/ViewModelBase) I realise that this is the wrong method to use and I should instead use SaveAndCloseViewModel() since the model is not saved when using CloseViewModel(true). Though it seems that the properties if the instance are set correctly but no backup of the object is saved and thus Cancel restores to the initial instance of the object when it was created. Correct analysis?"
        },
        {
            "created_at": "2014-09-08T11:41:53Z",
            "body": "Comment created by @geertvanhorrik:\n\nThe backup is a private field on the modelbase (actually a serialized in-memory state from the top of my head). It should deserialize the memory state into the existing model instance when restoring a backup."
        },
        {
            "created_at": "2014-12-15T17:40:25Z",
            "body": "Comment created by @geertvanhorrik:\n\n[~kalle] is this still relevant?"
        },
        {
            "created_at": "2014-12-15T17:52:27Z",
            "body": "Comment created by kalle:\n\nThe project was put on hold so I have not investigated this further though I'm expecting getting a GO to start working on it again any day now. Then I need to start investigating these things again.\r\n\r\nThough prio 1 in that project now will be to implement the new look and feel so it might take some time before I start investigating functionality. Though what I recall, I never got cancel to work as expected."
        },
        {
            "created_at": "2014-12-15T17:54:01Z",
            "body": "Comment created by @geertvanhorrik:\n\nIf you want a new L&F, I definitely recommend this:\r\n\r\nhttps:\/\/github.com\/orcomp\/orchestra\r\n\r\nIt supports Fluent ribbon (office a like apps), MahApps.Metro (metro apps) and custom shells."
        },
        {
            "created_at": "2015-05-05T13:01:03Z",
            "body": "Comment created by @geertvanhorrik:\n\nWon't fix for now. Feel free to re-open."
        },
        {
            "created_at": "2015-05-05T13:01:03Z",
            "body": "Issue was closed with resolution \"Won't Fix\""
        }
    ]
}