{
    "issue": {
        "title": "CTL-233: Add argument checks to Catel.Fody",
        "body": "Jira issue originally created by user @geertvanhorrik:\n\nSomething like this:\r\n\r\n```\r\npublic void MyMethod([NotNull]IMyInterface myInterface, [NotNullOrEmpty]string myString)\r\n{\r\n\r\n}\r\n```\r\n\r\nshould be weaved into:\r\n\r\n```\r\npublic void ([NotNull]IMyInterface myInterface, [NotNullOrEmpty]string myString)\r\n{\r\n    Argument.IsNotNull(\"myInterface\", myInterface);\r\n    Argument.IsNotNullOrEmpty(\"myString\", myString);\r\n}\r\n```",
        "created_at": "2013-11-14T19:27:55Z",
        "closed": true,
        "labels": [
            "Task"
        ],
        "milestone": 15
    },
    "comments": [
        {
            "created_at": "2013-11-19T15:04:25Z",
            "body": "Comment created by @alexfdezsauco:\n\n(+) Added support for IsNotNull, IsNotNullOrEmpty, IsNotNullOrEmptyArray, IsNotNullOrWhitespace, IsNotMatch, IsMatch, IsNotOutOfRange, IsMaximum, IsMinimal, InheritsFrom, ImplementsInterface, IsOfType argument check operations"
        },
        {
            "created_at": "2013-11-19T15:04:25Z",
            "body": "Issue was closed with resolution \"Fixed\""
        }
    ]
}