{
    "issue": {
        "title": "CTL-183: [CatelR3] MSVC 2013 RC Support",
        "body": "Jira issue originally created by user Towelie:\n\n",
        "created_at": "2013-10-03T01:41:52Z",
        "closed": true,
        "labels": [
            "New Feature"
        ],
        "milestone": 15
    },
    "comments": [
        {
            "created_at": "2013-10-07T15:34:13Z",
            "body": "Comment created by @alexfdezsauco:\n\nPlease try with this pre-release version\r\nhttps:\/\/resharper-plugins.jetbrains.com\/packages\/Catel.ReSharper\/1.4.0.1-Beta-1310070920\r\n"
        },
        {
            "created_at": "2013-10-08T14:31:15Z",
            "body": "Comment created by @alexfdezsauco:\n\nFixed in version https:\/\/resharper-plugins.jetbrains.com\/packages\/Catel.ReSharper\/1.4.0.1-Beta-1310070920"
        },
        {
            "created_at": "2013-10-08T14:31:15Z",
            "body": "Issue was closed with resolution \"Fixed\""
        }
    ]
}