{
    "issue": {
        "title": "CTL-253: Allow automatic building of pull requests",
        "body": "Jira issue originally created by user @geertvanhorrik:\n\nSee http:\/\/www.finalbuilder.com\/Resources\/Blogs\/PostId\/700\/building-github-pull-requests-with-continua-ci.aspx for more information.",
        "created_at": "2013-12-03T08:17:38Z",
        "closed": true,
        "labels": [
            "Task"
        ],
        "milestone": 13,
        "assignee": "geertvanhorrik"
    },
    "comments": [
        {
            "created_at": "2013-12-24T13:57:51Z",
            "body": "Comment created by @geertvanhorrik:\n\nDone!"
        },
        {
            "created_at": "2013-12-24T13:57:51Z",
            "body": "Issue was closed with resolution \"Fixed\""
        }
    ]
}