{
    "issue": {
        "title": "CTL-280: Catel.Resharper not working",
        "body": "Jira issue originally created by user Towelie:\n\nHi. The Catel.Resharper is succesfully installed ( but it's impossible to install stable version becaurse of error: 404).\r\nBut it don`t appears in plugins in R# options..\r\nAlso in log :\r\nDiscovering plugins from extension 'Catel.ReSharper'\r\nAnd there are some files in \\AppData\\Local\\JetBrains\\ReSharper\\vAny\\packages\\Catel.ReSharper.1.4.0.18-Beta-1310151242",
        "created_at": "2013-12-22T02:03:17Z",
        "closed": true,
        "labels": [
            "Bug"
        ],
        "milestone": 13
    },
    "comments": [
        {
            "created_at": "2014-01-08T08:21:33Z",
            "body": "Comment created by @geertvanhorrik:\n\nWe unfortunately cannot reproduce this. Can you please try to get the latest version to see if the error still occurs?"
        },
        {
            "created_at": "2014-01-17T16:00:15Z",
            "body": "Comment created by @geertvanhorrik:\n\nCannot reproduce."
        },
        {
            "created_at": "2014-01-17T16:00:15Z",
            "body": "Issue was closed with resolution \"Cannot Reproduce\""
        }
    ]
}