{
    "issue": {
        "title": "CTL-1014: Consider dropping ISplashScreenService",
        "body": "Jira issue originally created by user @geertvanhorrik:\n\n[~alexander.fernandez.sauco] I think it's hardly being used but we still need to maintain it. I want to remove the \"less-used stuff\" (unless we use it ourselves) so we get a more lean library that we can maintain. If people want additional stuff, they can implement it themselves.",
        "created_at": "2017-02-17T15:13:18Z",
        "closed": false,
        "labels": [
            "Task"
        ],
        "milestone": 1
    },
    "comments": [
        {
            "created_at": "2017-02-17T19:00:17Z",
            "body": "Comment created by @alexfdezsauco:\n\nOk, at some time we talk about rename it to something like\r\nProgressNotificationService (not only for splashscreen)\r\n\r\nOn Fri, Feb 17, 2017 at 9:13 AM, Geert van Horrik [Administrator] (JIRA) <\r\n\r\n"
        },
        {
            "created_at": "2017-02-18T12:16:17Z",
            "body": "Comment created by @geertvanhorrik:\n\nMy suggestion is to remove it completely for now and re-add it when we really need to. Do you agree? I am even considering to drop the Prism extensions (we have Orchestra as a shell for all our projects anyway). What are your thoughts?"
        },
        {
            "created_at": "2017-02-21T21:09:48Z",
            "body": "Comment created by @alexfdezsauco:\n\n1) Agree, 2) Almost\r\n\r\nOn Feb 18, 2017 6:16 AM, \"Geert van Horrik [Administrator] (JIRA)\" <\r\n\r\n"
        }
    ]
}