{
    "issue": {
        "title": "CTL-353: Add generic overloads for UIVisualizerService.Show and ShowDialog",
        "body": "Jira issue originally created by user @geertvanhorrik:\n\nAllow generic overloads which automatically create the view model.",
        "created_at": "2014-02-18T11:37:09Z",
        "closed": true,
        "labels": [
            "Improvement"
        ],
        "milestone": 12,
        "assignee": "geertvanhorrik"
    },
    "comments": [
        {
            "created_at": "2014-02-18T11:41:10Z",
            "body": "Comment created by @geertvanhorrik:\n\nDone."
        },
        {
            "created_at": "2014-02-18T11:41:09Z",
            "body": "Issue was closed with resolution \"Fixed\""
        }
    ]
}