{
    "issue": {
        "title": "CTL-266: Create ConfigurationService to get and set configuration values",
        "body": "Jira issue originally created by user @geertvanhorrik:\n\nSimple class with this:\r\n\r\n```\r\npublic interface IConfigurationService\r\n{\r\n    T GetValue<T>(string key);\r\n    void SetValue(string key, string value);\r\n}\r\n```",
        "created_at": "2013-12-11T20:49:21Z",
        "closed": true,
        "labels": [
            "Task"
        ],
        "milestone": 13,
        "assignee": "geertvanhorrik"
    },
    "comments": [
        {
            "created_at": "2013-12-14T11:29:03Z",
            "body": "Comment created by @geertvanhorrik:\n\nWritten docs."
        },
        {
            "created_at": "2013-12-14T11:29:38Z",
            "body": "Comment created by @geertvanhorrik:\n\nWritten unit tests."
        },
        {
            "created_at": "2013-12-14T11:30:53Z",
            "body": "Comment created by @geertvanhorrik:\n\nDone!"
        },
        {
            "created_at": "2013-12-14T11:30:53Z",
            "body": "Issue was closed with resolution \"Fixed\""
        }
    ]
}