{
    "issue": {
        "title": "CTL-40: Add Run method overload to accept the necesary arguments to create and register an instace of StartUpInfoProvider",
        "body": "Jira issue originally created by user @alexfdezsauco:\n\nAdd Run method overload to accept the necesary arguments to create and register an instace of StartUpInfoProvider",
        "created_at": "2013-04-04T15:19:54Z",
        "closed": true,
        "labels": [
            "New Feature"
        ]
    },
    "comments": [
        {
            "created_at": "2013-07-03T17:49:18Z",
            "body": "Comment created by @geertvanhorrik:\n\nIs this still an issue we should fix? Or can we close this as \"not fixed\""
        },
        {
            "created_at": "2013-07-30T21:48:16Z",
            "body": "Comment created by @geertvanhorrik:\n\nNo longer needed."
        },
        {
            "created_at": "2013-07-30T21:48:15Z",
            "body": "Issue was closed with resolution \"Won't Fix\""
        }
    ]
}