{
    "issue": {
        "title": "CTL-514: Property of a ViewModel is shared across instances",
        "body": "Jira issue originally created by user pgross:\n\nHi,\r\n\r\nIm currently writing unit tests for a view model containing a property of the type ObservableCollection<PropertyInfo>.\r\n\r\nIm using NUnit as test framework and have two test fixtures each creating a new ViewModel of the same type in their constructors.\r\n\r\nWhen the constructor is called the first time, the Collection is filled with two elements.\r\nWhen the constructor is called the second time, I expect a new ViewModel to be created (the constructor of the ViewModel gets called) but there are already two elements in this collection.\r\n\r\nMight this be caused by the fact, that the default value is set in the PropertyData of this property? Is this desired behavior?\r\n\r\n[Source of ViewModel Property on pastebin.com](http:\/\/pastebin.com\/jUQm0JsR)\r\n\r\nRegards,\r\nPascal",
        "created_at": "2014-08-25T22:49:01Z",
        "closed": true,
        "labels": [
            "Bug"
        ],
        "milestone": 12,
        "assignee": "geertvanhorrik"
    },
    "comments": [
        {
            "created_at": "2014-08-26T09:22:13Z",
            "body": "Comment created by IvanKupriyanov:\n\nYeah, you should not init value in PropertyData, because it's static and value will be shared for every instance. There is Func to init value."
        },
        {
            "created_at": "2014-08-26T10:24:28Z",
            "body": "Comment created by pgross:\n\nOh my gosh. Didn't see the static keyword ...\r\nYeah that explains pretty much - thank you.\r\n\r\nIssue can be closed I guess."
        },
        {
            "created_at": "2014-08-26T10:26:23Z",
            "body": "Comment created by @geertvanhorrik:\n\nThanks [~IvanKupriyanov] for answering!"
        },
        {
            "created_at": "2014-08-26T10:26:23Z",
            "body": "Issue was closed with resolution \"Cannot Reproduce\""
        }
    ]
}