{
    "issue": {
        "title": "CTL-1008: Typefactory behavior in the code behind",
        "body": "Jira issue originally created by user arvadevy:\n\n",
        "created_at": "2017-02-10T14:00:08Z",
        "closed": false,
        "labels": [
            "Question"
        ],
        "assignee": "geertvanhorrik"
    },
    "comments": [
        {
            "created_at": "2017-02-13T09:07:52Z",
            "body": "Comment created by @geertvanhorrik:\n\nAre you only declaring the typeFactory in the MainWindow_Closing or earlier? Can you post the whole code-behind?"
        },
        {
            "created_at": "2017-02-13T10:29:54Z",
            "body": "Comment created by arvadevy:\n\n"
        },
        {
            "created_at": "2017-02-14T13:53:16Z",
            "body": "Comment created by @geertvanhorrik:\n\nAnd you're saying this that uncommenting the code in *MainWindow_Closing* causes the app to freeze at startup?"
        },
        {
            "created_at": "2017-02-14T15:18:39Z",
            "body": "Comment created by arvadevy:\n\n99% sure. When I place the code in comment, it works just fine... The issue is that the user has to fill in a code in that launched view before he can close the entire program. When I try to use a messagebox, the program freezes as well..."
        },
        {
            "created_at": "2017-02-14T20:27:23Z",
            "body": "Comment created by @geertvanhorrik:\n\nPlease provide a repro attached to this issue as a zip file (should be easy to run without any external dependencies to commercial libs whatsoever please)."
        },
        {
            "created_at": "2017-02-15T13:10:58Z",
            "body": "Comment created by arvadevy:\n\nhttps:\/\/we.tl\/QfPlwmB5lQ Here is a WeTransfer link to a test project. I've recreated the problem as good as possible. You can find the code in the startup project in the shellview (code behind). If there are any question please pose them. Thanks for the help!"
        }
    ]
}