{
    "issue": {
        "title": "CTL-476: Exception in BootstrapperBase.RunWithSplashScreen<>()",
        "body": "Jira issue originally created by user galead:\n\nA ''TargetInvocationException\" occurs when running following code:\r\n\r\nprotected override void OnStartup(StartupEventArgs e)\r\n{\r\n  Bootstrapper().RunWithSplashScreen<SplashScreenViewModel>();\r\n  \/\/new Bootstrapper().Run(true);   \/\/ working\r\n  base.OnStartup(e);\r\n}\r\n\r\nHere is top part of VS callstack:\r\n>\tCatel.Core.dll!Catel.Reflection.PropertyHelper.TrySetPropertyValue(object obj, string property, object value, bool throwOnError) Line 289 <ins> 0x41 bytes\tC#\r\n \tCatel.Core.dll!Catel.Reflection.PropertyHelper.TrySetPropertyValue(object obj, string property, object value) Line 220 <\/ins> 0x11 bytes\tC#\r\n \tCatel.MVVM.dll!Catel.Services.UIVisualizerService.CreateWindow(System.Type windowType, object data, System.EventHandler<Catel.Services.UICompletedEventArgs> completedProc, bool isModal) Line 343 <ins> 0x2c bytes\tC#\r\n \tCatel.MVVM.dll!Catel.Services.UIVisualizerService.CreateWindow(string name, object data, System.EventHandler<Catel.Services.UICompletedEventArgs> completedProc, bool isModal) Line 327 <\/ins> 0x19 bytes\tC#\r\n \tCatel.MVVM.dll!Catel.Services.UIVisualizerService.Show.AnonymousMethod**5() Line 225 + 0x2d bytes\tC#\r\n\r\n\r\nAnd here is part of debug log:\r\n11:04:53:015 => [WARNING] [Catel.Windows.WindowExtensions] Cannot set owner window to itself, no owner window set\r\n11:04:53:045 => [DEBUG] [Catel.MVVM.Providers.LogicBase] DataContext of TargetView 'SplashScreenWindow' has changed to 'SplashScreenViewModel'\r\n11:04:53:050 => [DEBUG] [Catel.MVVM.ViewHelper] Constructed view using default constructor and setting DataContext afterwards\r\nA first chance exception of type 'System.Reflection.TargetInvocationException' occurred in mscorlib.dll\r\n\r\n\r\nSeems that this unhandled exception caused by setting the 'Owner' property of SplashScreenWindow to itself (via PropertyHelper.TrySetPropertyValue() method).",
        "created_at": "2014-06-27T10:25:47Z",
        "closed": true,
        "labels": [
            "Bug"
        ],
        "milestone": 12,
        "assignee": "geertvanhorrik"
    },
    "comments": [
        {
            "created_at": "2014-07-08T11:13:12Z",
            "body": "Comment created by @geertvanhorrik:\n\nIs this a first-chance exception or a real fatal exception? If you have found the issue, please provide a pull request."
        },
        {
            "created_at": "2014-07-16T09:37:25Z",
            "body": "Comment created by galead:\n\nYes, this is a first-change exception.\r\n\r\nI've made a pull request with possible fix https:\/\/github.com\/Catel\/Catel\/pull\/25.\r\nSorry, but I can't actually test this minor fix because my VS 2012 not support shared projects (Catel.MVVM.Shared)."
        },
        {
            "created_at": "2014-07-16T12:20:20Z",
            "body": "Comment created by @geertvanhorrik:\n\nThank you very much for the pull request. It has been accepted and will be included in the next prerelease version."
        },
        {
            "created_at": "2014-07-16T12:20:28Z",
            "body": "Issue was closed with resolution \"Fixed\""
        }
    ]
}