{
    "issue": {
        "title": "CTL-363: Serialize ModelBase in SerializationManager when IsSerializable is false",
        "body": "Jira issue originally created by user @geertvanhorrik:\n\nModelBase is always serializable.",
        "created_at": "2014-02-24T15:28:07Z",
        "closed": true,
        "labels": [
            "Bug"
        ],
        "milestone": 12,
        "assignee": "geertvanhorrik"
    },
    "comments": [
        {
            "created_at": "2014-02-24T16:23:30Z",
            "body": "Comment created by @geertvanhorrik:\n\nFixed."
        },
        {
            "created_at": "2014-02-24T16:23:30Z",
            "body": "Issue was closed with resolution \"Fixed\""
        }
    ]
}