{
    "issue": {
        "title": "CTL-300: ChangeNotificationWrapper extensions",
        "body": "Jira issue originally created by user facos:\n\nHi Geert,\r\n\r\nit would be helpful if we could manually feed the ChangeNotificationWrapper with objects while for example a collection is suspended with notifications to keep it up to date.\r\n\r\nCould you please add these functions ?\r\n\r\npublic void CNW.SubscribeNotifyChanged(object value);\r\npublic void CNW.UnsubscribeNotifyChanged(object value);\r\n...\r\n\r\nThanks a lot!",
        "created_at": "2014-01-16T23:50:23Z",
        "closed": true,
        "labels": [
            "Improvement"
        ],
        "milestone": 13,
        "assignee": "geertvanhorrik"
    },
    "comments": [
        {
            "created_at": "2014-01-17T11:07:44Z",
            "body": "Comment created by @geertvanhorrik:\n\nIs making the **UnsubscribeNotifyChangedEvents* and *SubscribeNotifyChangedEvents** public sufficient?"
        },
        {
            "created_at": "2014-01-17T11:37:29Z",
            "body": "Comment created by @geertvanhorrik:\n\nI made them public. If you need more \/ anything else, feel free to re-open."
        },
        {
            "created_at": "2014-01-17T11:52:15Z",
            "body": "Comment created by facos:\n\nYes, these two methods are sufficient. Thanks!"
        },
        {
            "created_at": "2014-01-17T11:37:29Z",
            "body": "Issue was closed with resolution \"Fixed\""
        }
    ]
}