{
    "issue": {
        "title": "CTL-277: When viewmodel factory with injection can't find any proper constructor there is no way to catch this",
        "body": "Jira issue originally created by user IvanKupriyanov:\n\nIn example you can see FooViewModel with contructor with two arguments. If you run app and press \"Load\" button new viewmodel will be created, but without model injection and without any notification about problem. As result you will see \"X:\" message. If you will remove second constructor parameter you will see \"X: 555\".\r\n\r\nIt's pretty common problem for us. Would be great if you will add some attribute to mark viewmodel, which can't be created without calling actual contructor. Or attribute to mark constructor, which must be called.",
        "created_at": "2013-12-16T07:44:53Z",
        "closed": true,
        "labels": [
            "Bug"
        ],
        "assignee": "geertvanhorrik"
    },
    "comments": [
        {
            "created_at": "2013-12-16T08:58:37Z",
            "body": "Comment created by @geertvanhorrik:\n\nThere is, see https:\/\/catelproject.atlassian.net\/wiki\/display\/CTL\/Dependency+injection#Dependencyinjection-Manuallydefiningtheconstructortousefordependencyinjection"
        },
        {
            "created_at": "2013-12-16T09:04:55Z",
            "body": "Comment created by @geertvanhorrik:\n\nI see why it is not working. You specified 2 injection parameters. But there can only be one (because there is only 1 datacontext which can be passed to the view model). All other constructor injections must be registered in the service locator."
        },
        {
            "created_at": "2013-12-16T09:39:38Z",
            "body": "Comment created by IvanKupriyanov:\n\nThats a problem - if we add some more arguments to constructor, and forget to register them in the service locator - we will get constructed, but not propertly initialized, viewmodel. And we will not get any warnings about it."
        },
        {
            "created_at": "2013-12-16T10:33:09Z",
            "body": "Comment created by @geertvanhorrik:\n\nBut we can't throw exceptions because what if the DC is null or not of the right type, that must be possible."
        },
        {
            "created_at": "2013-12-16T10:40:39Z",
            "body": "Comment created by IvanKupriyanov:\n\nFor example first argument can be null, but if first argument is not null and proper type, then if any other arg is not found for this constructor - throw exception."
        },
        {
            "created_at": "2013-12-16T10:54:15Z",
            "body": "Comment created by @geertvanhorrik:\n\nUnder the hood it uses TypeFactory.CreateTypeWithArgumentsAndAutoCompletion. I will consider adding a parameter bool throwExceptionWhenNoConstructorIsFound, but must be very careful with this."
        },
        {
            "created_at": "2013-12-28T16:06:59Z",
            "body": "Comment created by @geertvanhorrik:\n\nI don't think it is a good idea to throw exceptions on this. I think it is really easy to know that a view model is not being created (there is no view model), and the reason should be quite obvious (model not available \/ types not registered)."
        },
        {
            "created_at": "2013-12-28T17:28:14Z",
            "body": "Issue was closed with resolution \"Won't Fix\""
        }
    ]
}