{
    "issue": {
        "title": "CTL-240: WP8: \"This operation is not supported for a relative URI\" on GoBack to the main page.",
        "body": "Jira issue originally created by user fg_garda:\n\nI created a very simple App with three Pages and ViewModels (Catel **3.7.1311181747-beta**). I used NavigationService.Navigate<xxxViewModel>() and NavigationService.GoBack() to navigate through the pages: Main -> First -> Second -> First -> Main.\r\n\r\nWhen I gone back to the Main page I got this exception:\r\n\r\n{quote}\r\nSystem.InvalidOperationException was unhandled by user code\r\n  HResult=-2146233079\r\n  Message=This operation is not supported for a relative URI.\r\n  Source=System\r\n  StackTrace:\r\n       at System.Uri.get_AbsoluteUri()\r\n       at Catel.NavigationEventArgsExtensions.GetSafeUriString(Uri uri)\r\n       at Catel.NavigationEventArgsExtensions.GetUriWithoutQueryInfo(NavigatingCancelEventArgs e)\r\n       at Catel.Windows.Controls.MVVMProviders.Logic.PhoneApplicationPageLogic.TombstoneIfRequired(NavigatingCancelEventArgs e)\r\n       at Catel.Windows.Controls.MVVMProviders.Logic.PhoneApplicationPageLogic.OnNavigating(NavigatingCancelEventArgs e)\r\n       at Catel.Windows.Controls.MVVMProviders.Logic.NavigationLogicBase`1.OnNavigatingEvent(Object sender, NavigatingCancelEventArgs e)\r\n       at Catel.WeakEventListener`3.OnEvent(Object source, TEventArgs eventArgs)\r\n       at System.Windows.Navigation.NavigatingCancelEventHandler.Invoke(Object sender, NavigatingCancelEventArgs e)\r\n       at System.Windows.Navigation.NavigationService.RaiseNavigating(Uri uri, NavigationMode mode, Boolean isFragmentNavigationOnly, Boolean isCancelable, Boolean isNavigationInitiator, IPhoneApplicationPage existingContentPage)\r\n       at System.Windows.Navigation.NavigationService.GoForwardBackCore(NavigationMode mode, Boolean canDoIt, Stack`1 entries, String onFailureText)\r\n       at System.Windows.Navigation.NavigationService.GoBack()\r\n       at System.Windows.Controls.Frame.GoBack()\r\n       at Catel.MVVM.Services.NavigationService.GoBack()\r\n       at TestCatel.WP8.ViewModels.ViewModelBase.OnGoBackExecute()\r\n       at Catel.MVVM.Command`2.Execute(TExecuteParameter parameter, Boolean ignoreCanExecuteCheck)\r\n       at Catel.MVVM.Command`2.Execute(TExecuteParameter parameter)\r\n       at Catel.MVVM.Command`2.Execute(Object parameter)\r\n       at System.Windows.Controls.Primitives.ButtonBase.ExecuteCommand()\r\n       at System.Windows.Controls.Primitives.ButtonBase.OnClick()\r\n       at System.Windows.Controls.Button.OnClick()\r\n       at System.Windows.Controls.Primitives.ButtonBase.OnMouseLeftButtonUp(MouseButtonEventArgs e)\r\n       at System.Windows.Controls.Control.OnMouseLeftButtonUp(Control ctrl, EventArgs e)\r\n       at MS.Internal.JoltHelper.FireEvent(IntPtr unmanagedObj, IntPtr unmanagedObjArgs, Int32 argsTypeIndex, Int32 actualArgsTypeIndex, String eventName)\r\n{quote}\r\n\r\nI checked your code and found that the uri of the MainPage is \"\/\/Views\/MainPage.xaml\" and not \"\/Views\/MainPage.xaml\": this generates the error in **NavigationEventArgsExtensions.GetSafeUriString**.\r\n",
        "created_at": "2013-11-20T16:55:03Z",
        "closed": true,
        "labels": [
            "Bug"
        ],
        "milestone": 15,
        "assignee": "geertvanhorrik"
    },
    "comments": [
        {
            "created_at": "2013-11-20T17:06:13Z",
            "body": "Comment created by @geertvanhorrik:\n\nThanks for the bug report. We will look into this."
        },
        {
            "created_at": "2013-11-22T16:17:50Z",
            "body": "Comment created by @geertvanhorrik:\n\nCurrently moving some methods to an UrlHelper class. Then we can easily write unit tests for them."
        },
        {
            "created_at": "2013-11-22T16:30:41Z",
            "body": "Comment created by @geertvanhorrik:\n\nWritten unit tests, situation is reproducable. Now implementing a fix."
        },
        {
            "created_at": "2013-11-22T16:41:39Z",
            "body": "Comment created by @geertvanhorrik:\n\nFixed."
        },
        {
            "created_at": "2013-11-22T23:58:44Z",
            "body": "Comment created by fg_garda:\n\nThanks."
        },
        {
            "created_at": "2013-11-22T16:41:39Z",
            "body": "Issue was closed with resolution \"Fixed\""
        }
    ]
}