{
    "issue": {
        "title": "CTL-1021: SavableModelBase.Load method sometimes uses binary deserialization for XML.",
        "body": "Jira issue originally created by user rbratton:\n\nI'm upgrading my apps from Catel 4.4.0 to 4.5.4. Of course, there were numerous changes to Models using SavableModelBase.Load parameters, but I got those fixed and everything compiles with no error or warnings.\r\n\r\nI ran my unit tests and I have 1 test that fails. The test requires a delegate to load an XML data file which was previously serialized. The delegate then retrieves a YearConstants instance from a collection by year. The delegate is:\r\n\r\n{{public static YearConstants GetYearConstantsByYearAndFileName(int year, string fileName)\r\n    {\r\n        using (var fs = new FileStream(fileName, FileMode.Open, FileAccess.Read))\r\n        {\r\n            var constants = ConstantsData.Load(fs, SerializationMode.Xml, null);\r\n            var results = constants.YearConstantsList.Where(x => x.Year == year).FirstOrDefault();\r\n            if (results == null)\r\n            {\r\n                throw new ArgumentOutOfRangeException(string.Format(CultureInfo.InvariantCulture, \"YearConstants not found for [{0}] in file [{1}]\", year, fileName));\r\n            }\r\n\r\n            return results;\r\n        }\r\n    }\r\n}}When the unit test using this delegate is run, the \"constants\" var has a value, but doesn't contain any year data. When I break on all CLR exceptions, I'm getting the following exception:\r\n\r\n`System.InvalidCastException occurred\r\n  HResult=-2147467262\r\n  Message=Unable to cast object of type 'Catel.Runtime.Serialization.Xml.XmlSerializationContextInfo' to type 'Catel.Runtime.Serialization.Binary.BinarySerializationContextInfo'.\r\n  Source=Catel.Core\r\n  StackTrace:\r\n       at Catel.Runtime.Serialization.SerializerBase`1.Deserialize(Object model, ISerializationContextInfo serializationContext, ISerializationConfiguration configuration) in C:\\CI_WS\\Ws\\97969\\Source\\Catel\\src\\Catel.Core\\Catel.Core.Shared\\Runtime\\Serialization\\SerializerBase.deserialization.cs:line 154\r\n  InnerException: \r\n`I've added a unit test to just test loading the same file and it passes with no exceptions:\r\n\r\n{{    [TestMethod]\r\n    [DeploymentItem(@\"TestData\\GeorgiaConstants.xml\")]\r\n    public void ConstantsData_SerializationWithLiveDataTest()\r\n    {\r\n        using (var fs = new FileStream(\"GeorgiaConstants.xml\", FileMode.Open, FileAccess.Read))\r\n        {\r\n            var constants = ConstantsData.Load(fs, SerializationMode.Xml, null);\r\n            Assert.IsNotNull(constants, \"The constants data was not correctly loaded from 'GeorgiaConstants.xml' file.\");\r\n            Assert.AreEqual(5, constants.YearConstantsList.Count, \"The expected number of year constants was not loaded from the 'GeorgiaConstants.xml' file.\");\r\n\r\n            \/\/ We should have year constants for 2016 for a while in the file.\r\n            var yearConstants = constants.YearConstantsList.Where(x => x.Year == 2016).FirstOrDefault();\r\n            Assert.IsNotNull(yearConstants, \"The year constants for year = 2016 were not found in 'GeorgiaConstants.xml' file.\");\r\n\r\n            \/\/ We shouldn't be able to find year constants for a year this old.\r\n            yearConstants = constants.YearConstantsList.Where(x => x.Year == 1999).FirstOrDefault();\r\n            Assert.IsNull(yearConstants, \"The year constants for year = 1999 were UNEXPECTEDLY found in 'GeorgiaConstants.xml' file.\");\r\n        }\r\n    }\r\n}}Both file streams show the same number of bytes read. Also, the constants XML file contains a \"created\" date, \"modified\" date, and \"created by\" string which are being read correctly. If I run the failing unit test by itself, it still fails so it doesn't appear to be a file sharing\/locking issue. It's just the ObservableCollection of year constants is being read correctly by the 2nd code, but not by the first.\r\n\r\nthanks, randy",
        "created_at": "2017-03-04T20:53:53Z",
        "closed": false,
        "labels": [
            "Bug"
        ],
        "assignee": "geertvanhorrik"
    }
}