{
    "issue": {
        "title": "CTL-438: Create shared mobile example on all platforms",
        "body": "Jira issue originally created by user @geertvanhorrik:\n\nCreate an example app where all platforms are supported.",
        "created_at": "2014-05-11T22:35:39Z",
        "closed": true,
        "labels": [
            "Task"
        ],
        "assignee": "geertvanhorrik"
    },
    "comments": [
        {
            "created_at": "2014-05-11T22:36:08Z",
            "body": "Comment created by @geertvanhorrik:\n\nCreated repository: https:\/\/github.com\/catel\/catel.examples.mobile"
        },
        {
            "created_at": "2014-05-11T23:18:42Z",
            "body": "Comment created by @geertvanhorrik:\n\nFirst project structure is set up."
        },
        {
            "created_at": "2015-03-18T19:07:58Z",
            "body": "Comment created by @geertvanhorrik:\n\nWon't be doing this."
        },
        {
            "created_at": "2015-03-18T19:07:58Z",
            "body": "Issue was closed with resolution \"Won't Fix\""
        }
    ]
}