{
    "issue": {
        "title": "CTL-295: Improve LocationService for Windows Phone 8",
        "body": "Jira issue originally created by user @geertvanhorrik:\n\nImprove service.",
        "created_at": "2014-01-09T22:14:41Z",
        "closed": true,
        "labels": [
            "Improvement"
        ],
        "milestone": 13,
        "assignee": "geertvanhorrik"
    },
    "comments": [
        {
            "created_at": "2014-01-09T22:14:59Z",
            "body": "Comment created by @geertvanhorrik:\n\nChanged return value of Start method from void to bool"
        },
        {
            "created_at": "2014-01-10T18:14:22Z",
            "body": "Comment created by @geertvanhorrik:\n\nDone."
        },
        {
            "created_at": "2014-01-10T18:14:22Z",
            "body": "Issue was closed with resolution \"Fixed\""
        }
    ]
}