{
    "issue": {
        "title": "CTL-497: Support FrameworkContentElement just as FrameworkElement in Catel LanguageBinding",
        "body": "Jira issue originally created by user holger:\n\nWould it be possible to support the FrameworkContentElement just as FrameworkElement in Catel LanguageBinding. I am using the DevExpress Ribboncontrol. The BarItems which contain the texts are inherited from FrameworkContentElement instead if FrameworkElement and therefor the texts will be initially set correctly but won't be updated when the language changes.\r\n\r\nThe code that has to be adapted is in method 'ProvideValue' in class Catel.Windows.Markup.UpdatableMarkupExtension.",
        "created_at": "2014-07-24T14:52:19Z",
        "closed": true,
        "labels": [
            "Improvement"
        ],
        "milestone": 12,
        "assignee": "geertvanhorrik"
    },
    "comments": [
        {
            "created_at": "2014-07-24T15:04:28Z",
            "body": "Comment created by @geertvanhorrik:\n\nI think this should be possible. Can you try this and do a pull request?"
        },
        {
            "created_at": "2014-07-24T15:09:56Z",
            "body": "Comment created by holger:\n\nI already successfully solved it locally.\r\nI am not used to Git, but I will give it a try.\r\n\r\nIs there any documentation which you can advise that descibes the workflow of creating a pull request?\r\n\r\nEdit: I think the Github help is sufficient, thanks."
        },
        {
            "created_at": "2014-07-24T15:24:42Z",
            "body": "Comment created by holger:\n\nWill this change be included in Release 4.0.0?"
        },
        {
            "created_at": "2014-07-24T15:24:57Z",
            "body": "Comment created by @geertvanhorrik:\n\nSee https:\/\/help.github.com\/articles\/creating-a-pull-request"
        },
        {
            "created_at": "2014-07-24T15:25:19Z",
            "body": "Comment created by @geertvanhorrik:\n\nIf you create a PR, it will be included in 4.0"
        },
        {
            "created_at": "2014-07-24T22:17:27Z",
            "body": "Comment created by holger:\n\nHi Geert,\r\n\r\nI created a Pull Request. see https:\/\/github.com\/Catel\/Catel\/pull\/28"
        },
        {
            "created_at": "2014-07-24T23:29:17Z",
            "body": "Comment created by @geertvanhorrik:\n\nThank you very much for the pull request, it has been reviewed and accepted."
        },
        {
            "created_at": "2014-07-24T23:29:30Z",
            "body": "Issue was closed with resolution \"Fixed\""
        }
    ]
}