{
    "issue": {
        "title": "CTL-176: Issue in TypeHelper.GetTypeName for generic types",
        "body": "Jira issue originally created by user @geertvanhorrik:\n\nThe following unit test fails:\r\n\r\n```\r\npublic void ReturnsTypeNameForGenericTypes()\r\n{\r\n    string input = \"System.Collections.Generic.List`1[[System.String, mscorlib, Version=4.0.0.0, Culture=neutral, PublicKeyToken=b77a5c561934e089]]\";\r\n    string expectedOutput = \"System.Collections.Generic.List`1[[System.String]]\";\r\n\r\n    Assert.AreEqual(expectedOutput, TypeHelper.GetTypeName(input));\r\n}\r\n```",
        "created_at": "2013-09-17T18:48:47Z",
        "closed": true,
        "labels": [
            "Bug"
        ],
        "milestone": 16,
        "assignee": "geertvanhorrik"
    },
    "comments": [
        {
            "created_at": "2013-09-17T21:51:21Z",
            "body": "Comment created by @geertvanhorrik:\n\nDone!"
        },
        {
            "created_at": "2013-09-17T21:51:21Z",
            "body": "Issue was closed with resolution \"Fixed\""
        }
    ]
}