{
    "issue": {
        "title": "CTL-471: Viewmodel are closed at startup and build again ",
        "body": "Jira issue originally created by user jens_weller:\n\nAccording to discussion:\r\n\r\nhttps:\/\/catel.codeplex.com\/discussions\/546763",
        "created_at": "2014-06-23T14:51:18Z",
        "closed": true,
        "labels": [
            "Bug"
        ],
        "milestone": 12,
        "assignee": "geertvanhorrik"
    },
    "comments": [
        {
            "created_at": "2014-06-24T20:13:21Z",
            "body": "Comment created by @geertvanhorrik:\n\nI think this has to do with virtualization. Can you try the latest prerelease and let me know exactly how I can reproduce with this example? What should I see, etc?"
        },
        {
            "created_at": "2014-06-24T20:17:51Z",
            "body": "Comment created by @geertvanhorrik:\n\nWhen I use this:\r\n\r\n```\r\n    <ListBox ItemsSource=\"{Binding Stations}\"\r\n             VirtualizingStackPanel.IsVirtualizing=\"False\">\r\n```\r\n\r\nThe vm's are no longer closed. This proves to me that this is virtualization kicking in, not an issue in Catel."
        },
        {
            "created_at": "2014-06-25T07:20:37Z",
            "body": "Comment created by jens_weller:\n\nSorry, not really clear. Can you explain me what you mean with \"virtualization kicking in\" and \"not an issue in Catel\"."
        },
        {
            "created_at": "2014-06-25T14:22:24Z",
            "body": "Comment created by @geertvanhorrik:\n\nThe ListBox uses virtualization. If you turn it off, the virtualization no longer re-uses the same controls for different data. You can turn it off by using the code I posted earlier. It's a .NET feature, has nothing to do with Catel."
        },
        {
            "created_at": "2014-06-25T14:22:44Z",
            "body": "Comment created by @geertvanhorrik:\n\nIt's a .NET feature, if you turn it off it works as the user expects."
        },
        {
            "created_at": "2014-06-25T15:31:29Z",
            "body": "Comment created by jens_weller:\n\nHm.Ok\r\n\r\nSome additional questions. Maybe you can help me.\r\n1. Why does it work in catel 3.9\r\n2. Do I have to set this only in Listboxes.   Its not necessary in catelTabcontrol (as you can see in the isue: https:\/\/catelproject.atlassian.net\/browse\/[CTL-447](https:\/\/catelproject.atlassian.net\/browse\/CTL-447))\r\n3. Do I have to turn of virtualization only on toplevel  in this case. Not on Listboxes in StationView\/ BlockView \/ PlaceView.\r\n"
        },
        {
            "created_at": "2014-06-25T16:53:19Z",
            "body": "Comment created by @geertvanhorrik:\n\n1) It should behave the same. If not, this was a bug in 3.9\r\n2) Not only on listboxes. Every items control that supports virtualization. A tab control has no virtualization.\r\n3) Virtualization is controlled by each control itself. You need to set it per control (and determine whether it gives you advantage or not => then disable it if it is slower than with virtualization)"
        },
        {
            "created_at": "2014-06-26T08:08:53Z",
            "body": "Comment created by jens_weller:\n\nThanks for your answers. I turn the virtualization off in my application. But the problem still exists. All viewmodels are closed.\r\nIn addidion in the newest version my application needs a long long time to start."
        },
        {
            "created_at": "2014-07-07T07:59:54Z",
            "body": "Comment created by jens_weller:\n\nNo chance. I set the VirtualizingStackPanel.IsVirtualizing=\"False\"  on every itemscontrol.\r\nNo the viewmodels closed twice at startup. Thats why it needs a long time. No more idea?"
        },
        {
            "created_at": "2014-07-07T08:39:21Z",
            "body": "Comment created by jens_weller:\n\nAdded a repro wit virtualization turned off.\r\nViewmodels still closed"
        },
        {
            "created_at": "2014-07-09T08:44:45Z",
            "body": "Comment created by jens_weller:\n\nIs it possible to reopen the issue?"
        },
        {
            "created_at": "2014-07-24T08:09:05Z",
            "body": "Comment created by jens_weller:\n\nHi.\r\nIts terrible. :-(\r\nThats the only big problem I have. So I can not update to the newest catel. But I need urgent the Application wide commands with Commandparameter. \r\n\r\nI don't know why all viewmodels ar unloaded at startup.\r\n\r\nYou also have no idea at the moment?\r\n\r\n\r\n\r\n"
        },
        {
            "created_at": "2014-08-19T12:50:12Z",
            "body": "Comment created by @geertvanhorrik:\n\nI am trying to reproduce this:\r\n\r\n1) Moved project to NET 4.5\r\n2) Added latest version of Catel\r\n3) Put a breakpoint on all close methods\r\n4) Run and expect a breakpoint to be hit\r\n\r\nCannot reproduce this."
        },
        {
            "created_at": "2014-08-25T10:04:19Z",
            "body": "Comment created by @geertvanhorrik:\n\nNo response, closing as cannot reproduce."
        },
        {
            "created_at": "2014-08-25T13:28:10Z",
            "body": "Comment created by jens_weller:\n\nSorry. Until now I was on vacation. I will test it now and give a response."
        },
        {
            "created_at": "2014-08-25T16:58:27Z",
            "body": "Comment created by @geertvanhorrik:\n\nThanks for the update, will await that."
        },
        {
            "created_at": "2014-08-26T08:49:59Z",
            "body": "Comment created by jens_weller:\n\nTestet with the sample project. There it works. The viewmodels are not closed. I will try it in my real project, and will also give an answer.\r\nQuestion: The newest catel version is marked as unstable. Is there a update anytime soon?"
        },
        {
            "created_at": "2014-08-26T11:57:59Z",
            "body": "Comment created by @geertvanhorrik:\n\nIt's just a name to follow semver. The prereleases are good, we hope to finalize 4.0 soon (this is one of the last \"issues\")."
        },
        {
            "created_at": "2014-08-26T14:33:47Z",
            "body": "Comment created by jens_weller:\n\nOk. I will do my best to help to solve this issue soon."
        },
        {
            "created_at": "2014-08-26T15:30:42Z",
            "body": "Comment created by jens_weller:\n\nWhat I'm doing wrong. I updated to the newest catel. \r\nI always get the error:\r\n\r\nThe tag 'UserControl' does not exist in XML namespace 'http:\/\/catel.codeplex.com'.\r\n"
        },
        {
            "created_at": "2014-08-26T15:32:21Z",
            "body": "Comment created by @geertvanhorrik:\n\nWhat .NET are you using? Are the references available? Try restarting visual studio."
        },
        {
            "created_at": "2014-08-26T15:39:35Z",
            "body": "Comment created by jens_weller:\n\n- .Net 4.0 \r\n- References  are available.\r\n- Restarted visual studio 3 times.\r\n- Restartet th PC 2 times.\r\n- Removed all refernces add added via nuget again.\r\n\r\nI think I have to go home and continue tomorrow."
        },
        {
            "created_at": "2014-08-27T07:57:03Z",
            "body": "Comment created by jens_weller:\n\nOk again: In the reference explorer everything looks fine but in output I get this error:\r\n\r\nThe primary reference \"Catel.Core\" could not be resolved because it has an indirect dependency on the framework assembly \"System.Threading.Tasks, Version=2.6.8.0, Culture=neutral, PublicKeyToken=b03f5f7f11d50a3a\" which could not be resolved in the currently targeted framework \".NETFramework,Version=v4.0\""
        },
        {
            "created_at": "2014-08-27T15:03:53Z",
            "body": "Comment created by jens_weller:\n\n16 Warnings like above:\r\n\r\nThe primary reference \"Catel.Core\" could not be resolved because it has an indirect dependency on the framework assembly \"System.Threading.Tasks, Version=2.6.8.0, Culture=neutral, PublicKeyToken=b03f5f7f11d50a3a\" which could not be resolved in the currently targeted framework. \".NETFramework,Version=v4.0\". To resolve this problem, either remove the reference \"Catel.Core\" or retarget your application to a framework version which contains \"System.Threading.Tasks, Version=2.6.8.0, Culture=neutral, PublicKeyToken=b03f5f7f11d50a3a\".\r\n\r\nNow Idea what to do. I removed all packages. Installed again with nuget. Also added the referneces manualy. \r\n\r\nI think it depends on bcl async.\r\n"
        },
        {
            "created_at": "2014-08-27T15:06:35Z",
            "body": "Comment created by @geertvanhorrik:\n\nUpdating to BCL via NuGet is a pain in the *ss. What you can try is:\r\n\r\n1) Add a reference to System.Net manually\r\n2) Restart visual studio\r\n3) Install Catel (which will install BCL)\r\n\r\nIt really sucks, I had a lot of troubles with it as well."
        },
        {
            "created_at": "2014-08-27T15:31:07Z",
            "body": "Comment created by jens_weller:\n\nI always install catel first.\r\nThe problem is that I have no connection to nuget via visual studio.\r\nSo I have to first download all packages via the nuget package explorer.\r\nIn visual studio I have to choose the local path to the downloaded packages and install with nuget.\r\n\r\nWhich version of bcl do I have to download?"
        },
        {
            "created_at": "2014-08-27T15:40:06Z",
            "body": "Comment created by @geertvanhorrik:\n\nSee dependencies at http:\/\/www.nuget.org\/packages\/Catel.Core\/4.0.0-unstable0461"
        },
        {
            "created_at": "2014-08-27T16:18:14Z",
            "body": "Comment created by @geertvanhorrik:\n\nBut system.net is a .net dependency, after that you can install Catel (which will install BCL for you)."
        },
        {
            "created_at": "2014-08-28T10:22:39Z",
            "body": "Comment created by jens_weller:\n\nI added it bevor. I tried everything, removed and added again catel, bcl, everything. I reinstalled nuget. Installed Update 3 to Visual Studio. Reverted my hole project in my sourcecontrol.\r\n3 days are over and i get the same errors\r\n\r\n->arghhh"
        },
        {
            "created_at": "2014-08-28T11:05:49Z",
            "body": "Comment created by jens_weller:\n\nI added now the catel sources to my project. \r\nAlso added lot of needed fody packages\r\n\r\nnow I get some of this errors\r\nCatel.Core.NET40.csproj(105,5): error : This project references NuGet package(s) that are missing on this computer. Enable NuGet Package Restore to download them.  For more information, see http:\/\/go.microsoft.com\/fwlink\/?LinkID=317567.\r\n\r\nBut which packet is missing?\r\n\r\n"
        },
        {
            "created_at": "2014-08-28T11:14:47Z",
            "body": "Comment created by @geertvanhorrik:\n\nI think it's Fody which. Also make sure you have the latest NuGet package manager extension installed (pre 2.8 are buggy)."
        },
        {
            "created_at": "2014-08-28T11:23:53Z",
            "body": "Comment created by jens_weller:\n\nFody is installed. \r\nNuget Version 2.8.50313.46"
        },
        {
            "created_at": "2014-08-28T11:47:49Z",
            "body": "Comment created by jens_weller:\n\nMaybe I have a problem because my project is a Class Library.\r\nIn the example project it is a Windows Application\r\n\r\nI don't know."
        },
        {
            "created_at": "2014-08-28T12:10:58Z",
            "body": "Comment created by @geertvanhorrik:\n\nDoesn't matter. I use Catel in over 40 projects and they are library \/ ASP.NET \/ WPF apps."
        },
        {
            "created_at": "2014-08-28T13:05:51Z",
            "body": "Comment created by jens_weller:\n\nMaybe some other references make complications."
        },
        {
            "created_at": "2014-08-28T14:41:47Z",
            "body": "Comment created by @geertvanhorrik:\n\nCan you see a reference to System.Net in the project? If that is working, please add BCL which should install all the System.Threading.Task.* stuff. Does that work?"
        },
        {
            "created_at": "2014-08-28T15:08:51Z",
            "body": "Comment created by jens_weller:\n\nYes. System.Net is added. Version 4.0.0.0.\r\n\r\nI installed catel. Catel says BCL is required and installed 2 packages:\r\nMicrosoft Async\r\nMicrosoft BCL Build Components\r\n\r\nThen I have references to\r\n\r\nMicrosoft.Threading.Tasks\r\nMicrosoft.Threading.Tasks.Extensions\r\nMicrosoft.Threading.Tasks.Extensions.Desktop\r\n\r\n\r\nI also installed only BCL without catel:\r\n\r\nThats the warnings of the compiler\r\n\r\nWarning\t1\tThe primary reference \"Microsoft.Threading.Tasks\" could not be resolved because it has an indirect dependency on the framework assembly \"System.Runtime, Version=1.5.11.0, Culture=neutral, PublicKeyToken=b03f5f7f11d50a3a\" which could not be resolved in the currently targeted framework. \".NETFramework,Version=v4.0\". To resolve this problem, either remove the reference \"Microsoft.Threading.Tasks\" or retarget your application to a framework version which contains \"System.Runtime, Version=1.5.11.0, Culture=neutral, PublicKeyToken=b03f5f7f11d50a3a\".\r\n\r\n"
        },
        {
            "created_at": "2014-08-28T15:43:17Z",
            "body": "Comment created by jens_weller:\n\nAlso looked here:\r\nhttp:\/\/blogs.msdn.com\/b\/bclteam\/p\/asynctargetingpackkb.aspx\r\n\r\nIssue 2 and 6 looks like my problem. But both solutions did not work. \r\n\r\n"
        },
        {
            "created_at": "2014-08-29T09:45:20Z",
            "body": "Comment created by jens_weller:\n\nSystem.Runtime, Version=1.5.11.0 is searched but the higer version 2.6.8.0 is installed. And what is now the problem?"
        },
        {
            "created_at": "2014-08-29T09:47:44Z",
            "body": "Comment created by @geertvanhorrik:\n\nI can't tell that without looking at it. Aren't there colleagues around that might be able to help with a second pair of eyes?"
        },
        {
            "created_at": "2014-08-29T14:26:05Z",
            "body": "Comment created by jens_weller:\n\nHi already ask other colleagues. Also no ideas.\r\n\r\nBut I created now a new solution with a application and a class library. No code. Just added catel. -> Same error.\r\n\r\nI think I create a new isue and add the solution. So you can take a look at it.\r\n\r\nhttps:\/\/catelproject.atlassian.net\/browse\/[CTL-519](https:\/\/catelproject.atlassian.net\/browse\/CTL-519)"
        },
        {
            "created_at": "2014-09-01T11:07:37Z",
            "body": "Comment created by jens_weller:\n\nOk. Back to the real problem in this issue. \r\n\r\nThe good thing: My project works again. :-)\r\nThe bad thing: This problem still exists. All viewmodels are closed at startup. :-(\r\n\r\n\r\n\r\n\r\n\r\n"
        },
        {
            "created_at": "2014-09-01T12:00:10Z",
            "body": "Comment created by @geertvanhorrik:\n\nBut you cannot reproduce the issue in your repro, nor can I in any of my projects."
        },
        {
            "created_at": "2014-09-01T13:17:54Z",
            "body": "Comment created by jens_weller:\n\nGive me one more chance to reproduce the issue in a example."
        },
        {
            "created_at": "2014-09-02T07:50:03Z",
            "body": "Comment created by jens_weller:\n\nOn question: After all Viewmodels are created OnInheritedDataContextChanged in DatacontextchangedHelper is called. What can be the reasons why this is called.\r\n\r\nDependencyPropertyChangedEventArgs :\r\nOldValue is null\r\nNewValue is my model.\r\n\r\nFor me its not clear why old value is null.\r\n\r\nmy viewmodels are created in customviewmodelfactory with\r\n\r\nreturn base.CreateViewModel(viewModelType, dataContext);\r\n\r\nand never created with null."
        },
        {
            "created_at": "2014-09-02T08:18:11Z",
            "body": "Comment created by jens_weller:\n\nThats the output of the debug listener than close of Placeviewmodel is called\r\n\r\n08:00:07:980 => [DEBUG] [Catel.MVVM.ViewModelManager] Getting all view models that are linked to model 'PlaceInstance'\r\n08:00:07:981 => [DEBUG] [Catel.MVVM.ViewModelManager] Found '0' view models that are linked to model 'PlaceInstance'\r\nViewmodel null\r\n08:00:07:995 => [DEBUG] [Catel.IoC.TypeFactory] Calling constructor.Invoke with the right parameters\r\n08:00:07:995 => [DEBUG] [Catel.MVVM.ViewModelBase] Creating view model of type 'PlaceViewModel' with unique identifier 41\r\n08:00:07:995 => [DEBUG] [Catel.MVVM.ViewModelCommandManager] Creating a ViewModelCommandManager for view model 'ConfiguratorControl.ViewModels.PlaceViewModel' with unique identifier '41'\r\n08:00:07:996 => [DEBUG] [Catel.MVVM.ViewModelCommandManager] Created a ViewModelCommandManager for view model 'ConfiguratorControl.ViewModels.PlaceViewModel' with unique identifier '41'\r\nConfigurator.vshost.exe Warning: 0 : 08:00:07:997 => [WARNING] [Catel.MVVM.ViewModelBase] Mapped viewmodel property 'Units' to model property 'Units' is invalid because property 'Units' is not found on the model 'LocationInstance'.\r\n\r\nIf the property is defined in a sub-interface, reflection does not return it as a valid property. If this is the case, you can safely ignore this warning\r\nConfigurator.vshost.exe Warning: 0 : 08:00:07:998 => [WARNING] [Catel.MVVM.ViewModelBase] Mapped viewmodel property 'SelectedUnit' to model property 'SelectedUnit' is invalid because property 'SelectedUnit' is not found on the model 'LocationInstance'.\r\n\r\nIf the property is defined in a sub-interface, reflection does not return it as a valid property. If this is the case, you can safely ignore this warning\r\n08:00:07:999 => [DEBUG] [Catel.MVVM.ManagedViewModel] Added view model instance, currently containing '20' instances of type 'ConfiguratorControl.ViewModels.PlaceViewModel'\r\n08:00:07:999 => [DEBUG] [Catel.MVVM.ViewModelManager] Registering model 'PlaceInstance' with view model 'PlaceViewModel' (id = '41')\r\n08:00:07:999 => [DEBUG] [Catel.MVVM.ViewModelManager] Registered model 'PlaceInstance' with view model 'PlaceViewModel' (id = '41')\r\n08:00:08:000 => [DEBUG] [Catel.Messaging.MessageMediator] Sending message of type 'ConfiguratorControl.Messages.LocationVisibilityMessage' with tag 'LocationVisibility'\r\n08:00:08:000 => [DEBUG] [Catel.Messaging.MessageMediator] Sent message to 1 recipients\r\n08:00:08:001 => [DEBUG] [Catel.Messaging.MessageMediator] Cleaning up handlers\r\n08:00:08:001 => [DEBUG] [Catel.Messaging.MessageMediator] Cleaned up handlers\r\n08:00:08:003 => [DEBUG] [Catel.MVVM.ViewModelBase] Updated property 'Units' on model type 'PlaceInstance' to 'System.Collections.ObjectModel.ObservableCollection`1[ConfiguratorControl.Database.Unit]'\r\n08:00:08:004 => [DEBUG] [Catel.MVVM.ViewModelBase] Updated property 'SelectedUnit' on model type 'PlaceInstance' to 'System.Data.Entity.DynamicProxies.Unit_F79ACF46B8F1F1595EAA08EDCAFC3213A5E5D022614D69960E1530E50AF1AFD6'\r\n08:00:08:006 => [DEBUG] [Catel.IoC.TypeFactory] Initializing type 'PlaceViewModel' after construction\r\n08:00:08:006 => [DEBUG] [Catel.IoC.TypeFactory] Injecting properties into type 'PlaceViewModel' after construction\r\n08:00:08:006 => [DEBUG] [Catel.MVVM.ViewModelFactory] Constructed view model 'ConfiguratorControl.ViewModels.PlaceViewModel' using injection of data context 'PlaceInstance'\r\n08:00:08:007 => [DEBUG] [Catel.MVVM.Providers.LogicBase] Used IViewModelFactory to instantiate view model, the factory did return a valid view model\r\n08:00:08:007 => [DEBUG] [Catel.MVVM.Views.ViewToViewModelMappingHelper] Initializing view model container to manage ViewToViewModel mappings\r\n08:00:08:008 => [DEBUG] [Catel.MVVM.Views.ViewToViewModelMappingHelper] Initializing view model 'PlaceViewModel'\r\n08:00:08:008 => [DEBUG] [Catel.MVVM.Views.ViewToViewModelMappingHelper] Initialized view model 'PlaceViewModel'\r\n08:00:08:009 => [DEBUG] [Catel.MVVM.Views.ViewToViewModelMappingHelper] Initialized view model container to manage ViewToViewModel mappings\r\nThe thread '<No Name>' (0x26c8) has exited with code 0 (0x0).\r\nThe thread '<Thread Ended>' (0xb58) has exited with code 0 (0x0).\r\n08:00:08:012 => [DEBUG] [Catel.MVVM.Providers.LogicBase] DataContext of TargetView 'PlaceDetailView' has changed to 'PlaceInstance'\r\nConfigurator.vshost.exe Information: 0 : 08:00:08:040 => [INFO] [Catel.MVVM.ViewModelBase] Saved view model 'ConfiguratorControl.ViewModels.PlaceViewModel'\r\n08:00:08:042 => [DEBUG] [Catel.MVVM.ViewModelManager] Unregistering model 'PlaceInstance' with view model 'PlaceViewModel' (id = '40')\r\n08:00:08:043 => [DEBUG] [Catel.MVVM.ViewModelManager] Unregistered model 'PlaceInstance' with view model 'PlaceViewModel' (id = '40')\r\n08:00:08:048 => [DEBUG] [Catel.MVVM.ViewModelManager] Unregistering all models of view model 'PlaceViewModel' (id = '40')\r\n08:00:08:049 => [DEBUG] [Catel.MVVM.ViewModelManager] Unregistered all '0' models of view model 'PlaceViewModel' (id = '40')\r\n\r\n\r\n\r\n"
        },
        {
            "created_at": "2014-09-02T09:57:46Z",
            "body": "Comment created by @geertvanhorrik:\n\nAre you sure you never create vm's with null? The only other thing I can think of is this:\r\n\r\n1) Valid datacontext => vm is created\r\n2) Somehow datacontext gets null => vm is closed\r\n3) New valid datacontext => vm is created again"
        },
        {
            "created_at": "2014-09-02T10:08:57Z",
            "body": "Comment created by jens_weller:\n\nIn the constructor of the viemodel I have a check for null. Also in the base class.\r\n\r\npublic PlaceViewModel(PlaceInstance place, ProfileControlService profileControlService)\r\n      :base(place)\r\n{\r\n        if (place == null) throw new ArgumentNullException(\"place\");\r\n}\r\n\r\nThe Exception is never thrown. So I'm sure.\r\n---\r\n\r\nSomehow datacontext gets null => vm is closed\r\nOk.  But then I should also get an event if the datacontext changed from valid to null?\r\nI only get a event if changed from null to valid.\r\n\r\nAnd damn why gets it null. Sorry. \r\n"
        },
        {
            "created_at": "2014-09-02T10:11:15Z",
            "body": "Comment created by @geertvanhorrik:\n\nPlease, please, please enable this checkbox:\r\n\r\nhttps:\/\/catelproject.atlassian.net\/wiki\/display\/CTL\/Stepping<ins>through<\/ins>the+code\r\n\r\nIt allows you to debug through Catel source without downloading it. So do it now and put a breakpoint there. That's about all the support I can give for now, this is already taking up **way** too much time."
        },
        {
            "created_at": "2014-09-02T10:30:50Z",
            "body": "Comment created by jens_weller:\n\nHi. Thats the same using .Net Reflector? Right?\r\nI have already debuged. But have no more idea at the moment."
        },
        {
            "created_at": "2014-09-02T10:35:20Z",
            "body": "Comment created by jens_weller:\n\nAnd as I told above the first call of catel if this behavior occurs is \r\nOnInheritedDataContextChanged.\r\n\r\nSo I don't know what to debug. The only question is why OnInheritedDataContextChanged is called."
        },
        {
            "created_at": "2014-09-02T10:43:06Z",
            "body": "Comment created by @geertvanhorrik:\n\nNo, it;s not the same."
        },
        {
            "created_at": "2014-09-02T10:44:13Z",
            "body": "Comment created by jens_weller:\n\n"
        },
        {
            "created_at": "2014-09-02T10:54:41Z",
            "body": "Comment created by jens_weller:\n\nRebuild and closed again :-("
        },
        {
            "created_at": "2014-09-03T08:38:10Z",
            "body": "Comment created by jens_weller:\n\nOne step further:\r\n\r\nIn UsercontrolLogic the method \"private void UpdateDataContextToUseViewModel(object newDataContext)\" is called.\r\n\r\nin \"else if (!ReflectionExtensions.IsAssignableFromEx(newDataContext.GetType(), base.ViewModelType))\"\r\n\r\nViewmodel is not null\r\n\r\nand thats the reason why CloseAndDisposeViewModel"
        },
        {
            "created_at": "2014-09-03T09:05:16Z",
            "body": "Comment created by jens_weller:\n\nI attached a screenshot there you can see the new datacontext (model) is the same as the old one. Which is already assigned to viewmodel.\r\nI make Object Ids and they are both the same."
        },
        {
            "created_at": "2014-09-03T11:00:23Z",
            "body": "Comment created by jens_weller:\n\nDo I reduce the controls in the view of the deepest level (Placeview) the Viewmodels are not closed.\r\nBut there is no rule.\r\n\r\nFor Example if the View has 10 controls and I remove 2 controls the viewmodels are still closed. Do I remove again 3 controls. The viewmodels are not closed. Do I add again this 3 controls the viewmodels are still not closed. But then do I add again the last 2 controls the viewmodels are closed again."
        },
        {
            "created_at": "2014-09-03T21:13:21Z",
            "body": "Comment created by @geertvanhorrik:\n\nWould an ObjectHelper.AreEqual(oldContext, newContext) help?"
        },
        {
            "created_at": "2014-09-04T08:30:55Z",
            "body": "Comment created by jens_weller:\n\nHm.. Yes maybe this is a great idea for a workaround.\r\n\r\nIf the oldcontext and the newContext are eqaul return value is existing viewmodel."
        },
        {
            "created_at": "2014-09-04T09:12:00Z",
            "body": "Comment created by @geertvanhorrik:\n\nAre you able to compile and check locally?"
        },
        {
            "created_at": "2014-09-04T09:39:34Z",
            "body": "Comment created by jens_weller:\n\nYes I try.\r\n\r\nThe new datacontext is passed to this method. But at the moment its not clear to me where to get the old datacontext.\r\n\r\nIt's only stored in viewmodel, in varied properties."
        },
        {
            "created_at": "2014-09-04T10:49:37Z",
            "body": "Comment created by @geertvanhorrik:\n\nImplementing custom DataContextChanged so we have the old and new value."
        },
        {
            "created_at": "2014-09-04T11:50:38Z",
            "body": "Comment created by jens_weller:\n\n"
        },
        {
            "created_at": "2014-09-04T11:51:53Z",
            "body": "Comment created by @geertvanhorrik:\n\nUpdate to latest version and try again \/ check out the changes."
        },
        {
            "created_at": "2014-09-04T13:24:09Z",
            "body": "Comment created by jens_weller:\n\nHi.\r\n\r\nI updated. The result\r\n\r\nMethod: OnTargetViewDataContextChanged\r\ne.AreEqual is false:\r\ne.OldContext is null.\r\ne.NewContext is the model\r\n\r\nMethod: UpdateDataContextToUseViewModel\r\nBut in the viewmodel the existing model is the same as the model in the NewContext ??."
        },
        {
            "created_at": "2014-09-04T15:08:15Z",
            "body": "Comment created by @geertvanhorrik:\n\nThis is starting to look like a non-Catel issue. I think I am going to close this if you cannot provide a reasonable repro that I can run on my system. If you are interested in consultancy specifically to your app, consider this: http:\/\/catelproject.com\/support\/enterprise\/\r\n\r\nI have spent over 8 hours on this issue already that I could have spent on new features that would benefit **all** Catel users. Thanks for your understanding that we all have a limited time \/ resources \/ need money to live \/ have to set priorities."
        },
        {
            "created_at": "2014-09-05T10:48:37Z",
            "body": "Comment created by jens_weller:\n\nOnly one more question. \r\n\r\nIs it possible to catch the event of type:\r\n\r\n\"DataContext of TargetView 'PlaceGeneralView' has changed to 'PlaceInstance'\r\n\r\nin my own code to handle this problem?"
        },
        {
            "created_at": "2014-09-05T22:55:33Z",
            "body": "Comment created by @geertvanhorrik:\n\nNo, there are no entry points in Catel to fix that."
        },
        {
            "created_at": "2014-09-08T07:57:08Z",
            "body": "Comment created by jens_weller:\n\nThe only thing I don't understand. Why does my project works with catel 3.9.\r\n\r\nNo I have only one chance. Stay on 3.9 or change the framework :-("
        },
        {
            "created_at": "2014-09-08T09:19:28Z",
            "body": "Comment created by jens_weller:\n\nThe DataContextChangedHelper class is only for silverlight. Is this correct?\r\n\r\nSummary: Helper class to subscribe to the <c>DataContextChanged<\/c> event of UI elements in Silverlight.\r\n\r\nWhy is it also called in .net projects?"
        },
        {
            "created_at": "2014-09-08T09:49:28Z",
            "body": "Comment created by jens_weller:\n\nThats the problem.\r\n\r\nI commented this lines out in DataContextChangedHelper OnInheritedDataContextChanged\r\n```\r\nvar handler = d.GetValue(DataContextChangedHandlerProperty) as DependencyPropertyChangedEventHandler;\r\nif (handler != null)\r\n{\r\n    handler(d, e);\r\n}\r\n```\r\n\r\nand everything works fine."
        },
        {
            "created_at": "2014-09-08T09:55:44Z",
            "body": "Comment created by @geertvanhorrik:\n\nFeel free to create a pull request with a DataContextHandlerService that determines whether a datacontext should be inherited or not.\r\n\r\nbtw. you do have other options, you are just not willing to go that path. That's something different."
        },
        {
            "created_at": "2014-09-08T10:24:58Z",
            "body": "Comment created by jens_weller:\n\nDataContextHandlerService. Sounds interesting. But at the moment for me it's not really clear what to do.\r\n\r\nwith the other option you mean the payed support?"
        },
        {
            "created_at": "2014-09-08T10:31:18Z",
            "body": "Comment created by @geertvanhorrik:\n\n1) Paid support (so we can look into your specific issue). We are using Catel in over 40 projects ourselves, not having this issue in any of the projects\r\n2) Fix your code\r\n3) Add the feature I just recommended\r\n\r\nIf your company is making money out of software, and you go to your manager saying you already spent a complete week on this topic, support is cheaper and he would understand. But in the end it's your call, but here my free support ends because I want to write new features instead of guessing what's wrong without having a look at the actual code."
        },
        {
            "created_at": "2014-09-08T10:51:02Z",
            "body": "Comment created by jens_weller:\n\n1) Yes, you are right. But not so easy, little bit complexe here. Sorry.\r\n2) Yes thats a good solution. :-)\r\n\r\n3) Sounds good. And I will go this way. But at the moment I search the startpoint. And I also dont wan't to waste your time. If I know what to do I will create a pull request, and help to make catel a little bit better.\r\n"
        },
        {
            "created_at": "2014-09-16T07:34:47Z",
            "body": "Comment created by jens_weller:\n\nHi.\r\n\r\nCan you give me a hint where to start. I dont' know exactly what you mean with\r\n\r\n\"DataContextHandlerService that determines whether a datacontext should be inherited or not\""
        },
        {
            "created_at": "2014-09-18T08:29:30Z",
            "body": "Comment created by jens_weller:\n\nPlease."
        },
        {
            "created_at": "2014-09-18T10:31:40Z",
            "body": "Comment created by @geertvanhorrik:\n\nSorry, really busy, just like you I have a normal job and do this in my spare time. You get free support **while** you work, I have to do it outside work hours. Will get back when I can."
        },
        {
            "created_at": "2014-09-30T11:44:22Z",
            "body": "Comment created by @geertvanhorrik:\n\nOk, did a bit of research. The actual DataContextChanged event is coming from the view itself, in your case the UserControl from Catel, see https:\/\/github.com\/Catel\/Catel\/blob\/develop\/src\/Catel.MVVM\/Catel.MVVM.Shared\/Windows\/Controls\/UserControl.cs#L121.\r\n\r\nIf you want to implement this correctly, you need to do this:\r\n\r\n1) Create an additional boolean in the **DataContextChangedHelper** to describe whether it should or should not listen to inherited datacontext changes\r\n2) Create a service such as DataContextChangedControlService that has a method with a Type (of the view) that determines whether or not it should subscribe to inherited changes.\r\n3) Check this service in all the base classes of the views and call the right method created at 1"
        },
        {
            "created_at": "2014-09-30T11:46:52Z",
            "body": "Comment created by @geertvanhorrik:\n\nWhat you can also test is if DependencyPropertyChangedHelper can do the job, then the DataContextChangedHelper can be just a wrapper around that class."
        },
        {
            "created_at": "2014-09-30T12:00:31Z",
            "body": "Comment created by @geertvanhorrik:\n\nI have refactored a bit so DataContextChangedHelper is only a wrapper around DependencyPropertyChangedHelper so it only needs to be changed in a single location."
        },
        {
            "created_at": "2014-10-14T09:31:40Z",
            "body": "Comment created by jens_weller:\n\nHi again. I had also to do some other work.\r\nThank you for your answer.\r\n\r\nI read your description careful (10 times). But not everything is clear to me. Some questions.\r\n\r\n1. Do I have to do the changes in my project or in catel with a pull request?\r\n2. What do you mean with  \"so it only needs to be changed in a single location\"?\r\n\r\n"
        },
        {
            "created_at": "2014-10-16T08:28:12Z",
            "body": "Comment created by jens_weller:\n\nI cannot see the forest for the trees.\r\n\r\nWhy is datacontext changed.\r\nWhy is that only a problem in my application\r\nWhat to change. I think I am am to stupid to understand,\r\n\r\n\r\n\r\n\r\n"
        },
        {
            "created_at": "2014-10-16T08:56:35Z",
            "body": "Comment created by jens_weller:\n\nSubscribeToDataContextAndInheritedDataContext\r\n\r\nWhy to DataContext and InheritedDataContext here you subscribe only to InheritedDataContext?\r\n\r\nIf I do not call this method my app works as expected!\r\nAnd my datacontext is replaced with viewmodel anyway. So I don't understand the sense of this functionality.\r\n\r\n"
        },
        {
            "created_at": "2014-10-16T15:02:15Z",
            "body": "Comment created by @geertvanhorrik:\n\nBecause the InheritedDataContext is also very important. See this scenario:\r\n\r\nControl A\r\n  |--- Control B\r\n\r\nIf I only subscribe to DataContext property, it will only know when the Control B DataContext as an explicit binding. But the DataContext is more than a binding, you can also have an inherited DataContext (coming from B).\r\n\r\nMy recommendation is to allow the customization whether you only want direct DataContext changes OR also watch the inherited. The inherited will be the default, but you should be able to customize it using a service I explained before. I hope that the point is clear. I know it can be complex to understand sometimes. The inner workings of Catel are very complex, but that's what makes Catel so powerful (the ease for the end-developer)."
        },
        {
            "created_at": "2014-10-17T13:35:14Z",
            "body": "Comment created by jens_weller:\n\nHi\r\n\r\nI understand the scenario. But in my case the DataContext of Control A is not changed. I don't know why datachontextchanged is fired.\r\nAnd what I also don't understand why is it not fired if I use catel 3.9.x\r\n\r\nThe service I have to do in my code. Ok. Or just define it in the control it self. I think the control should know it. \r\nBut there are also changes required in catel. Right?\r\n\r\nWith a flag  the call of \"SubscribeToDataContextAndInheritedDataContext\" should be switched of. \r\n"
        },
        {
            "created_at": "2014-09-05T22:55:38Z",
            "body": "Issue was closed with resolution \"Cannot Reproduce\""
        }
    ]
}