{
    "issue": {
        "title": "CTL-1000: NumericTextBox behavior doesn't allow some values (e.g. 2.05)",
        "body": "Jira issue originally created by user @geertvanhorrik:\n\n",
        "created_at": "2016-12-20T14:33:29Z",
        "closed": true,
        "labels": [
            "Task"
        ],
        "milestone": 1,
        "assignee": "geertvanhorrik"
    },
    "comments": [
        {
            "created_at": "2016-12-20T14:44:47Z",
            "body": "Comment created by @geertvanhorrik:\n\nFixed."
        },
        {
            "created_at": "2016-12-20T14:44:47Z",
            "body": "Issue was closed with resolution \"Fixed\""
        }
    ]
}