{
    "issue": {
        "title": "CTL-325: Update description of all nuget packages",
        "body": "Jira issue originally created by user @geertvanhorrik:\n\nUpdated the package descriptions, especially the MVVM one.",
        "created_at": "2014-02-05T21:07:23Z",
        "closed": true,
        "labels": [
            "Task"
        ],
        "milestone": 12,
        "assignee": "geertvanhorrik"
    },
    "comments": [
        {
            "created_at": "2014-02-06T14:17:00Z",
            "body": "Comment created by @geertvanhorrik:\n\nDone."
        },
        {
            "created_at": "2014-02-06T14:17:00Z",
            "body": "Issue was closed with resolution \"Fixed\""
        }
    ]
}