{
    "issue": {
        "title": "CTL-397: Invalidate CommandManagerBindings when command is registered",
        "body": "Jira issue originally created by user @geertvanhorrik:\n\nIt might be possible that a command has not yet been registered when the view is loaded.",
        "created_at": "2014-03-25T17:56:31Z",
        "closed": true,
        "labels": [
            "Improvement"
        ],
        "milestone": 12,
        "assignee": "geertvanhorrik"
    },
    "comments": [
        {
            "created_at": "2014-04-06T20:54:58Z",
            "body": "Comment created by @geertvanhorrik:\n\nDone."
        },
        {
            "created_at": "2014-04-06T20:54:58Z",
            "body": "Issue was closed with resolution \"Fixed\""
        }
    ]
}