{
    "issue": {
        "title": "CTL-237: Catel.Fody Weaving double properties -> memory corruption",
        "body": "Jira issue originally created by user jdehaan:\n\nI could drill down to the problem that seems related to the way Catel.Fody weaves the default value for \"double\" typed properties if no default value is specified.\r\n\r\nThis is the minimal code I came with to reproduce the problem:\r\n\r\n```\r\nusing Catel.Data;\r\nusing Catel.Fody;\r\n\r\nnamespace TestingCatel.Fody\r\n{\r\n    public class ASimpleModel : ModelBase\r\n    {\r\n        public double Top { get; set; }\r\n\r\n        public double Left { get; set; }\r\n\r\n        \/\/ If 3rd property uncommented the code runs without exception but then\r\n        \/\/ Top  = 0.0\r\n        \/\/ Left = 2.7338856697455278E-305\r\n        \/\/ I would expect both having the default(double) value => 0.0\r\n        public double Width { get; set; }\r\n    }\r\n\r\n    internal class Program\r\n    {\r\n        private static void Main(string[] args)\r\n        {\r\n            var model = new ASimpleModel();\r\n            \/\/ Note: Setting\r\n            \/\/ [DefaultValue(0.0)] \r\n            \/\/ on at least 2 properties also works fine.\r\n            \r\n            \/\/ => I suspect an issue in the setting the default value in the RegisterProperty weaved code\r\n            \/\/ I had a look but I need to learn IL\/Cecil first... \r\n\r\n            \/\/ strangely the behaviour is not consistent on a per Property base\r\n            \/\/ For me clearly an indication of some memory corruption problem\r\n        }\r\n    }\r\n}\r\n```",
        "created_at": "2013-11-15T08:49:12Z",
        "closed": true,
        "labels": [
            "Bug"
        ],
        "milestone": 15,
        "assignee": "geertvanhorrik"
    },
    "comments": [
        {
            "created_at": "2013-11-16T16:31:24Z",
            "body": "Comment created by @geertvanhorrik:\n\nWritten unit tests in Catel.Fody."
        },
        {
            "created_at": "2013-11-16T16:45:19Z",
            "body": "Comment created by @geertvanhorrik:\n\nThanks for reporting this issue, we can reproduce it."
        },
        {
            "created_at": "2013-11-16T16:53:12Z",
            "body": "Comment created by @geertvanhorrik:\n\nIssue is fixed. Currently creating a new nightly build."
        },
        {
            "created_at": "2013-11-16T16:54:37Z",
            "body": "Issue was closed with resolution \"Fixed\""
        }
    ]
}