{
    "issue": {
        "title": "CTL-101: Catel seems to be losing property value",
        "body": "Jira issue originally created by user @geertvanhorrik:\n\nSteps to reproduce: \r\n\r\n1. Please checkout this repo: https:\/\/github.com\/ziez\/Catel.Issues\r\n2. Open project Catel.Issues\\src\\LosingData\\Catel.ModelNameProperty.Issue.sln\r\n3. Open file ViewModels\\WorkspaceViewModel.cs\r\n4. Set breakpoints to 48 and 51:\r\n5. Run the application in the debug mode\r\n6. Press Add button\r\n7. Enter Name and Number and press Apply\r\n8. You should hit the breakpoint at the line 48\r\n9. Please see that itemEditor.Item has the specified Name and Number\r\n10. Press F5\r\n11. You should hit the breakpoint at the line 51\r\n12. Now check itemEditor.Item and you will see, that Name == null and Number == 0, but should still have same values as in 9.\r\n\r\nThis behavior is reproducible with 3.5 and the latest 3.6.beta.\r\n",
        "created_at": "2013-06-21T11:07:53Z",
        "closed": true,
        "labels": [
            "Bug"
        ],
        "milestone": 17,
        "assignee": "geertvanhorrik"
    },
    "comments": [
        {
            "created_at": "2013-06-21T11:47:19Z",
            "body": "Comment created by @geertvanhorrik:\n\nThe problem is that all are used as models. I will try to explain what happens:\n\n1) You start editing the model, catel creates a backup (IEditableObject)\n2) You apply (but not SAVE) the view model. The OnViewModelCommandExecuted gets called\n3) You replace the ActiveModel, which changes the DataContext. This means the VM gets closed\n4) The VM gets closed (different DC), but the view model is not saved. By default, Catel then cancels the VM.\n5) Catel reverts the values of the model (because the model is decorated with the ModelAttribute).\n6) Your changes have been reverted on the model => your end result."
        },
        {
            "created_at": "2013-06-21T11:55:35Z",
            "body": "Comment created by @geertvanhorrik:\n\nTo fix this, you have several options:\n\nA) Do not decorate everything with the [Model] attribute. Only if you really want the IEditableObject behavior **or** the ViewModelToModel mappings.\nB) Pass false to the **supportedIEditableObject** in the base ctor of the ItemEditorViewModel. \nC) Call SaveViewModel instead of Apply to save the VM (thus commit the changes to the model). You can use the following code in the workspace instead:\n\nprotected override void OnViewModelEvent(IViewModel viewModel, ViewModelEvent viewModelEvent, System.EventArgs e)\n{\n    base.OnViewModelEvent(viewModel, viewModelEvent, e);\n\n    var itemEditor = viewModel as ItemEditorViewModel;\n    if (itemEditor != null)\n    {\n        if (viewModelEvent == ViewModelEvent.Saved)\n        {\n            _dataModel.Items.Add(itemEditor.Item);\n\n            ActiveModel = _dataModel;                    \n        }\n    }\n}\n\nIn your ItemEditorViewModel::Apply, call SaveViewModel()\n"
        },
        {
            "created_at": "2013-06-21T11:57:26Z",
            "body": "Issue was closed with resolution \"Fixed\""
        }
    ]
}