{
    "issue": {
        "title": "CTL-361: XmlSerialization of ICollection<IInterface>",
        "body": "Jira issue originally created by user Towelie:\n\nHi, i've attached small repro.\r\n\r\nThe reason of this error is:\r\nIn method DataContractSerializerFactory.GetDataContractSerializer you are getting KnownTypes for type. In this scenario class = ICollection<IInterface> and in normal cases there is no custom derived types. I thought you already add some custom logic for collection serialization.\r\n\r\nAlso i want to suggest add some debug output in Runtime\/Serialization\/XmlSerialization\/XmlSerializer.cs, line 289.",
        "created_at": "2014-02-24T14:23:11Z",
        "closed": true,
        "labels": [
            "Bug"
        ],
        "milestone": 12,
        "assignee": "geertvanhorrik"
    },
    "comments": [
        {
            "created_at": "2014-02-24T15:00:06Z",
            "body": "Comment created by Towelie:\n\nrepro"
        },
        {
            "created_at": "2014-02-26T20:28:30Z",
            "body": "Comment created by @geertvanhorrik:\n\nI just ran the code, cannot reproduce it (but I did add a fix for abstract classes, the same way as I treat interfaces, see [CTL-368](https:\/\/catelproject.atlassian.net\/browse\/CTL-368)). "
        },
        {
            "created_at": "2014-02-26T20:31:11Z",
            "body": "Comment created by @geertvanhorrik:\n\nAdded logging as requested."
        },
        {
            "created_at": "2014-02-26T20:32:27Z",
            "body": "Comment created by @geertvanhorrik:\n\nCurrently releasing a nightly build, should be ready in 30 minutes. Can you please verify that build?"
        },
        {
            "created_at": "2014-02-26T20:34:30Z",
            "body": "Comment created by Towelie:\n\nYes, i will."
        },
        {
            "created_at": "2014-02-26T20:56:20Z",
            "body": "Comment created by @geertvanhorrik:\n\nNightly build is done."
        },
        {
            "created_at": "2014-02-26T22:52:48Z",
            "body": "Comment created by Towelie:\n\nOk. it don't reproduses. About your fix with abstract classes, there are no any abstract classes in this repro so i dont think that this fix fixes this bug. I would check it in my app with Catel 4.0."
        },
        {
            "created_at": "2014-02-27T10:31:27Z",
            "body": "Comment created by @geertvanhorrik:\n\nI will close as \"cannot reproduce\". Feel free to re-open if you find a new way to reproduce."
        },
        {
            "created_at": "2014-02-27T10:31:27Z",
            "body": "Issue was closed with resolution \"Cannot Reproduce\""
        }
    ]
}