{
    "issue": {
        "title": "CTL-208: Support entity framework 6",
        "body": "Jira issue originally created by user @geertvanhorrik:\n\nSee http:\/\/blogs.msdn.com\/b\/adonet\/archive\/2013\/10\/17\/ef6-rtm-available.aspx for more information.",
        "created_at": "2013-10-22T18:50:01Z",
        "closed": true,
        "labels": [
            "Task"
        ],
        "milestone": 15,
        "assignee": "geertvanhorrik"
    },
    "comments": [
        {
            "created_at": "2013-10-22T22:42:53Z",
            "body": "Comment created by @geertvanhorrik:\n\nDone!"
        },
        {
            "created_at": "2013-11-25T13:53:53Z",
            "body": "Comment created by Siddy74:\n\nHello Geert,\r\n\r\ndo you have a example how i use the EF with UoW in catel?\r\nI cant find anything about the usage. \r\n\r\nI have read your article: http:\/\/www.geertvanhorrik.com\/category\/catel\/page\/2\/ \r\n\r\nand i have any questions about this:\r\n\r\nhttp:\/\/stackoverflow.com\/questions\/20188581\/c-sharp-catel-framework-entity-framework-unity-of-work\r\n\r\nI hope you can help me?\r\nThank you and have a nice day,\r\n\r\nGreetings"
        },
        {
            "created_at": "2013-11-25T18:31:48Z",
            "body": "Comment created by @geertvanhorrik:\n\nWe are working on an example application which uses EF. However, you might want to check out the unit tests:\r\n\r\nhttps:\/\/github.com\/Catel\/Catel\/blob\/develop\/src\/Catel.Test\/Catel.Test.NET40\/Extensions\/EntityFramework5\/Data\/UnitOfWorkFacts.cs?source=cc"
        },
        {
            "created_at": "2013-10-22T22:42:53Z",
            "body": "Issue was closed with resolution \"Fixed\""
        }
    ]
}