{
    "issue": {
        "title": "CTL-108: WinRT catel example fails to run",
        "body": "Jira issue originally created by user @geertvanhorrik:\n\nI've faced with problem while trying to run catel WinRt example. When I try to debug Catel.Examples.WinRT.Advanced VS 2012 throw exception\r\n\r\nFailed to create the delegate. Probably the wrong type of EventArgs is used and does not match the EventHandler<TEventArgs>\r\n\r\nWhat is wrong?",
        "created_at": "2013-07-03T09:13:53Z",
        "closed": true,
        "labels": [
            "Bug"
        ],
        "milestone": 16,
        "assignee": "geertvanhorrik"
    },
    "comments": [
        {
            "created_at": "2013-07-03T09:15:35Z",
            "body": "Comment created by @geertvanhorrik:\n\nSee http:\/\/stackoverflow.com\/questions\/17440759\/winrt-catel-example-fails-to-run. Report back when fixed."
        },
        {
            "created_at": "2013-07-03T15:54:42Z",
            "body": "Comment created by zip-imp:\n\nI don't know have you already resolved or not: when I use catel 3.5 winRT libraries, I get nullreference exception in Catel.Examples.WinRT.Advanced after hit \"Nested user controls\" button."
        },
        {
            "created_at": "2013-07-03T17:45:01Z",
            "body": "Comment created by @geertvanhorrik:\n\nBoth issues are fixed, it was an issue with the weak event listener."
        },
        {
            "created_at": "2013-07-03T17:45:01Z",
            "body": "Issue was closed with resolution \"Fixed\""
        }
    ]
}