{
    "issue": {
        "title": "CTL-393: Automatically load themes when DataWindow \/ Control is used",
        "body": "Jira issue originally created by user @geertvanhorrik:\n\nSometimes the themes are not correctly loaded. Catel should automatically check if the \/Catel.MVVM;component\/themes\/generic.xaml is loaded when using the DataWindow or a control.",
        "created_at": "2014-03-19T11:10:11Z",
        "closed": true,
        "labels": [
            "Task"
        ],
        "milestone": 12,
        "assignee": "geertvanhorrik"
    },
    "comments": [
        {
            "created_at": "2014-03-19T11:33:20Z",
            "body": "Comment created by @geertvanhorrik:\n\nDone."
        },
        {
            "created_at": "2014-03-19T11:33:20Z",
            "body": "Issue was closed with resolution \"Fixed\""
        }
    ]
}