{
    "issue": {
        "title": "CTL-307: Catel instantiating multiple viewmodels causing errors",
        "body": "Jira issue originally created by user Bitfiddler:\n\nI have nested views.  When I unload the parent view, catel is creating an extra viewmodel when it is disposing the child view (I don't know why, as far as I can tell nothing in my code is instructing this behavior).  I know there is an extra viewmodel because on disposal, the 'initialize' method is called twice and the 'ID' of the object in VS is different for each one (I'm not entirely certain why initialize is called at all when disposing a view, but that's another question). This extra viewmodel is stored somewhere in the bowels of Catel and later when I reactivate the view, Catel re-initializes a new instance of the child ViewModel and runs the initialize method (registering all commands), but then when a message gets passed by the Message Mediator, the phantom ViewModel which was previously (automagically) created in the disposal of the child view, now attempts to respond to the new message.  However, since the disposal process sets of all commands to null, I receive an exception.\r\n\r\nFirst, why is catel creating this second phantom viewmodel on disposal? Second how can I fix this?",
        "created_at": "2014-01-22T20:07:59Z",
        "closed": true,
        "labels": [
            "Bug"
        ],
        "milestone": 13,
        "assignee": "geertvanhorrik"
    },
    "comments": [
        {
            "created_at": "2014-01-22T20:17:02Z",
            "body": "Comment created by Bitfiddler:\n\nI have attached the part of the project in question.  I would like to restrict it to viewable by Geert, but when I select restrict, I only have the option of \"Users\" and it's in red.  Geert let me know if you can't access it.  There's nothing there that's all that special.  I'm still learning both Catel and WPF so I may not be doing things the 'right' way.  The child views in question are UnHedgedTradesListView and ExposureListView and their respective models.  I get an exception when I edit a hedge --> Close the view --> Then try to edit again.  The \"OnEditHedgeMode\" throws a null exception because it's a stale viewmodel receiving a message from the Message Mediator."
        },
        {
            "created_at": "2014-01-22T21:45:17Z",
            "body": "Comment created by Bitfiddler:\n\nI have managed to 'hack' around this oddity by checking for null before executing my message handlers, but it would be nice not to have to do this.  I have verified that each time I dispose a view a 'new' phantom viewmodel is created.  It seems to disappear on the next repeat of the cycle (enter parent view, exit parent view, re-enter parent view).  So fortunately the is no build up of phantom viewmodels."
        },
        {
            "created_at": "2014-01-22T22:00:07Z",
            "body": "Comment created by Bitfiddler:\n\nAnother side effect seems to be the MessageMediator now throws an exception after you load and unload, the reload the same view (collection modified exception).  I think this has something to do with the phantom viewmodel not unregistering itself from the registered messages when it eventually disappears (as I mentioned in the above comment)."
        },
        {
            "created_at": "2014-01-22T22:01:20Z",
            "body": "Comment created by Bitfiddler:\n\nI've also tried setting CloseViewModelOnUnloaded = false;\r\n\r\nBut this did not help.  "
        },
        {
            "created_at": "2014-01-23T08:47:49Z",
            "body": "Comment created by @geertvanhorrik:\n\nWe have changed this behavior a bit in 3.9 prerelease (latest nightly build). You might try it. But to give you a bit of insight:\r\n\r\nIf a viewmodel has an empty constructor, this happens:\r\n\r\n1) parent view gets unloaded, datacontext changes\r\n2) datacontextchanged event is detected, but inner control is not yet unloaded. This means that Catel will update the current view model (but that is only possible if you have a VM with an empty constructor).\r\n\r\nI will look into some ideas I have to implement *Closed_ on the _IViewModelContainer* interface. Then if the parent gets unloaded, it assumes it should not be interested in any parent datacontext changes event (it's a sign that we are going to be unloaded soon too)."
        },
        {
            "created_at": "2014-01-23T19:27:50Z",
            "body": "Comment created by Bitfiddler:\n\nStrange, I only see Catel.Core 3.8.1401202208 in pre-release nuGet.  I have updated to this, but I still get the phantom viewmodel (requiring the check for null in all my commands) and I still get the MessageMediator exception:\r\n{\"Collection was modified; enumeration operation may not execute.\"}\r\n   at System.ThrowHelper.ThrowInvalidOperationException(ExceptionResource resource)\r\n   at System.Collections.Generic.List`1.Enumerator.MoveNextRare()\r\n   at System.Collections.Generic.List`1.Enumerator.MoveNext()\r\n   at Catel.Messaging.MessageMediator.SendMessage[TMessage](TMessage message, Object tag)\r\n   at Petersco.PAF.FX.ViewModels.MainViewManagerViewModel.OnNavigateCreateHedge(NavigateCreateHedgeMessage obj) in d:\\Development\\Code\\DotNet\\vs2012\\Petersco.PAF.FX\\ViewModels\\MainViewManagerViewModel.cs:line 59\r\n\r\nAfter I open and \"add mode\" parent view, cancle\/close it, then re-open it again.  I'm going to download the latest Catel build and try and debug this to identify the source of the Enumerator modification."
        },
        {
            "created_at": "2014-01-23T19:31:08Z",
            "body": "Comment created by @geertvanhorrik:\n\nI have just finished the multilingual support feature. I will now take a look at this issue."
        },
        {
            "created_at": "2014-01-23T19:37:14Z",
            "body": "Comment created by Bitfiddler:\n\nIt appears the exception was cause by not checking for Null in my parent view commands.  I did not think those viewmodels would be removed because I store them in a Prism ViewManager and simply activate\/inactivate them.  After adding a null check there, all seems to work.  Well it works in the sense that I don't get exceptions, however I still have all these null checks littered in all my message handlers to check for null commands.\r\n\r\nI've also noticed another side effect.  Sometimes when activating the view, it appears (I will verify shortly) that a disposed viewmodel is being injected into the view.  I say this because occasionally all of my bindings are disabled (for buttons and 'mode' dependent text, I have headers that Say \"Edit Hedge\" and \"Create Hedge\" depending on what mode you are in) which indicates that they are null (this would only happen if they have been disposed\/closed to my knowledge).  I will keep you posted."
        },
        {
            "created_at": "2014-01-23T19:41:16Z",
            "body": "Comment created by @geertvanhorrik:\n\nI have deleted the attachment because I think it might contain too much code that is needed for your business."
        },
        {
            "created_at": "2014-01-23T22:46:43Z",
            "body": "Comment created by Bitfiddler:\n\nSo even with the check for null in the Parent view, it seems like the MessageMediator exception happens occasionally.  The following seems to 'fix' it.  But obviously I don't think this is intended behavior:\r\n\r\n```\r\nprivate void OnNavigateCreateHedge(NavigateCreateHedgeMessage obj)\r\n        {\r\n            UglyHack(() =>\r\n            {\r\n                *regionManager.Regions[AppRegions.FX_CONTENT].Activate(*manageHedgeView);\r\n                MessageMediator.SendMessage(new CreateHedgeMessage());\r\n            });\r\n        }\r\n\r\n        private void UglyHack(Action navOp)\r\n        {\r\n            var hack = true;\r\n            var retryCount = 0;\r\n            do\r\n            {\r\n                try\r\n                {\r\n                    if (retryCount > 5)\r\n                    {\r\n                        break;\r\n                    }\r\n                    navOp();\r\n                    hack = false;\r\n                }\r\n                catch (Exception e)\r\n                {\r\n                    Console.WriteLine(e);\r\n                    retryCount<ins><\/ins>;\r\n                }\r\n            } while (hack);\r\n        }\r\n```"
        },
        {
            "created_at": "2014-01-23T22:50:42Z",
            "body": "Comment created by @geertvanhorrik:\n\nThe application requires a database, I don't have access to that. Is it possible to reproduce this in a simpler scenario? This application is quite big to demonstrate an issue."
        },
        {
            "created_at": "2014-01-23T22:52:31Z",
            "body": "Comment created by Bitfiddler:\n\nHmmm, perhaps put this issue on hold while I try to create a smaller version of this?  Check back tomorrow."
        },
        {
            "created_at": "2014-01-26T17:18:05Z",
            "body": "Comment created by @geertvanhorrik:\n\nI can reproduce the issue. It is indeed the parent being unloaded (which causes the VM to be reset). I will think of creating a solution for this, but probably that will be Catel 4.0"
        },
        {
            "created_at": "2014-01-26T17:22:55Z",
            "body": "Comment created by @geertvanhorrik:\n\nA \"workaround\" is to inject the model into the view models. Then the view models will only be created when the actual model is available."
        },
        {
            "created_at": "2014-01-31T20:50:34Z",
            "body": "Comment created by @geertvanhorrik:\n\nCreated a feature branch so we can start working on this issue."
        },
        {
            "created_at": "2014-01-31T21:02:49Z",
            "body": "Comment created by @geertvanhorrik:\n\nThe idea is to implement both Unloading and Unloaded on the IViewModelContainer. The logic will be implemented as following:\r\n\r\n1) Unloading\r\n2) Clear datacontext (because view is being unloaded)\r\n3) Unloaded\r\n\r\nThe child view models can handle the parent IViewModelContainer and subscribe to the Unloading event. Then it can set the *IgnoreNullDataContext_ to _true_ (default value is _false_). When the parent IViewModelContainer calls Loaded again, the _IgnoreNullDataContext_ can be set to _false* again. I think all cases are handled with this logic."
        },
        {
            "created_at": "2014-01-31T21:23:30Z",
            "body": "Comment created by @geertvanhorrik:\n\nImplemented all events."
        },
        {
            "created_at": "2014-01-31T22:39:35Z",
            "body": "Comment created by @geertvanhorrik:\n\nIn a normal environment, this works great. Unfortunately with prism navigation, it looks like the DataContext is changed before the view is unloaded. This might be because there is a large parent tree, will look at that another day."
        },
        {
            "created_at": "2014-02-01T10:20:11Z",
            "body": "Comment created by @geertvanhorrik:\n\nIt looks like the DataContextChanged event is fired before the Unloaded event. This makes it hard to handle this correctly. There is an internal dependency property \"UnloadedPending\" which gets called before the DataContext is set to null. Have to investigate whether this won't break anything in SL \/ Windows Phone \/ WinRT (these platforms don't allow non-public reflection)."
        },
        {
            "created_at": "2014-02-01T13:01:26Z",
            "body": "Comment created by @geertvanhorrik:\n\nGoing to implement some sort of \"routed UI events\" to prepare child views that they are about to be unloaded. This should be safe for all supported platforms."
        },
        {
            "created_at": "2014-02-01T13:15:54Z",
            "body": "Comment created by @geertvanhorrik:\n\nI got the whole tree working now. No more dummy view models are being created when used in visual tree (for example, a large nested user control tree inside a DataWindow). Now looking on how to fix prism where views themselves are being unloaded."
        },
        {
            "created_at": "2014-02-01T13:18:20Z",
            "body": "Comment created by @geertvanhorrik:\n\nFirst commit to feature branch:\r\n\r\n(+) Added IViewModelContainer events for view load states (Loading, Loaded, Unloading, Unloaded). Catel now correctly handles large nested trees which are correctly unloaded and no dummy view models are being created any longer for sub views which are not yet (but about to be) unloaded."
        },
        {
            "created_at": "2014-02-01T14:26:19Z",
            "body": "Comment created by @geertvanhorrik:\n\nGood news! Got it fixed! :-)\r\n\r\nAlthough the DataContextChanged event occurs **before* the Unloaded event, it is possible to check if the Parent has become *null*. This is a sign that we are about to be unloaded (but the DataContext is set to *null** first)."
        },
        {
            "created_at": "2014-02-01T14:28:17Z",
            "body": "Comment created by @geertvanhorrik:\n\nLooks very stable, I will merge this to the 3.9 release so it will be available to all users."
        },
        {
            "created_at": "2014-02-01T14:34:45Z",
            "body": "Comment created by @geertvanhorrik:\n\nMerged."
        },
        {
            "created_at": "2014-02-01T14:34:49Z",
            "body": "Issue was closed with resolution \"Fixed\""
        }
    ]
}