{
    "issue": {
        "title": "CTL-422: ViewLoadedManager does not release strong reference to views",
        "body": "Jira issue originally created by user tombo86:\n\n",
        "created_at": "2014-04-23T22:28:26Z",
        "closed": true,
        "labels": [
            "Bug"
        ],
        "milestone": 12,
        "assignee": "geertvanhorrik"
    },
    "comments": [
        {
            "created_at": "2014-04-23T22:36:13Z",
            "body": "Comment created by @geertvanhorrik:\n\nI can see that the action holding the reference is actually the *Action* property. I will clear it as soon as soon as the view has been loaded.\r\n\r\nGood catch!"
        },
        {
            "created_at": "2014-04-23T22:39:19Z",
            "body": "Comment created by @geertvanhorrik:\n\nAh, I am already clearing that in the [ViewLoadedManager](https:\/\/github.com\/Catel\/Catel\/blob\/552fdff2990cbce9c963b94796dbe09b5fb52ee6\/src\/Catel.MVVM\/Catel.MVVM.NET40\/MVVM\/Views\/ViewLoadedManager.cs#L117). It is a timer with a 1 minute timeout so it's not too heaving on the software.\r\n\r\nChecking other options as well."
        },
        {
            "created_at": "2014-04-23T22:40:03Z",
            "body": "Comment created by tombo86:\n\nWow - that was fast!  Glad it was so easy to fix.  I find memory issues in .NET are so easy to miss since we all kind of take the GC for granted.  "
        },
        {
            "created_at": "2014-04-23T22:41:30Z",
            "body": "Comment created by @geertvanhorrik:\n\nWell, I am not sure if I can just remove the Action as soon as the view is loaded once, because sequence loading might be possible. The only **real** moment I can get rid of it is when the view is no longer alive (the weak reference is dead)."
        },
        {
            "created_at": "2014-04-23T22:42:12Z",
            "body": "Comment created by @geertvanhorrik:\n\nWould setting the timer to a shorter period help you out?"
        },
        {
            "created_at": "2014-04-23T22:49:28Z",
            "body": "Comment created by tombo86:\n\nI don't think so - even if I take a snapshot in ANTS several minutes after the windows were closed, they are still being held by the ViewLoadedManager.  I have had ANTS profiling my app for over an hour, and just took another snapshot - windows are still being held."
        },
        {
            "created_at": "2014-04-23T22:50:44Z",
            "body": "Comment created by tombo86:\n\nI think clearing it when the View is unloaded would be fine."
        },
        {
            "created_at": "2014-04-23T22:53:13Z",
            "body": "Comment created by @geertvanhorrik:\n\nNot sure, because user controls are normally loaded => unloaded => loaded a lot of times. Can you check if the _timer object has a value in the IViewLoadedManager registered in your container?"
        },
        {
            "created_at": "2014-04-23T23:17:50Z",
            "body": "Comment created by tombo86:\n\nYes, it does.  I just added the following after my code that performs a ShowDialog() on my SettingsWindow:\r\n            var manager = DependencyResolver.Resolve<IViewLoadedManager>();\r\n\r\nI put a breakpoint on the line after this one, and when I look at the tooltip in VS, it shows that 'manager' is a Catel.MVVM.Views.ViewLoadedManager and that _timer is a System.Threading.Timer with period of 60,000 and a callback method called 'OnTimerTick'.  "
        },
        {
            "created_at": "2014-04-23T23:39:12Z",
            "body": "Comment created by @geertvanhorrik:\n\nThen maybe we have a deadlock. The view cannot die because ViewLoadedManager still references it. Then the view always stays alive, meaning the action will never be cleared. I will try to use a WeakAction."
        },
        {
            "created_at": "2014-04-23T23:44:48Z",
            "body": "Comment created by @geertvanhorrik:\n\nWeakActions aren't possible (must be all public on strict platforms such as SL, Windows Phone and WinRT). Will think of a solution."
        },
        {
            "created_at": "2014-04-24T00:17:43Z",
            "body": "Comment created by tombo86:\n\nToo bad - I guess it isn't simple after all.  Let me know if you need anything else from me."
        },
        {
            "created_at": "2014-04-24T15:11:22Z",
            "body": "Comment created by @geertvanhorrik:\n\nAre you able to build Catel yourself from code? I have a fix, but want to test it."
        },
        {
            "created_at": "2014-04-24T15:13:33Z",
            "body": "Comment created by @geertvanhorrik:\n\nFix committed."
        },
        {
            "created_at": "2014-04-24T15:43:04Z",
            "body": "Comment created by tombo86:\n\nYes, I can build from code.  I am happy to test the fix."
        },
        {
            "created_at": "2014-04-24T15:48:38Z",
            "body": "Comment created by @geertvanhorrik:\n\nGreat, let me know if it works for you. Then I will release a NB when the fix is confirmed."
        },
        {
            "created_at": "2014-04-24T16:26:40Z",
            "body": "Comment created by tombo86:\n\nIs there an easy way to pull down the changes?  If I look at the commit link, it shows me 7 files that have changed, but I see no way to download them other than to view them and copy\/paste."
        },
        {
            "created_at": "2014-04-24T16:51:21Z",
            "body": "Comment created by @geertvanhorrik:\n\nYou haven't clone from this url?\r\n\r\nhttps:\/\/github.com\/Catel\/Catel.git"
        },
        {
            "created_at": "2014-04-24T17:01:10Z",
            "body": "Comment created by tombo86:\n\nSorry - I saw the reference to [CTL-419](https:\/\/catelproject.atlassian.net\/browse\/CTL-419) at the top so I thought that was still an older version.  Thanks.  About to test"
        },
        {
            "created_at": "2014-04-24T17:35:56Z",
            "body": "Comment created by tombo86:\n\nGreat work!  The problem appears to be fixed.  All Windows and UserControls now get GC'd.  It sometimes takes two GC passes (or maybe even more - I'm not sure if ANTS Memory Profiler does 1 pass or 2 when it creates a snapshot - I had to create two snapshots for some windows to get GC'd).  This is acceptable however.  The important thing is that they do get collected.  \r\n\r\nI haven't done much testing to see if there are any side effects, but so far, so good.  "
        },
        {
            "created_at": "2014-04-24T20:00:49Z",
            "body": "Comment created by @geertvanhorrik:\n\nThanks for the feedback. I will release a new nightly build now (should take the build server about 20 minutes), will close this issue."
        },
        {
            "created_at": "2014-04-24T20:00:54Z",
            "body": "Issue was closed with resolution \"Fixed\""
        }
    ]
}