{
    "issue": {
        "title": "CTL-346: WP8: NavigationContext in ViewModel is empty",
        "body": "Jira issue originally created by user AvelN:\n\n1) OnNavigationCompleted never gets called.\r\n2) When navigating with params, NavigationContext in ViewModel is empty.",
        "created_at": "2014-02-16T14:02:10Z",
        "closed": true,
        "labels": [
            "Bug"
        ],
        "milestone": 12,
        "assignee": "geertvanhorrik"
    },
    "comments": [
        {
            "created_at": "2014-02-16T14:04:37Z",
            "body": "Comment created by @geertvanhorrik:\n\nDid you try the latest nightly build?"
        },
        {
            "created_at": "2014-02-16T14:10:26Z",
            "body": "Comment created by AvelN:\n\nYes, I did"
        },
        {
            "created_at": "2014-02-16T14:44:58Z",
            "body": "Comment created by @geertvanhorrik:\n\nI introduced this bug with the latest *NavigationService* improvements. The page is handled as \"navigated to\" before the navigationcontext is updated."
        },
        {
            "created_at": "2014-02-16T14:46:43Z",
            "body": "Comment created by @geertvanhorrik:\n\nFixed. Will start a new nightly build immediately. Sorry for the inconvenience."
        },
        {
            "created_at": "2014-02-16T14:57:03Z",
            "body": "Comment created by AvelN:\n\nThanks a lot for quick solution!"
        },
        {
            "created_at": "2014-02-16T14:46:43Z",
            "body": "Issue was closed with resolution \"Fixed\""
        }
    ]
}