{
    "issue": {
        "title": "CTL-145: Create large example app",
        "body": "Jira issue originally created by user @geertvanhorrik:\n\nSee http:\/\/msdn.microsoft.com\/es-es\/architecture\/gg189193 and https:\/\/microsoftnlayerapp.codeplex.com\/documentation",
        "created_at": "2013-08-02T17:31:29Z",
        "closed": true,
        "labels": [
            "Task"
        ],
        "assignee": "geertvanhorrik"
    },
    "comments": [
        {
            "created_at": "2013-10-14T18:44:07Z",
            "body": "Comment created by @geertvanhorrik:\n\nExample name will be \"Enjoy!\". It will be a catalog about entertainment, such as games and movies."
        },
        {
            "created_at": "2013-10-14T18:52:16Z",
            "body": "Comment created by @geertvanhorrik:\n\nCreated repository: https:\/\/github.com\/Catel\/Catel.Examples.Enjoy"
        },
        {
            "created_at": "2013-10-14T21:02:32Z",
            "body": "Comment created by @geertvanhorrik:\n\nCreated all projects (for now). Now it's time to start actually implementing logic."
        },
        {
            "created_at": "2013-10-20T17:50:55Z",
            "body": "Comment created by @geertvanhorrik:\n\nMove to 4.0 (not really specific to a release)"
        },
        {
            "created_at": "2015-03-18T19:08:21Z",
            "body": "Comment created by @geertvanhorrik:\n\nNot doing this."
        },
        {
            "created_at": "2015-03-18T19:08:21Z",
            "body": "Issue was closed with resolution \"Won't Fix\""
        }
    ]
}