{
    "issue": {
        "title": "CTL-157: Provide an option to prevent close with Escape for datawindows",
        "body": "Jira issue originally created by user mze666:\n\n",
        "created_at": "2013-08-19T11:10:17Z",
        "closed": true,
        "labels": [
            "New Feature"
        ],
        "milestone": 15,
        "assignee": "geertvanhorrik"
    },
    "comments": [
        {
            "created_at": "2013-08-19T20:38:41Z",
            "body": "Comment created by @geertvanhorrik:\n\nThanks. Did I already tell you we do appreciate pull requests?\n\n;-)"
        },
        {
            "created_at": "2013-10-19T14:04:56Z",
            "body": "Comment created by @geertvanhorrik:\n\nAdded CanCloseUsingEscape property to the DataWindow, now testing."
        },
        {
            "created_at": "2013-10-19T14:20:25Z",
            "body": "Comment created by @geertvanhorrik:\n\nDone!"
        },
        {
            "created_at": "2013-10-19T14:20:25Z",
            "body": "Issue was closed with resolution \"Fixed\""
        }
    ]
}