{
    "issue": {
        "title": "CTL-507: Use FastViewPropertySelector as default for major performance boost",
        "body": "Jira issue originally created by user @geertvanhorrik:\n\nBy default Catel subscribes to all dependency properties, but this can be slow on devices. To provide the best performance out of the box, consider using the FastViewPropertySelector by default.",
        "created_at": "2014-08-17T21:18:03Z",
        "closed": true,
        "labels": [
            "Improvement"
        ],
        "milestone": 12,
        "assignee": "geertvanhorrik"
    },
    "comments": [
        {
            "created_at": "2014-08-17T21:21:29Z",
            "body": "Comment created by @geertvanhorrik:\n\nFixed."
        },
        {
            "created_at": "2014-08-17T21:21:29Z",
            "body": "Issue was closed with resolution \"Fixed\""
        }
    ]
}