{
    "issue": {
        "title": "CTL-169: Serialization improvements",
        "body": "Jira issue originally created by user @geertvanhorrik:\n\n1) Add reference checks so multiple instances are allowed in the same graph (circular dependencies)\r\n2) Add events to customize (de)serialization values.",
        "created_at": "2013-09-04T21:42:55Z",
        "closed": true,
        "labels": [
            "Task"
        ],
        "milestone": 16,
        "assignee": "geertvanhorrik"
    },
    "comments": [
        {
            "created_at": "2013-09-06T11:25:24Z",
            "body": "Comment created by @geertvanhorrik:\n\nEvents are added."
        },
        {
            "created_at": "2013-09-06T13:06:29Z",
            "body": "Comment created by @geertvanhorrik:\n\nCircular serialization is now supported in xml serialization."
        },
        {
            "created_at": "2013-09-06T15:39:18Z",
            "body": "Comment created by @geertvanhorrik:\n\nCircular serialization is now supported in binary serialization."
        },
        {
            "created_at": "2013-09-06T18:18:18Z",
            "body": "Comment created by @geertvanhorrik:\n\nDone."
        },
        {
            "created_at": "2013-09-06T18:18:18Z",
            "body": "Issue was closed with resolution \"Fixed\""
        }
    ]
}