{
    "issue": {
        "title": "CTL-396: ConfigurationService in .NET doesn't save modified settings",
        "body": "Jira issue originally created by user @geertvanhorrik:\n\nSee http:\/\/stackoverflow.com\/questions\/4216809\/configurationmanager-doesnt-save-settings",
        "created_at": "2014-03-24T09:57:44Z",
        "closed": true,
        "labels": [
            "Bug"
        ],
        "milestone": 12,
        "assignee": "geertvanhorrik"
    },
    "comments": [
        {
            "created_at": "2014-09-11T17:20:44Z",
            "body": "Comment created by @geertvanhorrik:\n\nFixed."
        },
        {
            "created_at": "2014-09-11T17:20:44Z",
            "body": "Issue was closed with resolution \"Fixed\""
        }
    ]
}