{
    "issue": {
        "title": "CTL-446: Create InteractivityManager to allow events when behaviors are created",
        "body": "Jira issue originally created by user @geertvanhorrik:\n\nAllow events when behaviors are created \/ attached.",
        "created_at": "2014-05-27T14:43:10Z",
        "closed": true,
        "labels": [
            "Task"
        ],
        "milestone": 12,
        "assignee": "geertvanhorrik"
    },
    "comments": [
        {
            "created_at": "2014-05-27T15:47:49Z",
            "body": "Comment created by @geertvanhorrik:\n\nDocumentation added."
        },
        {
            "created_at": "2014-05-27T15:48:42Z",
            "body": "Comment created by @geertvanhorrik:\n\nDone."
        },
        {
            "created_at": "2014-05-27T15:48:42Z",
            "body": "Issue was closed with resolution \"Fixed\""
        }
    ]
}