{
    "issue": {
        "title": "CTL-519: Reference errors. Microsoft.Bcl",
        "body": "Jira issue originally created by user jens_weller:\n\nStarted discussion at: https:\/\/catelproject.atlassian.net\/browse\/[CTL-471](https:\/\/catelproject.atlassian.net\/browse\/CTL-471)",
        "created_at": "2014-08-29T14:30:40Z",
        "closed": true,
        "labels": [
            "Bug"
        ],
        "milestone": 12,
        "assignee": "geertvanhorrik"
    },
    "comments": [
        {
            "created_at": "2014-08-29T14:31:37Z",
            "body": "Comment created by jens_weller:\n\nHow to add the project. Zipped the project has 22 MB ??"
        },
        {
            "created_at": "2014-08-29T14:32:05Z",
            "body": "Comment created by @geertvanhorrik:\n\nRemove all packages. NuGet will restore them. Also remove bin\/obj folders."
        },
        {
            "created_at": "2014-08-29T14:35:15Z",
            "body": "Comment created by jens_weller:\n\nOk. I hope the error also exists if your nuget restore the files."
        },
        {
            "created_at": "2014-08-29T14:37:24Z",
            "body": "Comment created by @geertvanhorrik:\n\nPackages are restored => Rebuild all => works. What vs version are you using?"
        },
        {
            "created_at": "2014-08-29T14:41:49Z",
            "body": "Comment created by jens_weller:\n\n"
        },
        {
            "created_at": "2014-08-29T14:46:07Z",
            "body": "Comment created by @geertvanhorrik:\n\nYes, I get warnings ,but it succeeds to build so that's ok."
        },
        {
            "created_at": "2014-08-29T14:50:02Z",
            "body": "Comment created by @geertvanhorrik:\n\nThen I remove all nuget packages, and do the following:\r\n\r\n1) Manage nuget packages\r\n2) Search for Catel.Extensions.Controls (prerelease)\r\n3) Install\r\n\r\nWarnings are gone. See attached project."
        },
        {
            "created_at": "2014-08-29T14:58:41Z",
            "body": "Comment created by jens_weller:\n\nConfused. But I make a Little error in my example Project. I added the wrong class library type. Without wpf.\r\nI canged my poject. And used a catelusercontrol. Then I get the error catel:usercontrol not found.\r\n\r\nI added the changed example."
        },
        {
            "created_at": "2014-08-30T22:50:12Z",
            "body": "Comment created by @geertvanhorrik:\n\nSame behavior as before, works."
        },
        {
            "created_at": "2014-08-30T22:50:50Z",
            "body": "Comment created by @geertvanhorrik:\n\nSee attachment."
        },
        {
            "created_at": "2014-08-30T22:51:33Z",
            "body": "Comment created by @geertvanhorrik:\n\nClosing this issue as cannot reproduce. I can help you out, but this has nothing to do with Catel so that is custom consultancy."
        },
        {
            "created_at": "2014-09-01T08:17:14Z",
            "body": "Comment created by jens_weller:\n\nHi. Ok\r\n\r\nNow it works. But why. And how to solve this problem in my real solution."
        },
        {
            "created_at": "2014-09-01T09:29:40Z",
            "body": "Comment created by jens_weller:\n\nOk. Turn the light on! :-)\r\n\r\nI compared the fixed project with original.\r\n\r\nOne difference in the .csproj file.\r\n\r\n  <Import Project=\"..\\packages\\Microsoft.Bcl.Build.1.0.14\\tools\\Microsoft.Bcl.Build.targets\" Condition=\"Exists('..\\packages\r\n...\r\n\r\nDou you add this section. Or is this added automaticaly from nuget?"
        },
        {
            "created_at": "2014-09-01T11:59:18Z",
            "body": "Comment created by @geertvanhorrik:\n\nI just installed the package, I didn't manually edit anything."
        },
        {
            "created_at": "2014-09-01T13:14:02Z",
            "body": "Comment created by jens_weller:\n\nStrange. I added this section to my real project. And it works now.\r\n\r\nExcept one warning: \r\n\r\nWarning\t1\tAll projects referencing ConfiguratorControl.csproj must install nuget package Microsoft.Bcl.Build. For more information, see http:\/\/go.microsoft.com\/fwlink\/?LinkID=317569.\tConfigurator\r\n\r\nDo you also get this warning in the fixed example?\r\n\r\n\r\n"
        },
        {
            "created_at": "2014-09-01T13:27:32Z",
            "body": "Comment created by @geertvanhorrik:\n\nI don't think so, but you can ignore it anyway, it's something MS should fix since it is not required anyway."
        },
        {
            "created_at": "2014-09-01T13:31:40Z",
            "body": "Comment created by jens_weller:\n\nOk. \r\n\r\nAnyway its still strange why your nuget or vs add this section to the .csproj file, but not my.\r\n\r\nI think I have to live with that :-)"
        },
        {
            "created_at": "2014-09-17T08:01:20Z",
            "body": "Comment created by jens_weller:\n\nI think I have found the problem.\r\n\r\nBCL add this lines to the project via Postscript.\r\n\r\nIf I try to install BCL with the the package manager console: I get the error that the script can not be installed because its not digital signed.\r\nBut how to solve I don't know."
        },
        {
            "created_at": "2014-09-17T10:40:34Z",
            "body": "Comment created by @geertvanhorrik:\n\nGoogle is your friend."
        },
        {
            "created_at": "2014-08-30T22:51:33Z",
            "body": "Issue was closed with resolution \"Cannot Reproduce\""
        }
    ]
}