{
    "issue": {
        "title": "CTL-226: Nested ICollection<IInterfce> XML serialization problem",
        "body": "Jira issue originally created by user Towelie:\n\nSee repro.\r\nThis issure is not appears with binary serialization cause of xml specific.\r\nAlso if i change ICollection<ITestContainer> to ICollection<TestContainerA> there is no exception.\r\nThe same with ICollection<TestContainerB> (TestContainerB eq. TestContainerA class).\r\n\r\nException:\r\n{quote}\r\nAn unhandled exception of type 'System.Runtime.Serialization.SerializationException' occurred in System.Runtime.Serialization.dll\r\n\r\nAdditional information: There was an error serializing the object of type System.Collections.ObjectModel.Collection`1[[PrrojectTest.ITestContainer, PrrojectTest, Version=1.0.0.0, Culture=neutral, PublicKeyToken=null]]. The prefix 'd1p1' cannot be redefined from 'http:\/\/schemas.microsoft.com\/2003\/10\/Serialization\/Arrays' to 'http:\/\/schemas.datacontract.org\/2004\/07\/PrrojectTest' within the same start element tag.\r\n{quote}",
        "created_at": "2013-11-06T23:43:53Z",
        "closed": true,
        "labels": [
            "Bug"
        ],
        "milestone": 15,
        "assignee": "geertvanhorrik"
    },
    "comments": [
        {
            "created_at": "2013-11-08T21:27:25Z",
            "body": "Comment created by Towelie:\n\nHi.\r\nI've reserch this problem a bit, but as far as i don't have a lot experience with c# and serialization it was unsuccesfully.\r\nI've tried to set namespaces to collection via [XmlElement]\/[XmlArray] or manually, but, unfortunaly, unsuccessfuly.\r\nI've tried to find other ways to reproduce this problem, via cyclic reference or without Catel, just crate same class with [DataContact] attribute and [DataMember] and serialize with DataContractSerializer, but i newer used it before and my output xml was very strange, with non - human atribute names, so i cant reproduce it.\r\nAlso i can't find some options or ways to disable prefixes in xml.\r\nALso, maybe, if manualy serialize IEnumerable, that would solve the problem, but it's not generic solution and i don't even know how to do it :(\r\nI hope it would be usefull."
        },
        {
            "created_at": "2013-11-09T14:26:55Z",
            "body": "Comment created by @geertvanhorrik:\n\nHmmm, complex issue. I can make it serialize to disk with some tweaks, but then it cannot deserialize. The main reason for this is that under the hood we use the DataContractSerializer. This does not give us the freedom to specify the namespace of a type."
        },
        {
            "created_at": "2013-11-09T15:09:38Z",
            "body": "Comment created by @geertvanhorrik:\n\nGoing to put this away for now. Takes too much time to fix. Might look into this later."
        },
        {
            "created_at": "2013-11-11T12:23:14Z",
            "body": "Comment created by Towelie:\n\nHello.\r\nMy tryings don't give result, also i've wan't to change Property type in realtime and it's not posiible with out code changes and don't think that they are really needed for other users.\r\nI just want to request\/propose move Read\/WriteXml and other serialization out from ModelBase or make them virtual at least to be able serialize Models as i want to."
        },
        {
            "created_at": "2013-11-11T13:07:38Z",
            "body": "Comment created by @geertvanhorrik:\n\nWe did that for the 3.7 release. See https:\/\/catelproject.atlassian.net\/wiki\/display\/CTL\/Customizing+serialization for the docs."
        },
        {
            "created_at": "2013-11-11T13:50:35Z",
            "body": "Comment created by @geertvanhorrik:\n\nCore question is: allow serialization customization. That is already possible so marking this one as a duplicate."
        },
        {
            "created_at": "2013-11-11T19:08:04Z",
            "body": "Comment created by Towelie:\n\nHow can i change type of property only for serialization? I can serialize it with different type and its ok (in SerializerModifierBase.SerializeMember) but i can't to deserialize it with different type cuz at first value reading from xml and assumes that its type same that the property type and only after reading calling DeserializeMember where value already null."
        },
        {
            "created_at": "2013-11-11T22:07:37Z",
            "body": "Comment created by @geertvanhorrik:\n\nWhen it writes away the type and the type to serialize != actual property type, it will store the type that it actually serialized. When going back, you get access to the actual XDocument so you can really deserialize it yourself. "
        },
        {
            "created_at": "2013-11-11T22:07:59Z",
            "body": "Comment created by @geertvanhorrik:\n\nI think I fixed your first problem too though, doing some final tests."
        },
        {
            "created_at": "2013-11-11T23:47:19Z",
            "body": "Comment created by Towelie:\n\nYes. I've just test it and it's work.\r\nIs there any way to remove all this namespaces or some of them?\r\n```xml\r\n<TestContainerA graphid=\"1\" xmlns:ctl=\"http:\/\/catel.codeplex.com\" xmlns:arr=\"http:\/\/schemas.microsoft.com\/2003\/10\/Serialization\/Arrays\">\r\n  <TestContainer xmlns:d1p1=\"http:\/\/schemas.microsoft.com\/2003\/10\/Serialization\/Arrays\" graphid=\"2\" xmlns:arr=\"http:\/\/schemas.microsoft.com\/2003\/10\/Serialization\/Arrays\" type=\"System.Collections.ObjectModel.Collection`1[[PrrojectTest.ITestContainer]]\" xmlns:i=\"http:\/\/www.w3.org\/2001\/XMLSchema-instance\">\r\n    <arr:anyType xmlns:d1p1=\"http:\/\/schemas.datacontract.org\/2004\/07\/PrrojectTest\" i:type=\"d1p1:TestContainerA\">\r\n      <TestContainer xmlns:d1p1=\"http:\/\/schemas.microsoft.com\/2003\/10\/Serialization\/Arrays\" graphid=\"3\" xmlns:arr=\"http:\/\/schemas.microsoft.com\/2003\/10\/Serialization\/Arrays\" type=\"System.Collections.ObjectModel.Collection`1[[PrrojectTest.ITestContainer]]\" xmlns:i=\"http:\/\/www.w3.org\/2001\/XMLSchema-instance\" \/>\r\n    <\/arr:anyType>\r\n  <\/TestContainer>\r\n<\/TestContainerA>\r\n```"
        },
        {
            "created_at": "2013-11-12T08:46:57Z",
            "body": "Comment created by @geertvanhorrik:\n\nSee https:\/\/catelproject.atlassian.net\/browse\/[CTL-229](https:\/\/catelproject.atlassian.net\/browse\/CTL-229), it's also in there."
        },
        {
            "created_at": "2013-11-11T22:09:59Z",
            "body": "Issue was closed with resolution \"Fixed\""
        }
    ]
}