{
    "issue": {
        "title": "CTL-502: Entity Framework - Create DynamicProxies from context",
        "body": "Jira issue originally created by user jgoelten:\n\nBy default the EF-DBContext configurations \"LazyLoadingEnabled\" and \"ProxyCreationEnabled\" are enabled. This options automate loading of related entities. With the IUnitOfWork pattern there is no possibility to directly create entities as proxies, instead the entities have to be added as non-proxies by calling e.g:\r\n\r\n```\r\nvar EntityObj data = new EntityObj();\r\nuow.Add(data);\r\n```\r\n\r\nIf we had access to the DBContext Create() function through the UnitOfWork we could directly create and add proxies to the current IUnitOfWork:\r\n\r\n```\r\nvar EntityObj data = uow.DbContext.EntityObj.Create();\r\nuow.Add(data);\r\n```\r\n\r\nThe advantage of creating and adding proxies is that from the same IUnitOfWork lifecycle we can make use of the lazy loading functionality. If not we do have to create a new IUnitOfWork and retrieve the previously created entity as proxy again.\r\n\r\nBy using a IUnitOfWork object for the live-time of a service class it would be nice if other service functions could make use of the lazyloading feature from newly added proxies.\r\n\r\nAlso the DBContext.Configuration cannot be accessed through the IUnitOfWork (expect through reflection) which would make sense if huge data sets are loaded where e.g \"AutoDetectChangesEnabled\" is disabled due to performance optimization.",
        "created_at": "2014-08-07T09:40:21Z",
        "closed": true,
        "labels": [
            "Improvement"
        ],
        "milestone": 12,
        "assignee": "geertvanhorrik"
    },
    "comments": [
        {
            "created_at": "2014-08-07T10:18:38Z",
            "body": "Comment created by @geertvanhorrik:\n\nI think that bypasses the whole idea of the IUnitOfWork. What we can do is create an IContextAwareUnitOfWork so it adds the additional context configuration options. However, our backlog is really huge so if you can help out, that would be great."
        },
        {
            "created_at": "2014-08-07T11:19:17Z",
            "body": "Comment created by jgoelten:\n\nI agree with you that the publicizing of DBContext property in IUnitOfWork is against the idea of this pattern. LazyLoading is a basic functionality provided by EF which is the reason for my suggestion above. In my opinion an IUnitOfWork is not ment to only be used for one single DB-Access call, instead it could be used for the life-time of a specific service class which provides multiple DAC-functionalities. In a service new entities could be added which have relations to other entities. Proxies allow us that these relations are automatically resolved in the same IUnitOfWork life-time. These dependencies are currently not detected by EF since we add simple POCO's (in code-first). \r\n\r\nI suggest to extend the IEntityRepository<TEntity> interface with a function that allows to create new proxies beside the already existing functions:\r\n\r\n```\r\n\/\/ Implementation in IEntityRepository\r\npublic interface IEntityRepository<TEntity>\r\n{\r\n\/\/ existing functions not are not listed here (Add, Attach, Count, etc...)\r\n\r\nTEntity Create();\r\n}\r\n```\r\n\r\n```\r\n\/\/ Implementation in EntityRepositoryBase\r\npublic virtual TEntity Create()\r\n{\r\nreturn _dbContext.Set<TEntity>().Create();\r\n}\r\n```\r\n\r\nHope I am clear enough with my suggestion. The advantage would be that DBContext is still protected. Let me know if you agree.\r\n"
        },
        {
            "created_at": "2014-08-07T12:17:16Z",
            "body": "Comment created by @geertvanhorrik:\n\nOk, sounds good. Interested in doing a pull request?"
        },
        {
            "created_at": "2014-08-07T12:29:05Z",
            "body": "Comment created by jgoelten:\n\nYes, of course. I am not yet used to do pull requests on github but I'll give it a first try."
        },
        {
            "created_at": "2014-08-07T12:29:55Z",
            "body": "Comment created by @geertvanhorrik:\n\nGreat, thanks. If you need any help, just let me know."
        },
        {
            "created_at": "2014-08-07T14:50:53Z",
            "body": "Comment created by jgoelten:\n\nCreated pull: https:\/\/github.com\/Catel\/Catel\/pull\/32\r\n\r\nIs it right to Fork Catel into my own repo, do changes and create a pull request back to catel repo with the changes compared to catel dev branch? That's how i did it, hope it is the right way."
        },
        {
            "created_at": "2014-08-08T12:07:27Z",
            "body": "Comment created by @geertvanhorrik:\n\nThank you very much, looks great. I have accepted the pull request and it will be included in the next release."
        },
        {
            "created_at": "2014-08-08T12:07:56Z",
            "body": "Issue was closed with resolution \"Fixed\""
        }
    ]
}