{
    "issue": {
        "title": "CTL-435: Serialization of generics",
        "body": "Jira issue originally created by user Towelie:\n\nHi, i'm not shure, but i think Catel have to support serialization of generics.\r\ni've attached repro. It's a bit tricky, because w\/o restarting app it cannot be reproduced (because of TypeCache).\r\nSo, to reproduse it, you have to run app twice. Also you can change line\r\n```\r\nvar data = new TestModel { Value = new Collection<int>() };\r\n```\r\nto\r\n```\r\nvar data = new TestModel { Value = new CustomCollection<int>() };\r\n```\r\nDont forget to delete 'bin\\Debug\\test.xml' when change it.",
        "created_at": "2014-05-05T19:57:35Z",
        "closed": true,
        "labels": [
            "Bug"
        ],
        "milestone": 23,
        "assignee": "geertvanhorrik"
    },
    "comments": [
        {
            "created_at": "2014-05-05T21:47:41Z",
            "body": "Comment created by @geertvanhorrik:\n\nCan you double check the attachment? I cannot find it."
        },
        {
            "created_at": "2014-05-06T13:03:02Z",
            "body": "Comment created by Towelie:\n\nrepro"
        },
        {
            "created_at": "2014-05-06T19:22:04Z",
            "body": "Comment created by @geertvanhorrik:\n\nInvestigating."
        },
        {
            "created_at": "2014-05-06T19:27:18Z",
            "body": "Comment created by @geertvanhorrik:\n\nWe had this issue before: [CTL-226](https:\/\/catelproject.atlassian.net\/browse\/CTL-226) \r\n\r\nHard to support... One thing I did in the past was to get rid of the DataContractSerializer and serialize manually to get rid of all issues. However this might not work for all cases and I don't want to break WCF services. But it is really tempting..."
        },
        {
            "created_at": "2014-05-06T19:28:25Z",
            "body": "Comment created by @geertvanhorrik:\n\nMoving to 4.1. Too big for current scope."
        },
        {
            "created_at": "2015-05-05T13:05:28Z",
            "body": "Comment created by @geertvanhorrik:\n\nWe made a lot of improvements to the serialization engine. Can you please check if this is now supported as you want? Note that we now support Binary, Xml and Json."
        },
        {
            "created_at": "2015-05-05T13:09:42Z",
            "body": "Comment created by @geertvanhorrik:\n\nShould be fixed."
        },
        {
            "created_at": "2015-05-05T13:09:42Z",
            "body": "Issue was closed with resolution \"Fixed\""
        }
    ]
}