{
    "issue": {
        "title": "CTL-515: Implement validation members explicitly on ModelBase so clean up most rarely used members",
        "body": "Jira issue originally created by user @geertvanhorrik:\n\nThe following properties should be hidden by default:\r\n\r\n*ValidationContext\r\n* HasErrors\r\n* HasWarnings\r\n* HasFieldErrors\r\n* HasBusinessruleErrors\r\n\r\netc",
        "created_at": "2014-08-26T13:02:23Z",
        "closed": true,
        "labels": [
            "Task"
        ],
        "milestone": 12,
        "assignee": "geertvanhorrik"
    },
    "comments": [
        {
            "created_at": "2014-08-26T13:19:59Z",
            "body": "Comment created by @geertvanhorrik:\n\nIntroducing IModelValidation for all validation properties and methods."
        },
        {
            "created_at": "2014-08-26T13:29:29Z",
            "body": "Comment created by @geertvanhorrik:\n\nIntroducing IModelSerialization for all serialization members"
        },
        {
            "created_at": "2014-08-26T14:51:00Z",
            "body": "Comment created by @geertvanhorrik:\n\nDocumented changes: https:\/\/catelproject.atlassian.net\/wiki\/display\/CTL\/Catel+4.0.0"
        },
        {
            "created_at": "2014-08-26T19:35:02Z",
            "body": "Comment created by @geertvanhorrik:\n\nDone."
        },
        {
            "created_at": "2014-08-26T19:35:02Z",
            "body": "Issue was closed with resolution \"Fixed\""
        }
    ]
}