{
    "issue": {
        "title": "CTL-219: WP8: NotImplementedException on NavigationService.RemoveBackEntry",
        "body": "Jira issue originally created by user fg_garda:\n\nI tried to use RemoveBackEntry on NavigationService but I got NotImplementedException: the error is quite clear; in fact, in the source code of Catel this method is not implemented for SILVERLIGHT, even if the RootFrame is implemented correctly for WINDOWS_PHONE. \r\n\r\nI think the problem is due to the fact that in the WP8 projects are defined two symbols: SILVERLIGHT and WINDOWS_PHONE. So, this code fails:\r\n\r\n```\r\n        public virtual void RemoveBackEntry()\r\n        {\r\n#if NETFX_CORE\r\n            throw new NotImplementedException();\r\n#elif SILVERLIGHT\r\n            throw new NotImplementedException();\r\n#else\r\n            RootFrame.RemoveBackEntry();\r\n#endif\r\n        }\r\n```\r\n\r\nFor now I created and registered this service:\r\n\r\n```\r\n\tpublic class NavigationService : Catel.MVVM.Services.NavigationService\r\n\t{\r\n\t\tMicrosoft.Phone.Controls.PhoneApplicationFrame _rootFrame;\r\n\r\n\t\tpublic override void RemoveBackEntry()\r\n\t\t{\r\n\t\t\tif(_rootFrame == null)\r\n\t\t\t\t_rootFrame = Application.Current.RootVisual as Microsoft.Phone.Controls.PhoneApplicationFrame;\r\n\r\n\t\t\t_rootFrame.RemoveBackEntry();\r\n\t\t}\r\n\t}\r\n```\r\n\r\nThanks.",
        "created_at": "2013-11-01T01:43:43Z",
        "closed": true,
        "labels": [
            "Bug"
        ],
        "milestone": 15,
        "assignee": "geertvanhorrik"
    },
    "comments": [
        {
            "created_at": "2013-11-01T14:21:23Z",
            "body": "Comment created by @geertvanhorrik:\n\nImplemented all back entry members for Windows Phone."
        },
        {
            "created_at": "2013-11-01T14:22:47Z",
            "body": "Comment created by @geertvanhorrik:\n\nDone."
        },
        {
            "created_at": "2013-11-02T00:15:16Z",
            "body": "Comment created by fg_garda:\n\nThanks. Can I help you to fix this kind of errors?"
        },
        {
            "created_at": "2013-11-02T11:39:14Z",
            "body": "Comment created by @geertvanhorrik:\n\nThere are several ways you can help. 1 is to create issues here like you did and provide the solution, so thanks for that!\r\n\r\nIf you are familiar with git (Catel uses git), then you can simply fork Catel and keep yourself up-to-date with the latest code. If you have a changeset that you think might help, you can create a pull request.We will then review the pull request and if it's good, we will accept it."
        },
        {
            "created_at": "2013-11-01T14:22:47Z",
            "body": "Issue was closed with resolution \"Fixed\""
        }
    ]
}