{
    "issue": {
        "title": "CTL-178: == operator in ModelBase ",
        "body": "Jira issue originally created by user metasong:\n\nthe default equals methord of Catel.Data.ModelBase compares the properties(PropertyData) in it's PropertyBag\r\nwhen not using PropertyData to define property PropertyBag the bag is empty and the same type object will be equal\r\nso when PropertyBag is empty we should using the default object equals methord!",
        "created_at": "2013-09-24T05:54:13Z",
        "closed": true,
        "labels": [
            "Bug"
        ],
        "milestone": 16,
        "assignee": "geertvanhorrik"
    },
    "comments": [
        {
            "created_at": "2013-09-24T07:31:43Z",
            "body": "Comment created by metasong:\n\nnot sure whether or not the property bag is the source of the problem after I creat a PropertData property with different default valus and the problem is the same.\r\nwhat I do:\r\n\r\n```\r\nViewModelBaseDerivedTypeA a1,a2;\r\nObservableCollection<ViewModelBaseDerivedTypeA> C;\r\n```\r\n\r\nthen I add a1, a2.\r\n\r\n```\r\nvoid addToC(ViewModelBaseDerivedTypeA a){\r\nif(!C.Contains(a)) C.Add(a);\r\n}\r\n```\r\n\r\nbut only a1 is added to C;\r\nafter I overide the Equals methord in ViewModelBaseDerivedTypeA \r\n\r\n```\r\npublic override bool Equals(object obj)\r\n        {\r\n            return this == obj;\r\n        }\r\n```\r\n\r\na1 a2 is added to C.\r\nthen what's the problem, many thanks!!"
        },
        {
            "created_at": "2013-09-25T20:17:23Z",
            "body": "Comment created by @geertvanhorrik:\n\nI do not fully understand your issue. Can you explain again or provide a failing unit test?"
        },
        {
            "created_at": "2013-09-26T07:27:40Z",
            "body": "Comment created by metasong:\n\nnow I use this method instead the default Contains methord of ICollection<T> to solve the problem.\r\n\r\n```\r\n public static bool Contains_CompareByReference<T>(this IEnumerable<T> collection, T item)\r\n        {\r\n            foreach (var document in collection)\r\n            {\r\n                if (object.ReferenceEquals(document, item))\r\n                {\r\n                    return true;\r\n                }\r\n            }\r\n            return false;\r\n        }\r\n```"
        },
        {
            "created_at": "2013-09-26T07:50:56Z",
            "body": "Comment created by metasong:\n\n```\r\nusing Catel.Data;\r\nusing System.Collections.ObjectModel;\r\nusing System.Collections.Generic;\r\nnamespace WpfApplication1\r\n{\r\n    public static class MyClassaa\r\n    {\r\n        public static bool Contains_CompareByReference<T>(this IEnumerable<T> collection, T item)\r\n        {\r\n            foreach (var document in collection)\r\n            {\r\n                if (object.ReferenceEquals(document, item))\r\n                { return true; }\r\n            }\r\n            return false;\r\n        }\r\n    }\r\n    public class CatelModelBaseTest\r\n    {\r\n\r\n        void AddToCollection(ObservableCollection<IMyClass> collection, IMyClass m)\r\n        {\r\n            if (!collection.Contains(m))\r\n            {\r\n                collection.Add(m);\r\n            }\r\n        }\r\n        void AddToCollection_CompareByReference(ObservableCollection<IMyClass> collection, IMyClass m)\r\n        {\r\n            if (!collection.Contains_CompareByReference(m))\r\n            {\r\n                collection.Add(m);\r\n            }\r\n        }\r\n        public CatelModelBaseTest()\r\n        {\r\n            ObservableCollection<IMyClass> collection = new ObservableCollection<IMyClass>();\r\n            var a = new MyClass();\r\n            var b = new MyClass();\r\n            AddToCollection(collection, a);\r\n            AddToCollection(collection, b);\r\n            System.Diagnostics.Debug.Assert(collection.Count == 2);\/\/error\r\n            \/\/Solution1: overide the Equal Methord of myclass \r\n            ObservableCollection<IMyClass> collection1 = new ObservableCollection<IMyClass>();\r\n            var a1 = new MyClass1();\r\n            var b1 = new MyClass1();\r\n            AddToCollection(collection1, a1);\r\n            AddToCollection(collection1, b1);\r\n            System.Diagnostics.Debug.Assert(collection1.Count == 2);\r\n            \/\/Solution2:not using  the default Contains methord of ICollection<T>\r\n            ObservableCollection<IMyClass> collection2 = new ObservableCollection<IMyClass>();\r\n            var a2 = new MyClass1();\r\n            var b2 = new MyClass1();\r\n            AddToCollection_CompareByReference(collection2, a2);\r\n            AddToCollection_CompareByReference(collection2, b2);\r\n            System.Diagnostics.Debug.Assert(collection2.Count == 2);\r\n        }\r\n    }\r\n    public interface IMyClass { }\r\n    public class MyClass : ModelBase, IMyClass\r\n    {\r\n\r\n    }\r\n    public class MyClass1 : ModelBase, IMyClass\r\n    {\r\n        public override bool Equals(object obj)\r\n        {\r\n            return this == obj;\r\n        }\r\n    }\r\n}\r\n```"
        },
        {
            "created_at": "2013-09-26T23:36:28Z",
            "body": "Comment created by @geertvanhorrik:\n\nConverted unit tests and added them to Catel. Currently testing."
        },
        {
            "created_at": "2013-09-26T23:39:08Z",
            "body": "Comment created by @geertvanhorrik:\n\nIt indeed fails on the propertyBag which is empty. If you don't want to use the property bag, then you will have to override the == yourself. Do you have a good reason why you would use the ModelBase without Catel properties and still want to use the == without overriding it?"
        },
        {
            "created_at": "2013-09-26T23:41:00Z",
            "body": "Comment created by @geertvanhorrik:\n\nI am thinking to introduce an IModelComparison which a user can fully customize to his\/her needs."
        },
        {
            "created_at": "2013-09-27T00:09:43Z",
            "body": "Comment created by @geertvanhorrik:\n\nWritten customized EqualityComparer which can no be set per modelbase object. The default one is registered in the ServiceLocator and can be replaced if required (so you can replace the comparer for a single modelbase or for all modelbase instances).\r\n\r\nCurrently testing."
        },
        {
            "created_at": "2013-09-27T00:30:36Z",
            "body": "Comment created by @geertvanhorrik:\n\nModelEqualityComparer.GetHashCode() uses this contain to create even buckets but makes sure that comparisons will keep working:\r\n\r\n```\r\n        \/\/\/ <summary>\r\n        \/\/\/ Returns a hash code for this instance.\r\n        \/\/\/ <\/summary>\r\n        \/\/\/ <param name=\"obj\">The object for which to get a hash code.<\/param>\r\n        \/\/\/ <returns>A hash code for this instance, suitable for use in hashing algorithms and data structures like a hash table.<\/returns>\r\n        public override int GetHashCode(ModelBase obj)\r\n        {\r\n            if (obj == null)\r\n            {\r\n                return 0;\r\n            }\r\n\r\n            var objType = obj.GetType();\r\n            return objType.FullName.GetHashCode();\r\n        }\r\n```"
        },
        {
            "created_at": "2013-09-27T05:47:22Z",
            "body": "Comment created by metasong:\n\nThanks!"
        },
        {
            "created_at": "2013-09-27T12:13:24Z",
            "body": "Comment created by @geertvanhorrik:\n\nDone, is available in the latest nightly build."
        },
        {
            "created_at": "2013-09-27T12:13:24Z",
            "body": "Issue was closed with resolution \"Fixed\""
        }
    ]
}