{
    "issue": {
        "title": "CTL-344: Rename Environment to CatelEnvironment",
        "body": "Jira issue originally created by user @geertvanhorrik:\n\nEnvironment is too clashy. Must be a different name.",
        "created_at": "2014-02-13T19:25:49Z",
        "closed": true,
        "labels": [
            "Improvement"
        ],
        "milestone": 12,
        "assignee": "geertvanhorrik"
    },
    "comments": [
        {
            "created_at": "2014-02-20T14:09:14Z",
            "body": "Comment created by @geertvanhorrik:\n\nDone."
        },
        {
            "created_at": "2014-02-20T14:09:14Z",
            "body": "Issue was closed with resolution \"Fixed\""
        }
    ]
}