{
    "issue": {
        "title": "CTL-487: TypeHelper doesn't always return the right typename \/ assemblyname",
        "body": "Jira issue originally created by user @geertvanhorrik:\n\nFor example, when generic types are used, it sometimes returns the wrong value.",
        "created_at": "2014-07-14T13:22:31Z",
        "closed": true,
        "labels": [
            "Bug"
        ],
        "milestone": 12,
        "assignee": "geertvanhorrik"
    },
    "comments": [
        {
            "created_at": "2014-07-14T13:22:42Z",
            "body": "Comment created by @geertvanhorrik:\n\nFirst writing unit tests."
        },
        {
            "created_at": "2014-07-14T14:24:08Z",
            "body": "Comment created by @geertvanhorrik:\n\nFirst fixes committed."
        },
        {
            "created_at": "2014-08-11T14:11:53Z",
            "body": "Issue was closed with resolution \"Fixed\""
        }
    ]
}