{
    "issue": {
        "title": "CTL-362: Cache result of GetSerializableMembers in SerializerBase",
        "body": "Jira issue originally created by user @geertvanhorrik:\n\nCache the call to GetSerializableMembers.",
        "created_at": "2014-02-24T15:08:49Z",
        "closed": true,
        "labels": [
            "Improvement"
        ],
        "milestone": 12,
        "assignee": "geertvanhorrik"
    },
    "comments": [
        {
            "created_at": "2014-02-24T19:55:54Z",
            "body": "Comment created by @geertvanhorrik:\n\nNote that it also puts in the value. It should be cached on 3 levels:\r\n\r\n1) FieldInfo\r\n2) PropertyInfo\r\n3) Catel properties"
        },
        {
            "created_at": "2014-03-08T15:11:15Z",
            "body": "Comment created by @geertvanhorrik:\n\nDone."
        },
        {
            "created_at": "2014-03-08T15:11:15Z",
            "body": "Issue was closed with resolution \"Fixed\""
        }
    ]
}