{
    "issue": {
        "title": "CTL-158: Can't close view from viewModel",
        "body": "Jira issue originally created by user JanD:\n\nRefering to the issue, described here.\r\n\r\nhttps:\/\/catel.codeplex.com\/discussions\/453811\r\n\r\nIn my current project im not able to close the view from my viewmodel.\r\nit worked in my previous project though.\r\n\r\nCreated a new catel project and just added a button with a command that calls:\r\nCloseViewModel(true);\r\n\r\n..and nothing happens, view stays open. No idea whats wrong.\r\nWhen I click the close button I get follow output in visual studio:\r\n\r\n01:48:16:526 => [DEBUG] [Catel.MVVM.ViewModelManager] Unregistering all models of view model 'MainWindowViewModel' (id = '1')\r\n01:48:16:527 => [DEBUG] [Catel.MVVM.ViewModelManager] Unregistered all '0' models of view model 'MainWindowViewModel' (id = '1')\r\n01:48:16:533 => [DEBUG] [Catel.Messaging.MessageMediator] Unregistered '0' handlers for the recipient with tag 'null'\r\n01:48:16:545 => [DEBUG] [Catel.MVVM.ViewModelCommandManager] Unregistering commands on view model 'WPFApplication1.ViewModels.MainWindowViewModel' with unique identifier '1'\r\n01:48:16:546 => [DEBUG] [Catel.MVVM.ViewModelCommandManager] Unregistered commands on view model 'WPFApplication1.ViewModels.MainWindowViewModel' with unique identifier '1'\r\n01:48:16:548 => [DEBUG] [Catel.MVVM.ViewModelCommandManager] Disposing commands on view model 'WPFApplication1.ViewModels.MainWindowViewModel' with unique identifier '1'\r\n01:48:16:549 => [DEBUG] [Catel.MVVM.ViewModelCommandManager] Disposed commands on view model 'WPFApplication1.ViewModels.MainWindowViewModel' with unique identifier '1'\r\n\"WPFApplication1.vshost.exe\" (Verwaltet (v4.0.30319)): \"C:\\Windows\\Microsoft.Net\\assembly\\GAC*MSIL\\PresentationFramework.resources\\v4.0_4.0.0.0_de*31bf3856ad364e35\\PresentationFramework.resources.dll\" geladen\r\nA first chance exception of type \"System.InvalidOperationException\" accured in PresentationFramework.dll.\r\n\"WPFApplication1.vshost.exe\" (Verwaltet (v4.0.30319)): \"C:\\Windows\\Microsoft.Net\\assembly\\GAC*MSIL\\mscorlib.resources\\v4.0_4.0.0.0_de*b77a5c561934e089\\mscorlib.resources.dll\" geladen\r\nA first chance exception of type \"System.Reflection.TargetInvocationException\" occured in mscorlib.dll.\r\nWPFApplication1.vshost.exe Warning: 0 : 01:48:16:682 => [WARNING] [Catel.Windows.Controls.MVVMProviders.Logic.WindowLogic] Failed to set the 'DialogResult' property of window type 'MainWindow'\r\nWPFApplication1.vshost.exe Information: 0 : 01:48:16:684 => [INFO] [Catel.MVVM.ViewModelBase] Closed view model 'WPFApplication1.ViewModels.MainWindowViewModel'\r\n01:48:16:686 => [DEBUG] [Catel.MVVM.ManagedViewModel] Removed view model instance, currently containing '0' instances of type 'WPFApplication1.ViewModels.MainWindowViewModel'\r\n",
        "created_at": "2013-08-20T08:33:08Z",
        "closed": true,
        "labels": [
            "Bug"
        ],
        "milestone": 16,
        "assignee": "geertvanhorrik"
    },
    "comments": [
        {
            "created_at": "2013-08-22T23:09:53Z",
            "body": "Comment created by @geertvanhorrik:\n\nWhen I try this with the latest nightly build, it works."
        },
        {
            "created_at": "2013-08-22T23:11:20Z",
            "body": "Comment created by @geertvanhorrik:\n\nCan you verify this with the latest nightly build, available via nuget?"
        },
        {
            "created_at": "2013-08-23T08:15:22Z",
            "body": "Comment created by JanD:\n\nConfirmed, works with latest version you can get over nuget.\nThanks!"
        },
        {
            "created_at": "2013-09-23T17:19:30Z",
            "body": "Comment created by nicolo:\n\nStrange, I downloaded this and started it and the View doesn't close on CloseViewModel. After update of the catel libraries to the latest build the MainWindow still stays open."
        },
        {
            "created_at": "2013-09-23T17:31:59Z",
            "body": "Comment created by nicolo:\n\nUups, that was to hurried. I installed the latest version from Nuget and forgot to update then to the latest prerelease. With the latest build the issue is gone. Sorry for the confusion."
        },
        {
            "created_at": "2013-08-23T09:49:38Z",
            "body": "Issue was closed with resolution \"Fixed\""
        }
    ]
}