{
    "issue": {
        "title": "CTL-1012: MediaElementThreadInfo creates leak when Disposed",
        "body": "Jira issue originally created by user batoma84:\n\nMediaElementThreadFactory.CreateMediaElementsOnWorkerThread creates a new thread which upon starting, instantiates a new VisualTargetPresentationSource.\r\n\r\nThe VisualTargetPresentationSource inside its constructor creates a VisualTarget object which will register itself in a new MediaContext via RegisterICompositionTarget.\r\n\r\nOn Dispose(), the MediaElementThreadInfo will just terminate the thread, but will not trigger a call to UnregisterICompositionTarget. \r\nThis will allow the MediaContext to remain rooted and to keep a reference to the provided HostVisual, which in term will keep a reference to its parents, etc..",
        "created_at": "2017-02-17T13:36:07Z",
        "closed": false,
        "labels": [
            "Bug"
        ],
        "milestone": 1,
        "assignee": "geertvanhorrik"
    },
    "comments": [
        {
            "created_at": "2017-02-17T13:37:18Z",
            "body": "Comment created by batoma84:\n\nMarked initially as Major since the leak size depends on the hierarchical dept of the HostVisual."
        },
        {
            "created_at": "2017-02-17T13:42:16Z",
            "body": "Comment created by @geertvanhorrik:\n\nGood point, thanks for the research. Interested in doing a PR?"
        }
    ]
}