{
    "issue": {
        "title": "CTL-431: Catel.ReSharper gives 404 when installing via plugin manager",
        "body": "Jira issue originally created by user @geertvanhorrik:\n\n",
        "created_at": "2014-04-30T13:08:06Z",
        "closed": true,
        "labels": [
            "Bug"
        ],
        "milestone": 12,
        "assignee": "geertvanhorrik"
    },
    "comments": [
        {
            "created_at": "2014-04-30T13:09:05Z",
            "body": "Comment created by @geertvanhorrik:\n\nI have deleted the comment on the docs because it doesn't add information to the documentation."
        },
        {
            "created_at": "2014-05-06T15:35:11Z",
            "body": "Comment created by derigel:\n\nHi guys!\r\nThat was problem in ReSharper Gallery, now it's fixed."
        },
        {
            "created_at": "2014-05-06T15:36:48Z",
            "body": "Comment created by @geertvanhorrik:\n\nThanks for the feedback! Will close the issue."
        },
        {
            "created_at": "2014-05-06T15:36:57Z",
            "body": "Comment created by @geertvanhorrik:\n\nFixed by the R# team."
        },
        {
            "created_at": "2014-05-06T15:36:57Z",
            "body": "Issue was closed with resolution \"Fixed\""
        }
    ]
}