{
    "issue": {
        "title": "CTL-189: EventToCommand and Infragistics xamdatagrid ",
        "body": "Jira issue originally created by user jens_weller:\n\nSee discussion \r\n\r\nhttps:\/\/catel.codeplex.com\/discussions\/461491",
        "created_at": "2013-10-10T11:40:47Z",
        "closed": true,
        "labels": [
            "Bug"
        ],
        "milestone": 15,
        "assignee": "geertvanhorrik"
    },
    "comments": [
        {
            "created_at": "2013-10-10T13:43:28Z",
            "body": "Comment created by IvanKupriyanov:\n\nWe have same issue with EventToCommand. When we press Ctrl Shit or Alt control become disabled. Even if window is background"
        },
        {
            "created_at": "2013-10-10T20:55:39Z",
            "body": "Comment created by @geertvanhorrik:\n\nPlease provide a small repro, then I can fix it."
        },
        {
            "created_at": "2013-10-18T19:53:11Z",
            "body": "Comment created by @geertvanhorrik:\n\nCan you reproduce this in the latest nightly build?"
        },
        {
            "created_at": "2013-11-02T13:36:49Z",
            "body": "Comment created by nicolo:\n\nI encountred this problem with EventToCommand with TabControl. I believe it was related to the *DisableAssociatedObjectOnCannotExecute_ argument in the View and the _CanExecute_ method of the ViewModel command. Try to set _DisableAssociatedObjectOnCannotExecute* to false."
        },
        {
            "created_at": "2013-11-12T10:04:17Z",
            "body": "Comment created by jens_weller:\n\nHello Nicolo\r\nIf I set DisableAssociatedObjectOnCannotExecute to false it works as expected. But I don't realy understand why."
        },
        {
            "created_at": "2013-11-02T13:13:46Z",
            "body": "Issue was closed with resolution \"Cannot Reproduce\""
        }
    ]
}