{
    "issue": {
        "title": "CTL-498: Keybinding with CommandParameter",
        "body": "Jira issue originally created by user jens_weller:\n\nSee discussion: \r\n\r\nhttp:\/\/catel.codeplex.com\/discussions\/553827",
        "created_at": "2014-07-28T11:35:13Z",
        "closed": true,
        "labels": [
            "Bug"
        ],
        "assignee": "geertvanhorrik"
    },
    "comments": [
        {
            "created_at": "2014-08-19T20:08:17Z",
            "body": "Comment created by @geertvanhorrik:\n\nif \"fails\" on this line:\r\n\r\n```\r\n            if (!(parameter is TExecuteParameter))\r\n            {\r\n                parameter = default(TExecuteParameter);\r\n            }\r\n```\r\n\r\nparameter is a string, not an int. I do not consider this a bug."
        },
        {
            "created_at": "2014-08-19T20:08:43Z",
            "body": "Comment created by @geertvanhorrik:\n\nBy design, use either string \/ object as parameter **or** create a pull request."
        },
        {
            "created_at": "2014-08-19T20:08:43Z",
            "body": "Issue was closed with resolution \"Won't Fix\""
        }
    ]
}