{
    "issue": {
        "title": "CTL-136: Upgrade all examples to NET45 and SL5",
        "body": "Jira issue originally created by user @geertvanhorrik:\n\nUpgrade all examples",
        "created_at": "2013-07-27T15:44:53Z",
        "closed": true,
        "labels": [
            "Task"
        ],
        "milestone": 16,
        "assignee": "geertvanhorrik"
    },
    "comments": [
        {
            "created_at": "2013-07-27T18:07:09Z",
            "body": "Comment created by @geertvanhorrik:\n\nDone."
        },
        {
            "created_at": "2013-07-27T18:07:09Z",
            "body": "Issue was closed with resolution \"Fixed\""
        }
    ]
}