{
    "issue": {
        "title": "CTL-124: StackOverflow with property changed notification",
        "body": "Jira issue originally created by user MartinTherriault:\n\nSee the attached reproduction sample. I omitted the packages folder to limit the size of the attachment. It uses 3.6\r\n\r\nWhen run, select another item in the ListView to get the StackOverflowException.\r\n\r\nI tried it against the July 13th build and get the same result. It used to work in 3.4\r\n\r\nI did some tests and debugging sessions and the sample contains the strict minimum to reproduce the issue. The MainWindowViewModel Initialize function contains commented code that will work and the code that do not. Removing the \"Expose\" from the MainWindowVM or the String property from the FooModel make it work, but it is not really an option.\r\n \r\nIn my real application, I end up in the case that do not work since the models are built by an object mapper from objects sent over WCF.\r\n",
        "created_at": "2013-07-18T15:21:53Z",
        "closed": true,
        "labels": [
            "Bug"
        ],
        "milestone": 16,
        "assignee": "geertvanhorrik"
    },
    "comments": [
        {
            "created_at": "2013-07-20T13:13:04Z",
            "body": "Comment created by @geertvanhorrik:\n\nProblem goes away when I change the 2nd BarModel to Type1. "
        },
        {
            "created_at": "2013-07-20T13:47:14Z",
            "body": "Comment created by @geertvanhorrik:\n\nFound the issue. It's in the PropertyBag. Where everything checks for ReferencesEquals (because you might want to set it to a new, equal different reference), the property bag checks for AreEqual (and the objects are equal)."
        },
        {
            "created_at": "2013-07-20T13:51:32Z",
            "body": "Comment created by @geertvanhorrik:\n\nThank you very much for the reproducable scenario, makes it much easier to fix such an issue."
        },
        {
            "created_at": "2013-07-20T14:04:10Z",
            "body": "Comment created by @geertvanhorrik:\n\nNew nightly build released with a fix."
        },
        {
            "created_at": "2013-07-20T14:04:16Z",
            "body": "Issue was closed with resolution \"Fixed\""
        }
    ]
}