{
    "issue": {
        "title": "CTL-1006: Localized string in tests assertions",
        "body": "Jira issue originally created by user szogun1987:\n\nSome tests checks if localized strings are equal to constant values e.g. TheWarningMethod.Warning_ExceptionWithMessageFormat checks if exception message is equal to \"additional message 1 | [ArgumentNullException] System.ArgumentNullException: Value cannot be null.\\r\\nParameter name: log\" but on non-english operating systems message is different.",
        "created_at": "2017-02-06T09:51:32Z",
        "closed": false,
        "labels": [
            "Bug"
        ],
        "assignee": "geertvanhorrik"
    },
    "comments": [
        {
            "created_at": "2017-02-09T18:00:35Z",
            "body": "Comment created by @geertvanhorrik:\n\nGood point, we should ensure english culture in that unit test (or maybe we should enforce it for all unit tests). What do you think?"
        },
        {
            "created_at": "2017-02-09T18:08:56Z",
            "body": "Comment created by szogun1987:\n\nIn my opinion culture-specific Tests should pass on 2 different cultures (English and some else). Those cultures should be enforced."
        }
    ]
}