{
    "issue": {
        "title": "CTL-23: Return same instances of multiple retrieved repositories in UnitOfWork",
        "body": "Jira issue originally created by user @geertvanhorrik:\n\nIt now resolves the instance like it is registered in the service locator. It should however retrieve services for a single unit of work.",
        "created_at": "2013-03-10T16:43:46Z",
        "closed": false,
        "labels": [
            "Task"
        ],
        "milestone": 23,
        "assignee": "geertvanhorrik"
    },
    "comments": [
        {
            "created_at": "2013-12-24T22:19:56Z",
            "body": "Comment created by @geertvanhorrik:\n\nI think scoping must be introduced in the ServiceLocator for this. Since we will introduce this in 4.0, this issue will be moved to 4.0 as well."
        }
    ]
}