{
    "issue": {
        "title": "CTL-358: Add support for XmlRoot in serialization routine",
        "body": "Jira issue originally created by user ravensorb:\n\nAdd support for XmlRoot in the ModelBase.Load routine.",
        "created_at": "2014-02-23T18:28:48Z",
        "closed": true,
        "labels": [
            "New Feature"
        ],
        "milestone": 12,
        "assignee": "geertvanhorrik"
    },
    "comments": [
        {
            "created_at": "2014-02-23T19:12:24Z",
            "body": "Comment created by @geertvanhorrik:\n\nScheduled for 4.0.0."
        },
        {
            "created_at": "2014-02-23T19:54:24Z",
            "body": "Comment created by @geertvanhorrik:\n\nWe need to retrieve the root + namespace in case a ModelBase is used as root element."
        },
        {
            "created_at": "2014-03-05T17:23:00Z",
            "body": "Comment created by @geertvanhorrik:\n\nFixed."
        },
        {
            "created_at": "2014-03-05T17:23:00Z",
            "body": "Issue was closed with resolution \"Fixed\""
        }
    ]
}