{
    "issue": {
        "title": "CTL-443: PleaseWaitService Displays \"Please wait\" instead of the message",
        "body": "Jira issue originally created by user jens_weller:\n\nHello, I updated to the newest beta. If I call \r\n\r\n  _pleasewaitService.Show(\"My Message\");\r\n\r\nThe PleaseWaitservice displays \"Please Wait\" instead of \"My message\"",
        "created_at": "2014-05-19T11:36:15Z",
        "closed": true,
        "labels": [
            "Bug"
        ],
        "milestone": 12,
        "assignee": "geertvanhorrik"
    },
    "comments": [
        {
            "created_at": "2014-05-19T13:08:39Z",
            "body": "Comment created by jens_weller:\n\nWhats the reason for this:  \"Pull request \/ support only\""
        },
        {
            "created_at": "2014-05-19T13:10:09Z",
            "body": "Comment created by @geertvanhorrik:\n\nI am stopping doing free work for others. If I don't need a feature, it's pull request \/ paid support only."
        },
        {
            "created_at": "2014-05-19T13:19:34Z",
            "body": "Comment created by jens_weller:\n\nOk. Not really understandable for me.\r\n\r\nIts not a feature its a bug. The pleasewait service don't displays the message text. Why provide methods which are not working correctly?"
        },
        {
            "created_at": "2014-05-19T13:21:16Z",
            "body": "Comment created by @geertvanhorrik:\n\nBut I don't need a fix. So you have 2 options:\r\n\r\n1) Fix it yourself with a pull request\r\n2) Get a paid subscription and I will fix it"
        },
        {
            "created_at": "2014-06-03T07:41:41Z",
            "body": "Comment created by jens_weller:\n\nOk. I debugged the Pleasewaitservice.\r\nMaybe it is enough if I comment my results here.\r\n\r\nThe Method Show(string status = \"\") in the PleaseWaitService calls UpdateStatus at least UpdateStatusText() of PleaseWaitHelper. At this time the PleaseWaitWindow is null.\r\n\r\nif (PleaseWaitWindow == null)  {   return; }\r\n\r\nAfter UpdateStatus() -> ShowBusyIndicator() is called. ShowBusyIndicator calls  PleaseWaitHelper.Show() with a empty string as default.\r\nShow(string status = \"\") calls UpdateStatus(status) with the empty string. So the PleasewaitWindow shows the default text: Please wait.\r\n\r\n\r\n\r\n\r\n\r\n\r\n\r\n"
        },
        {
            "created_at": "2014-06-25T14:24:05Z",
            "body": "Comment created by @geertvanhorrik:\n\nSounds like you found the issue. Interested in doing a pull request?"
        },
        {
            "created_at": "2014-06-26T08:45:17Z",
            "body": "Comment created by jens_weller:\n\nYes. But I'am figthing with github.\r\nFor the last  pull request I forked catel. You send my a link how to synchronize my fork with main. \r\nIs this only possible with commandline? Why is this so complex?"
        },
        {
            "created_at": "2014-06-26T09:59:33Z",
            "body": "Comment created by @geertvanhorrik:\n\nIt's not overly complex, it's 2 commands:\r\n\r\n1) add the upstream link (only one time)\r\n2) then every time you want to sync you type \"git pull upstream master\""
        },
        {
            "created_at": "2014-09-11T18:19:33Z",
            "body": "Comment created by @geertvanhorrik:\n\nUse async\/await instead."
        },
        {
            "created_at": "2014-09-16T13:23:40Z",
            "body": "Comment created by jens_weller:\n\nI found the problem and fixed it. But I can not download my own fork via github. Access denied.\r\n\r\nI have only a connection to the main branch. I don't know why?"
        },
        {
            "created_at": "2014-09-16T13:25:22Z",
            "body": "Comment created by @geertvanhorrik:\n\nAccess denied on a download? I think you should try to clone it again because that is something I have never seen before (except on private repos)."
        },
        {
            "created_at": "2014-09-16T14:05:16Z",
            "body": "Comment created by jens_weller:\n\nSorry not correct. I thouht the access is denied by the policies of our company. But thats not the case. I asked my administrator.\r\n\r\nDownload is also not correct. I tried to clone:\r\n\r\nAnd thats the message I get:\r\n\r\nFailed to clone the repository 'jensweller\/Catel' Please Check your internet connection."
        },
        {
            "created_at": "2014-09-16T15:14:48Z",
            "body": "Comment created by jens_weller:\n\nI locked out and locked in again. Now its possible to clone my fork to desktop again.\r\n\r\nThats what I tried now with the following error message\r\n\r\nPS D:\\Projekte\\cateljens\\Catel> git remote add upstream https:\/\/github.com\/Catel\/Catel\r\nfatal: remote upstream already exists."
        },
        {
            "created_at": "2014-09-16T15:47:22Z",
            "body": "Comment created by jens_weller:\n\nMy upstream master is set.\r\n\r\nI add my changes now, and hope everything is fine."
        },
        {
            "created_at": "2014-09-16T16:33:19Z",
            "body": "Comment created by @geertvanhorrik:\n\nYou need to create a pull request in GitHub as well, then I can review it."
        },
        {
            "created_at": "2014-09-17T00:06:53Z",
            "body": "Comment created by @geertvanhorrik:\n\nJust committed a good fix for all platforms."
        },
        {
            "created_at": "2014-09-17T07:20:20Z",
            "body": "Comment created by jens_weller:\n\nOk. So you don't need any more my bugfix?"
        },
        {
            "created_at": "2014-09-17T10:40:57Z",
            "body": "Comment created by @geertvanhorrik:\n\nNope, no longer required. I used it to find the problem, then fixed it."
        },
        {
            "created_at": "2014-09-17T12:13:06Z",
            "body": "Comment created by jens_weller:\n\nOk. Thanks."
        },
        {
            "created_at": "2014-09-17T00:06:53Z",
            "body": "Issue was closed with resolution \"Fixed\""
        }
    ]
}