{
    "issue": {
        "title": "CTL-352: Allow Actions to be registered on the CommandManager",
        "body": "Jira issue originally created by user @geertvanhorrik:\n\nAllow actions to be registered as well instead of commands only.",
        "created_at": "2014-02-18T10:34:55Z",
        "closed": true,
        "labels": [
            "Improvement"
        ],
        "milestone": 12,
        "assignee": "geertvanhorrik"
    },
    "comments": [
        {
            "created_at": "2014-02-18T11:36:19Z",
            "body": "Comment created by @geertvanhorrik:\n\nDone."
        },
        {
            "created_at": "2014-02-18T11:36:19Z",
            "body": "Issue was closed with resolution \"Fixed\""
        }
    ]
}