{
    "issue": {
        "title": "CTL-104: Hide (and Disable) an ListviewItem with Binding to ViewModel",
        "body": "Jira issue originally created by user jens_weller:\n\nAccording to discussion\r\n\r\nhttps:\/\/catel.codeplex.com\/discussions\/446932",
        "created_at": "2013-06-26T20:00:08Z",
        "closed": true,
        "labels": [
            "Bug"
        ],
        "milestone": 15,
        "assignee": "geertvanhorrik"
    },
    "comments": [
        {
            "created_at": "2013-07-25T18:12:19Z",
            "body": "Comment created by @geertvanhorrik:\n\nCan you please provide a reproducable case?"
        },
        {
            "created_at": "2013-10-19T16:18:14Z",
            "body": "Comment created by @geertvanhorrik:\n\nIs there a way to reproduce this? Then we can fix this. Otherwise this will be closed as incomplete."
        },
        {
            "created_at": "2013-11-02T13:13:10Z",
            "body": "Issue was closed with resolution \"Incomplete\""
        }
    ]
}