{
    "issue": {
        "title": "CTL-290: Create IUICompositionService",
        "body": "Jira issue originally created by user @geertvanhorrik:\n\nCreate a new service for Prism IUICompositionService to move the extension methods from IUVisualizerService.",
        "created_at": "2014-01-03T16:06:50Z",
        "closed": true,
        "labels": [
            "Task"
        ],
        "milestone": 12
    },
    "comments": [
        {
            "created_at": "2014-02-04T20:17:42Z",
            "body": "Comment created by @geertvanhorrik:\n\nWhat's the advantage of a separate service?"
        },
        {
            "created_at": "2014-02-05T00:54:07Z",
            "body": "Comment created by @alexfdezsauco:\n\nTestability, enabled to be mocked\r\n\r\nOn 2\/4\/14, Geert van Horrik [Administrator] (JIRA)\r\n"
        },
        {
            "created_at": "2014-03-10T17:38:45Z",
            "body": "Comment created by @alexfdezsauco:\n\nAlmost, done. Documentation is also in progress."
        },
        {
            "created_at": "2014-03-10T18:00:03Z",
            "body": "Comment created by @alexfdezsauco:\n\nDone. Documentation is also updated https:\/\/catelproject.atlassian.net\/wiki\/display\/CTL\/Catel.Extensions.Prism"
        },
        {
            "created_at": "2014-04-10T17:44:31Z",
            "body": "Comment created by @geertvanhorrik:\n\nGreat, thanks!"
        },
        {
            "created_at": "2014-03-10T18:00:03Z",
            "body": "Issue was closed with resolution \"Fixed\""
        }
    ]
}