{
    "issue": {
        "title": "CTL-281: Dissynchronization of properties with VMtoM mapping and deserialization",
        "body": "Jira issue originally created by user Towelie:\n\nHi.\r\nIn attachments small repro, just run it in debug :)\r\nThe problem is with ViewModelToModelMapping.\r\nWhen you map some property and load it from file (deserialize) the property in VM keep reference to old property when in Model already new instance of propery.",
        "created_at": "2013-12-22T02:44:00Z",
        "closed": true,
        "labels": [
            "Bug"
        ],
        "milestone": 13,
        "assignee": "geertvanhorrik"
    },
    "comments": [
        {
            "created_at": "2013-12-22T17:19:12Z",
            "body": "Comment created by @geertvanhorrik:\n\nThanks for providing a repro. This makes it easier to narrow down the issue."
        },
        {
            "created_at": "2013-12-22T17:20:42Z",
            "body": "Comment created by @geertvanhorrik:\n\nThe reason is probably because we enable \"LeanAndMeanModel\" so the serialization is as fast as possible. Therefore it won't trigger and PropertyChanged notifications."
        },
        {
            "created_at": "2013-12-22T17:26:38Z",
            "body": "Comment created by Towelie:\n\nI've tied to set LeanAndMeanModel to true or to folse in ItemsViewModel constructor.\r\nWhen i set it to true, first\r\n            Debug.Assert((binding.DataItem as ItemsViewModel).Items == Items);\r\nalready fail."
        },
        {
            "created_at": "2013-12-22T17:32:49Z",
            "body": "Comment created by @geertvanhorrik:\n\nYep. The reason is that we allow **any* model implement INotifyPropertyChanged. Because of this flexibility, we *must** (and only can) subscribe to changes via the INotifyPropertyChanged interface. Since the serialization disables this for performance reasons the changes in the model aren't being notified.\r\n\r\nI don't see a really good solution for this problem in the current state (because you are \"abusing\" the serialization into a live instance in the vm). I think best is to serialize the properties in a dictionary and set the properties yourself (that is what the serialization engine does as well). Then you can still have the same serialization mechanism **and** have change notifications during deserialization."
        },
        {
            "created_at": "2013-12-22T17:35:39Z",
            "body": "Comment created by @geertvanhorrik:\n\nJust tested it, and this works fine:\r\n\r\nSerialization:\r\n\r\n```\r\nxmlSerializer.SerializeMembers(this, stream);\r\n```\r\n\r\nDeserialization:\r\n\r\n```\r\nvar memberValues = xmlSerializer.DeserializeMembers(GetType(), stream);\r\nforeach (var memberValue in memberValues)\r\n{\r\n\tSetValue(memberValue.Name, memberValue.Value);\r\n}\r\n```"
        },
        {
            "created_at": "2013-12-22T18:11:04Z",
            "body": "Comment created by Towelie:\n\nI've tested :\r\n```\r\n    var xmlSerializer = SerializationFactory.GetXmlSerializer();\r\n    xmlSerializer.Deserialize(this, stream);\r\n\r\n    RaisePropertyChanged(() => Panes);\r\n```\r\n\r\nAnd it's allso work. I think i will stop on this variant.\r\n\r\nAlso about \"abusing\" serialization. I thought it's valid to deserialize live model, because this method is public. Also, may be add RaisePropertyChanged for properties what have been deserialized. And only add it to method whick takes existing model and also add a parametr which can disable this."
        },
        {
            "created_at": "2013-12-22T18:59:12Z",
            "body": "Comment created by @geertvanhorrik:\n\nIt is valid, you just have to know what you are doing. But it seems that you do, so glad you got it all solved now!"
        },
        {
            "created_at": "2013-12-22T18:59:18Z",
            "body": "Issue was closed with resolution \"Fixed\""
        }
    ]
}