{
    "issue": {
        "title": "CTL-453: Remove CommandManager code from Command",
        "body": "Jira issue originally created by user @geertvanhorrik:\n\nCatel automatically re-evaluates the command execution state on each property change. The CommandManager is no longer required.",
        "created_at": "2014-06-03T19:36:17Z",
        "closed": true,
        "labels": [
            "Improvement"
        ],
        "milestone": 12,
        "assignee": "geertvanhorrik"
    },
    "comments": [
        {
            "created_at": "2014-06-03T19:49:13Z",
            "body": "Comment created by @geertvanhorrik:\n\nDone."
        },
        {
            "created_at": "2014-06-03T19:49:13Z",
            "body": "Issue was closed with resolution \"Fixed\""
        }
    ]
}