{
    "issue": {
        "title": "CTL-1015: Implement IOpenFileService for UWP",
        "body": "Jira issue originally created by user @geertvanhorrik:\n\n",
        "created_at": "2017-02-18T11:49:15Z",
        "closed": true,
        "labels": [
            "Task"
        ],
        "milestone": 1,
        "assignee": "geertvanhorrik"
    },
    "comments": [
        {
            "created_at": "2017-02-18T12:05:08Z",
            "body": "Comment created by @geertvanhorrik:\n\nDone."
        },
        {
            "created_at": "2017-02-18T12:05:08Z",
            "body": "Issue was closed with resolution \"Fixed\""
        }
    ]
}