{
    "issue": {
        "title": "CTL-43: Validation annotations at Class level",
        "body": "Jira issue originally created by user facos:\n\n[ValidateMeeting]\r\nclass MeetingModel : ModelBase\r\n{\r\n .....\r\n}\r\n\r\n",
        "created_at": "2013-04-09T15:00:04Z",
        "closed": true,
        "labels": [
            "Improvement"
        ],
        "milestone": 17,
        "assignee": "geertvanhorrik"
    },
    "comments": [
        {
            "created_at": "2013-04-13T12:19:24Z",
            "body": "Comment created by @geertvanhorrik:\n\nHow would this translate into a validator? Can you give us more information how you see this? For example, would the ValidateMeeting provide an IValidator implementation?"
        },
        {
            "created_at": "2013-04-22T19:55:58Z",
            "body": "Comment created by @geertvanhorrik:\n\nconcerning validation at class (entity) level:\n\nhttp:\/\/jeffhandley.com\/archive\/2010\/10\/12\/EntityLevelValidation.aspx\nThis describes it pretty good (especially the first paragraph)\u2026\n"
        },
        {
            "created_at": "2013-05-02T19:00:40Z",
            "body": "Comment created by @geertvanhorrik:\n\nI don't want people having to specify both the validation class and the method. Still considering what's the best way to implement this."
        },
        {
            "created_at": "2013-05-02T19:06:56Z",
            "body": "Comment created by @geertvanhorrik:\n\nNaming conventions are my first thought, but I don't want to force other developers to be forced into a specific naming convention. "
        },
        {
            "created_at": "2013-05-03T00:52:56Z",
            "body": "Comment created by facos:\n\nWould it be possible to support just a ValidationAttribute at entity level?\nI'm also not a friend of specifying both the validation class and the method but\nsince the CustomValidationAttribute is just a derivation of ValidationAttribute\neverybody has the choice to take or not...."
        },
        {
            "created_at": "2013-05-03T21:43:20Z",
            "body": "Comment created by @geertvanhorrik:\n\nImproved the Validator implementation. Now the ModelBase checks once whether a IValidatorProvider is registered in the ServiceLocator. If so, it will automatically get the IValidator from the IValidatorProvider.\n\nIt is still overridable per model."
        },
        {
            "created_at": "2013-05-03T21:59:41Z",
            "body": "Comment created by @geertvanhorrik:\n\nWritten custom AttributeValidatorProvider which caches and should be very, very fast and is registered by default.\n\nNow up to writing unit tests."
        },
        {
            "created_at": "2013-05-04T00:14:10Z",
            "body": "Comment created by @geertvanhorrik:\n\nSee the documentation:\n\nhttps:\/\/catelproject.atlassian.net\/wiki\/display\/CTL\/Validation<ins>via<\/ins>special<ins>model<\/ins>validators"
        },
        {
            "created_at": "2013-05-04T00:23:30Z",
            "body": "Issue was closed with resolution \"Fixed\""
        }
    ]
}