{
    "issue": {
        "title": "CTL-434: Serialization of DynamicModelBase",
        "body": "Jira issue originally created by user Towelie:\n\nHi.\r\nWhen deserializating DynamicObject after reseting cache of Serializer, the SerializationModelInfo returns only compile time declared properties, so you can't to save DynamicObject and load it in another PC\/Session etc. It can be only loaded while the cache, used to serialize it, still alive.",
        "created_at": "2014-05-05T17:57:18Z",
        "closed": true,
        "labels": [
            "Bug"
        ],
        "milestone": 23,
        "assignee": "geertvanhorrik"
    },
    "comments": [
        {
            "created_at": "2014-05-05T17:59:16Z",
            "body": "Comment created by @geertvanhorrik:\n\nI think we can fix that. But that will not be part of 4.0"
        },
        {
            "created_at": "2015-05-05T13:08:28Z",
            "body": "Comment created by @geertvanhorrik:\n\nShould be fixed."
        },
        {
            "created_at": "2015-05-05T13:08:28Z",
            "body": "Issue was closed with resolution \"Fixed\""
        }
    ]
}