{
    "issue": {
        "title": "CTL-467: Async MessageService does not show MessageBox (Task gets never started)",
        "body": "Jira issue originally created by user facos:\n\nHi Geert,\r\n\r\nthe MessageService.ShowMessageBox does not work. It returns a task, but the task is never executed\/started:\r\n\r\nawait ServiceLocator.Default.ResolveType<IMessageService>().ShowError(new Exception(\"foobar\")); <- does not show a MessageBox\r\n\r\nAt the first time i added a task.Start() in MessageService.ShowMessageBox() but it throws an UnauthorizedThreadAccessException.\r\n\r\nTherefore i used the following (puppet task) which works in SL and WPF:\r\n\r\n        protected override Task<MessageResult> ShowMessageBox(string message, string caption = \"\", MessageButton button = MessageButton.OK, MessageImage icon = MessageImage.None)\r\n        {\r\n            var tcs = new TaskCompletionSource<MessageResult>();\r\n            var messageResult = TranslateMessageBoxResult(MessageBox.Show(message, caption, TranslateMessageButton(button)));\r\n            tcs.SetResult(messageResult);\r\n            return tcs.Task;\r\n        }\r\n\r\nCould you please fix it?\r\nThanks a lot!\r\n\r\n",
        "created_at": "2014-06-20T22:43:01Z",
        "closed": true,
        "labels": [
            "Bug"
        ],
        "milestone": 12,
        "assignee": "geertvanhorrik"
    },
    "comments": [
        {
            "created_at": "2014-06-20T23:07:59Z",
            "body": "Comment created by facos:\n\nAn even better version (Thread safe, dispatches all MessageBox calls to the UI Thread if required):\r\n\r\n```\r\n       protected override Task<MessageResult> ShowMessageBox(\r\n            string message,\r\n            string caption = \"\",\r\n            MessageButton button = MessageButton.OK,\r\n            MessageImage icon = MessageImage.None)\r\n        {\r\n            var tcs = new TaskCompletionSource<MessageResult>(); \r\n            \r\n            ServiceLocator.Default.ResolveType<IDispatcherService>().BeginInvokeIfRequired(\r\n                () =>\r\n                    {\r\n                        var messageResult = TranslateMessageBoxResult(MessageBox.Show(message, caption, TranslateMessageButton(button))); \r\n                        tcs.SetResult(messageResult); \r\n                    });\r\n            return tcs.Task; \r\n        } \r\n\r\n```"
        },
        {
            "created_at": "2014-06-22T15:54:18Z",
            "body": "Comment created by @geertvanhorrik:\n\nThanks for this code, I am currently verifying."
        },
        {
            "created_at": "2014-06-22T15:57:42Z",
            "body": "Comment created by @geertvanhorrik:\n\nI think this code won't be executed async when already running on the dispatcher thread. But I think that won't harm too much on WPF \/ SL."
        },
        {
            "created_at": "2014-06-22T17:43:51Z",
            "body": "Comment created by @geertvanhorrik:\n\nFixed."
        },
        {
            "created_at": "2014-06-23T12:26:47Z",
            "body": "Comment created by facos:\n\nMany thanks!"
        },
        {
            "created_at": "2014-06-22T17:43:51Z",
            "body": "Issue was closed with resolution \"Fixed\""
        }
    ]
}