{
    "issue": {
        "title": "CTL-424: CompilerGenerated attribute not available in WP 8.1 (RT)",
        "body": "Jira issue originally created by user @geertvanhorrik:\n\nAlso put this in an extension method instead of using the same code all over again.",
        "created_at": "2014-04-25T11:14:41Z",
        "closed": true,
        "labels": [
            "Bug"
        ],
        "milestone": 12,
        "assignee": "geertvanhorrik"
    },
    "comments": [
        {
            "created_at": "2014-04-29T12:09:37Z",
            "body": "Comment created by @geertvanhorrik:\n\nFixed."
        },
        {
            "created_at": "2014-04-29T12:09:37Z",
            "body": "Issue was closed with resolution \"Fixed\""
        }
    ]
}