{
    "issue": {
        "title": "CTL-348: Make timer period of automatic checking for expired items settable",
        "body": "Jira issue originally created by user DanielKuehner:\n\nThe period of automatic checking for expired items is fixed to 1000ms.\r\nMake this settable throught the constructor so you can specifiy the check period depending on the usage.",
        "created_at": "2014-02-17T11:45:23Z",
        "closed": true,
        "labels": [
            "Improvement"
        ],
        "milestone": 12,
        "assignee": "geertvanhorrik"
    },
    "comments": [
        {
            "created_at": "2014-03-08T16:28:45Z",
            "body": "Comment created by @geertvanhorrik:\n\nAdded this property:\r\n\r\n```\r\n        \/\/\/ <summary>\r\n        \/\/\/ Gets or sets the expiration timer interval.\r\n        \/\/\/ <para \/>\r\n        \/\/\/ The default value is <c>TimeSpan.FromSeconds(1)<\/c>.\r\n        \/\/\/ <\/summary>\r\n        \/\/\/ <value>The expiration timer interval.<\/value>\r\n        TimeSpan ExpirationTimerInterval { get; set; }\r\n```"
        },
        {
            "created_at": "2014-03-08T16:29:15Z",
            "body": "Comment created by @geertvanhorrik:\n\nAlso disabling the timer for caches that don't provide any expiration policy (in other words, will never expire)."
        },
        {
            "created_at": "2014-03-08T17:11:05Z",
            "body": "Comment created by @geertvanhorrik:\n\nImplemented."
        },
        {
            "created_at": "2014-03-08T21:03:50Z",
            "body": "Comment created by DanielKuehner:\n\nSounds great, thx!"
        },
        {
            "created_at": "2014-03-08T17:11:05Z",
            "body": "Issue was closed with resolution \"Fixed\""
        }
    ]
}