{
    "issue": {
        "title": "CTL-301: ChangeNotificationWrapper Reset public method",
        "body": "Jira issue originally created by user facos:\n\nHi Geert, ....sorry for bothering you again :) but it would be cool if you could also refactor  the newly added NotifyCollectionChanged.Reset code in a separate and public function... Thanks!",
        "created_at": "2014-01-17T14:26:10Z",
        "closed": true,
        "labels": [
            "Improvement"
        ],
        "milestone": 13,
        "assignee": "geertvanhorrik"
    },
    "comments": [
        {
            "created_at": "2014-01-17T15:53:46Z",
            "body": "Comment created by @geertvanhorrik:\n\nDone."
        },
        {
            "created_at": "2014-01-17T15:53:46Z",
            "body": "Issue was closed with resolution \"Fixed\""
        }
    ]
}