{
    "issue": {
        "title": "CTL-126: Upgrade support for FluentValidation to 4.0.0.1",
        "body": "Jira issue originally created by user @geertvanhorrik:\n\nUpdated to latest version.",
        "created_at": "2013-07-19T09:29:02Z",
        "closed": true,
        "labels": [
            "Task"
        ],
        "milestone": 16,
        "assignee": "geertvanhorrik"
    },
    "comments": [
        {
            "created_at": "2013-07-19T09:30:34Z",
            "body": "Issue was closed with resolution \"Fixed\""
        }
    ]
}