{
    "issue": {
        "title": "CTL-116: System.BadImageFormatException on catel:Page initialization.",
        "body": "Jira issue originally created by user inTagger:\n\nSystem.BadImageFormatException occurred\r\n  HResult=-2147024885\r\n  Message=An attempt was made to load a program with an incorrect format. (Exception from HRESULT: 0x8007000B)\r\n  Source=mscorlib\r\n  StackTrace:\r\n       at System.Reflection.RuntimeAssembly._nLoad(AssemblyName fileName, String codeBase, Evidence assemblySecurity, RuntimeAssembly locationHint, StackCrawlMark& stackMark, IntPtr pPrivHostBinder, Boolean throwOnFileNotFound, Boolean forIntrospection, Boolean suppressSecurityChecks)\r\n       at System.Reflection.RuntimeAssembly.InternalLoadAssemblyName(AssemblyName assemblyRef, Evidence assemblySecurity, RuntimeAssembly reqAssembly, StackCrawlMark& stackMark, IntPtr pPrivHostBinder, Boolean throwOnFileNotFound, Boolean forIntrospection, Boolean suppressSecurityChecks)\r\n       at System.Reflection.Assembly.Load(AssemblyName assemblyRef)\r\n       at System.AppDomain.GetAssemblies()\r\n       at Catel.Reflection.AssemblyHelper.GetLoadedAssemblies(AppDomain appDomain)\r\n       at Catel.Reflection.AssemblyHelper.GetLoadedAssemblies()\r\n       at Catel.Reflection.TypeCache.InitializeTypes(Boolean forceFullInitialization, Assembly assembly)\r\n       at Catel.Reflection.TypeCache.GetType(String typeName, String assemblyName, Boolean ignoreCase)\r\n       at Catel.Reflection.TypeCache.GetTypeWithoutAssembly(String typeNameWithoutAssembly, Boolean ignoreCase)\r\n       at Catel.MVVM.LocatorBase.Resolve(String valueToResolve)\r\n       at Catel.MVVM.ViewModelLocator.ResolveViewModel(Type viewType)\r\n       at Catel.Windows.Controls.Page..ctor()\r\n       at TaggerMaps.Views.MainPageView..ctor() in e:\\Projects\\TaggerMaps\\src\\TaggerMaps\\TaggerMaps\\Views\\MainPageView.xaml.cs:line 21",
        "created_at": "2013-07-11T14:11:49Z",
        "closed": true,
        "labels": [
            "Bug"
        ],
        "milestone": 16,
        "assignee": "geertvanhorrik"
    },
    "comments": [
        {
            "created_at": "2013-07-11T14:28:04Z",
            "body": "Comment created by inTagger:\n\nThe problem occurs only when SQLite lib is referenced.\nhttp:\/\/www.sqlite.org\/snapshot\/sqlite-winrt81-201306201907.vsix"
        },
        {
            "created_at": "2013-07-12T13:02:43Z",
            "body": "Comment created by @geertvanhorrik:\n\nInstalled SQLite. Currently creating a test project."
        },
        {
            "created_at": "2013-07-12T13:09:57Z",
            "body": "Comment created by @geertvanhorrik:\n\nI couldn't find it working, but it's because I don't have 8.1 yet. Let me see if I can reference the SQLite in any other way."
        },
        {
            "created_at": "2013-07-12T13:15:55Z",
            "body": "Comment created by @geertvanhorrik:\n\nI can reference the 8.0 version of SQLite just fine. It did however give me a warning that it didn't support AnyCPU. I did add a fix where the loading of assemblies is now done in a try\/catch block with logging so it won't kill the designer any longer."
        },
        {
            "created_at": "2013-07-13T09:32:29Z",
            "body": "Comment created by inTagger:\n\nWhen will be the new build?"
        },
        {
            "created_at": "2013-07-13T11:10:29Z",
            "body": "Comment created by @geertvanhorrik:\n\nToday after I completed [CTL-6](https:\/\/catelproject.atlassian.net\/browse\/CTL-6)"
        },
        {
            "created_at": "2013-07-12T13:17:51Z",
            "body": "Issue was closed with resolution \"Fixed\""
        }
    ]
}