{
    "issue": {
        "title": "CTL-338: ViewModelManager gets double instance when it is injected before any ViewModel is used",
        "body": "Jira issue originally created by user @geertvanhorrik:\n\n",
        "created_at": "2014-02-12T12:09:44Z",
        "closed": true,
        "labels": [
            "Bug"
        ],
        "milestone": 12,
        "assignee": "geertvanhorrik"
    },
    "comments": [
        {
            "created_at": "2014-02-12T12:10:44Z",
            "body": "Comment created by @geertvanhorrik:\n\nDone."
        },
        {
            "created_at": "2014-02-12T12:10:44Z",
            "body": "Issue was closed with resolution \"Fixed\""
        }
    ]
}