{
    "issue": {
        "title": "CTL-201: Add the NuGetBaseModuleCatalog to install \/ load modules from a NuGet Repository",
        "body": "Jira issue originally created by user @alexfdezsauco:\n\nAdd the NuGetBaseModuleCatalog to install \/ load modules from a NuGet Repository",
        "created_at": "2013-10-19T15:47:36Z",
        "closed": true,
        "labels": [
            "New Feature"
        ],
        "milestone": 15
    },
    "comments": [
        {
            "created_at": "2013-10-23T05:41:32Z",
            "body": "Comment created by @alexfdezsauco:\n\nModules can be downloaded and installed from a NuGet Gallery. \r\n\r\nAvailable options allow keep modules up to date and also live in the edge installing pre-release versions"
        },
        {
            "created_at": "2013-10-23T05:41:32Z",
            "body": "Issue was closed with resolution \"Fixed\""
        }
    ]
}