{
    "issue": {
        "title": "CTL-247: Weaving Expose Property Error - referenced assembly",
        "body": "Jira issue originally created by user jdehaan:\n\nError\t1\tFody: An unhandled exception occurred:\r\nException:\r\nMember 'System.Double' is declared in another module and needs to be imported\r\nStackTrace:\r\nat Mono.Cecil.MetadataBuilder.LookupToken(IMetadataTokenProvider provider) in c:\\Code\\cecil\\Mono.Cecil\\AssemblyWriter.cs:line 1963\r\nat Mono.Cecil.Cil.CodeWriter.WriteOperand(Instruction instruction) in c:\\Code\\cecil\\Mono.Cecil.Cil\\CodeWriter.cs:line 263\r\nat Mono.Cecil.Cil.CodeWriter.WriteInstructions() in c:\\Code\\cecil\\Mono.Cecil.Cil\\CodeWriter.cs:line 176\r\nat Mono.Cecil.Cil.CodeWriter.WriteResolvedMethodBody(MethodDefinition method) in c:\\Code\\cecil\\Mono.Cecil.Cil\\CodeWriter.cs:line 138\r\nat Mono.Cecil.Cil.CodeWriter.WriteMethodBody(MethodDefinition method) in c:\\Code\\cecil\\Mono.Cecil.Cil\\CodeWriter.cs:line 74\r\nat Mono.Cecil.MetadataBuilder.AddMethod(MethodDefinition method) in c:\\Code\\cecil\\Mono.Cecil\\AssemblyWriter.cs:line 1408\r\nat Mono.Cecil.MetadataBuilder.AddMethods(TypeDefinition type) in c:\\Code\\cecil\\Mono.Cecil\\AssemblyWriter.cs:line 1402\r\nat Mono.Cecil.MetadataBuilder.AddType(TypeDefinition type) in c:\\Code\\cecil\\Mono.Cecil\\AssemblyWriter.cs:line 1238\r\nat Mono.Cecil.MetadataBuilder.AddTypeDefs() in c:\\Code\\cecil\\Mono.Cecil\\AssemblyWriter.cs:line 1211\r\nat Mono.Cecil.MetadataBuilder.BuildTypes() in c:\\Code\\cecil\\Mono.Cecil\\AssemblyWriter.cs:line 1068\r\nat Mono.Cecil.MetadataBuilder.BuildModule() in c:\\Code\\cecil\\Mono.Cecil\\AssemblyWriter.cs:line 850\r\nat Mono.Cecil.ModuleWriter.<BuildMetadata>b*_0(MetadataBuilder builder, MetadataReader *) in c:\\Code\\cecil\\Mono.Cecil\\AssemblyWriter.cs:line 133\r\nat Mono.Cecil.ModuleDefinition.ReadTItem,TRet(TItem item, Func`3 read) in c:\\Code\\cecil\\Mono.Cecil\\ModuleDefinition.cs:line 758\r\nat Mono.Cecil.ModuleWriter.BuildMetadata(ModuleDefinition module, MetadataBuilder metadata) in c:\\Code\\cecil\\Mono.Cecil\\AssemblyWriter.cs:line 132\r\nat Mono.Cecil.ModuleWriter.WriteModuleTo(ModuleDefinition module, Stream stream, WriterParameters parameters) in c:\\Code\\cecil\\Mono.Cecil\\AssemblyWriter.cs:line 108\r\nat Mono.Cecil.ModuleDefinition.Write(Stream stream, WriterParameters parameters) in c:\\Code\\cecil\\Mono.Cecil\\ModuleDefinition.cs:line 933\r\nat Mono.Cecil.ModuleDefinition.Write(String fileName, WriterParameters parameters) in c:\\Code\\cecil\\Mono.Cecil\\ModuleDefinition.cs:line 922\r\nat InnerWeaver.WriteModule() in c:\\TeamCity\\buildAgent\\work\\7495521761d392b9\\FodyIsolated\\ModuleWriter.cs:line 20\r\nat InnerWeaver.Execute() in c:\\TeamCity\\buildAgent\\work\\7495521761d392b9\\FodyIsolated\\InnerWeaver.cs:line 34\r\nSource:\r\nMono.Cecil\r\nTargetSite:\r\nMono.Cecil.MetadataToken LookupToken(Mono.Cecil.IMetadataTokenProvider)\r\nPetersco.PAF.FX\r\n\r\n\r\nUsing Simple ViewModel:\r\n\r\nusing Catel;\r\nusing Catel.Messaging;\r\nusing Catel.MVVM;\r\nusing DAL.Model;\r\nusing FodyExpose = Catel.Fody.ExposeAttribute ;\r\nusing ViewModelBase = Common.ViewModels.ViewModelBase;\r\npublic class TradeViewModel : ViewModelBase\r\n{\r\npublic TradeViewModel(ITrade theTrade, IMessageMediator messageMediator) : base(messageMediator)\r\n{ Argument.IsNotNull(() => theTrade); SelectedTrade = theTrade; }\r\nModel\r\n[FodyExpose(\"TradeDate\")]\r\n[FodyExpose(\"SettleDate\")]\r\n[FodyExpose(\"AccountType\")]\r\n[FodyExpose(\"BuySell\")]\r\n[FodyExpose(\"Symbol\")]\r\n[FodyExpose(\"Volume\")]\r\n[FodyExpose(\"StockPrice\")]\r\n[FodyExpose(\"QuotedRate\")]\r\n[FodyExpose(\"UserName\")]\r\n[FodyExpose(\"Comments\")]\r\npublic ITrade SelectedTrade\r\n{ get; set; }\r\n}",
        "created_at": "2013-11-24T16:29:55Z",
        "closed": true,
        "labels": [
            "Bug"
        ],
        "milestone": 15,
        "assignee": "geertvanhorrik"
    },
    "comments": [
        {
            "body": "empty body",
            "created_at": "2013-11-24T16:29:55Z"
        },
        {
            "created_at": "2013-11-24T16:35:28Z",
            "body": "Comment created by jdehaan:\n\nI'm observing the same issue for Catel.Fody.Expose being used to expose properties of a model that is defined in another assembly.\r\n\r\n```\r\n\/\/ main assembly\r\nusing Catel.MVVM;\r\nusing TestCatel.Fody.Api;\r\n\r\nnamespace TestingCatel.Fody\r\n{\r\n    public class SimpleViewModel : ViewModelBase\r\n    {\r\n        [Model]\r\n        [Catel.Fody.Expose(\"Query\")]\r\n        [Catel.Fody.Expose(\"Items\")]\r\n        [Catel.Fody.Expose(\"IsOk\")]\r\n        public ISimpleModel MyModel { get; private set; }\r\n    }\r\n}\r\n\r\n------\r\n\r\n\/\/ another assembly\r\n\r\nusing System.Collections.ObjectModel;\r\nusing Catel.Data;\r\n\r\nnamespace TestCatel.Fody.Api\r\n{\r\n    public interface IQuery\r\n    {\r\n        string String { get; set; }\r\n    }\r\n\r\n    public interface ISimpleModel\r\n    {\r\n        IQuery Query { get; set; }\r\n        bool? IsOk { get; set; }\r\n        ObservableCollection<bool> Items { get; set; }\r\n    }\r\n\r\n    public class SimpleModel : ModelBase, ISimpleModel\r\n    {\r\n        public IQuery Query { get; set; }\r\n        public bool? IsOk { get; set; }\r\n        public ObservableCollection<bool> Items { get; set; }\r\n    }\r\n}\r\n```\r\n\r\nThe Expose attribute for fody does not work for any of the 3 cases. If the types are all in the same assembly, it works fine.\r\n\r\nThe error message suggests to import the types, but is this something to be done as a user of Catel.Fody or as an implementer or the weaver?"
        },
        {
            "created_at": "2013-11-25T05:58:22Z",
            "body": "Comment created by @geertvanhorrik:\n\nIssue is reproducable, now implementing a fix."
        },
        {
            "created_at": "2013-11-25T06:12:05Z",
            "body": "Comment created by @geertvanhorrik:\n\nNew nightly build released."
        },
        {
            "created_at": "2013-11-25T06:12:04Z",
            "body": "Issue was closed with resolution \"Fixed\""
        }
    ]
}