{
    "issue": {
        "title": "CTL-50: Create example about different communication styles",
        "body": "Jira issue originally created by user @geertvanhorrik:\n\nCreate an example about the different communication styles in MVVM:\r\n\r\n* Events\r\n* InterestedIn attribute\r\n* MessageMediator",
        "created_at": "2013-04-18T20:24:51Z",
        "closed": true,
        "labels": [
            "Task"
        ],
        "milestone": 17,
        "assignee": "geertvanhorrik"
    },
    "comments": [
        {
            "created_at": "2013-04-19T17:24:17Z",
            "body": "Comment created by @geertvanhorrik:\n\nCreating example Catel.Examples.WPF.MvvmCommunicationStyles"
        },
        {
            "created_at": "2013-04-19T19:11:40Z",
            "body": "Comment created by @geertvanhorrik:\n\nCommitted example. Only have to write docs."
        },
        {
            "created_at": "2013-04-22T19:41:20Z",
            "body": "Comment created by @geertvanhorrik:\n\nWritten docs:\n\nhttps:\/\/catelproject.atlassian.net\/wiki\/display\/CTL\/MVVM<ins>communication<\/ins>styles"
        },
        {
            "created_at": "2013-04-22T19:41:50Z",
            "body": "Issue was closed with resolution \"Fixed\""
        }
    ]
}