{
    "issue": {
        "title": "CTL-494: Close Window",
        "body": "Jira issue originally created by user Towelie:\n\nHi. \r\ni've updated catel from github and now have some problems.\r\nAll VM are closed, but MainWindow isn't closed.\r\nI found the problem.\r\nI think this is because of exception:\r\n ---> System.Reflection.TargetInvocationException: Exception has been thrown by the target of an invocation. ---> System.InvalidOperationException: DialogResult can be set only after Window is created and shown as dialog.\r\n\r\nIt's thrown in TrySetPropertyValue method called in Catel.MVVM.Providers.WindowLogic.OnViewModelClosed and method InvokeCloseDynamically() is not called.\r\n\r\nI don't know why Try method throws some exceptions, but to fix this bug i think  you should cover TrySetPropertyValue with try ... catch or make TrySetPropertyValue dont throw exceptions.",
        "created_at": "2014-07-20T21:37:31Z",
        "closed": true,
        "labels": [
            "Bug"
        ],
        "milestone": 12,
        "assignee": "geertvanhorrik"
    },
    "comments": [
        {
            "created_at": "2014-08-11T12:09:08Z",
            "body": "Comment created by @geertvanhorrik:\n\nI think this is already fixed with the pull request:\r\n\r\nhttps:\/\/github.com\/Catel\/Catel\/pull\/31"
        },
        {
            "created_at": "2014-08-11T12:09:17Z",
            "body": "Issue was closed with resolution \"Fixed\""
        }
    ]
}