{
    "issue": {
        "title": "CTL-336: TextBox behavior not accepting minus sign",
        "body": "Jira issue originally created by user JohnnyBeatnik:\n\nThe \"-\" sign isn't being recognized. \r\n\r\nI checked out the source code for the Catel:NumericTextBox.\r\n\r\nIn the  GetKeyValue(KeyEventArgs e) method is an  is an \"if\" statement :  \r\n       if (e.Key == Key.OemMinus)  { keyValue = _minusCharacter;  }\r\nWhen I enter \"-\" into a textbox, e.Key resolves to Key.Subtract and not Key,OemMinus. \r\n\r\nI added: \r\n     if (e.Key == Key.Subtract) { keyValue = _minusCharacter; }\r\n\r\nAnd to catch all that, in the method, OnAssociatedObjectKeyDown(object sender, KeyEventArgs e), i added\r\n\r\n else if (keyValue == _minusCharacter && IsNegativeAllowed && ((TextBox)sender).CaretIndex == 0)\r\n            {    handled = false;    }\r\n\r\n",
        "created_at": "2014-02-11T23:13:01Z",
        "closed": true,
        "labels": [
            "Bug"
        ],
        "milestone": 12,
        "assignee": "geertvanhorrik"
    },
    "comments": [
        {
            "body": "empty body",
            "created_at": "2014-02-11T23:13:01Z"
        },
        {
            "created_at": "2014-02-11T23:45:59Z",
            "body": "Comment created by JohnnyBeatnik:\n\nSorry, this posted twice. The first time it stated that the form had timed out.\r\n"
        },
        {
            "created_at": "2014-02-13T13:29:11Z",
            "body": "Comment created by @geertvanhorrik:\n\nDuplicate of [CTL-335](https:\/\/catelproject.atlassian.net\/browse\/CTL-335)"
        },
        {
            "created_at": "2014-02-13T13:29:11Z",
            "body": "Issue was closed with resolution \"Duplicate\""
        }
    ]
}