{
    "issue": {
        "title": "CTL-1024: Memory Retention on CanExecuteChanged EventHandler",
        "body": "Jira issue originally created by user advapi:\n\nThere's a memory leak on CanExecuteChanged Event handler... I've discussed this thread before with Jetbrains and Telerik as well and the final response is that there's a issue with CanExecuteChanged event.\r\n\r\nYou can find the project [here](https:\/\/drive.google.com\/file\/d\/0B6nPFuIuKHG1eVBIa3pWRThPcUU\/view?usp=sharing)\r\n\r\njust:\r\n\r\nexecute it\r\nclick on popup\r\nright click on textblock\r\nclose the popup and search for  PopUpViewModel inside dotMemory\r\nyou'll see the holding reference.\r\nIf you comment inside the TextBoxBehavior.cs file \r\n\r\n\r\n```java\r\n private void OnMenuItemLoaded(object sender, RoutedEventArgs e)\r\n{\r\ntry\r\n{\r\nvar contextMenu2 = new RadContextMenu();\r\n\r\nvar items = GetRowMenuItems();\r\n\r\ncontextMenu2.ItemsSource = items; \/\/<-------this (line #40)\r\n\r\nRadContextMenu.SetContextMenu(AssociatedObject, contextMenu2);\r\n}\r\ncatch (Exception exception)\r\n{\r\nConsole.WriteLine(exception);\r\n\r\n}\r\n}\r\n```\r\n\r\n\r\n \r\n\r\nyou'll get no more memory leak.\r\n\r\nFor references you can find the jetbrains thread [here ](https:\/\/dotnettools-support.jetbrains.com\/hc\/en-us\/community\/posts\/115000059084-How-can-I-remove-those-retentions-) and here you find Telerik answer\r\n\r\n\r\n```\r\nHi Paolo,\r\n\r\nThanks for your patience. After further investigation appears that source of the leak is in Catel framework Command implementation (check the attached screenshot) - if you test the same scenario using our DelegateCommand the CanExecuteChanged doesn't leak. \r\n\r\nHowever indeed in the RadMenuItem implementation we keep hard reference to the CanExecuteChanged event handler of the Command as otherwise the handler can get garbage collected later at runtime (as most of the third party commands implement the Weak Event pattern so it does not have a hard reference to this handler). We can make improvement for .Net 4.5 version of the binaries to use the built in .Net 4.5 CanExecuteChangedEventManager and not keep hard reference, however as you are using the 4.0 binaries what I can suggest you would be use the following workaround:\r\n\r\nSubscribe to the Unload event of the TextBlock and manually remove the commands of all the menu items:\r\n\r\nAssociatedObject.Unloaded += (s, e) =>\r\n{\r\n    var contextMenu = RadContextMenu.GetContextMenu(AssociatedObject);\r\n    foreach (var item in contextMenu.Items)\r\n    {\r\n        (item as RadMenuItem).Command = null;\r\n    }\r\n};\r\n\r\nRegards,\r\nKalin \r\nTelerik by Progress\r\n```\r\n\r\nHTH\r\n\r\nPaolo\r\n\r\n",
        "created_at": "2017-03-21T09:25:03Z",
        "closed": false,
        "labels": [
            "Improvement"
        ],
        "milestone": 1,
        "assignee": "geertvanhorrik"
    }
}