{
    "issue": {
        "title": "CTL-115: ControllerFactory",
        "body": "Jira issue originally created by user rajiv.mounguengue:\n\nAdd ControllerFactory to allow DI in controller creation process",
        "created_at": "2013-07-09T15:51:20Z",
        "closed": true,
        "labels": [
            "New Feature"
        ],
        "milestone": 16
    },
    "comments": [
        {
            "created_at": "2013-07-11T15:11:09Z",
            "body": "Comment created by rajiv.mounguengue:\n\nAlready implemented.\r\nhttps:\/\/catelproject.atlassian.net\/wiki\/display\/CTL\/Configuring<ins>dependency<\/ins>injection"
        },
        {
            "created_at": "2013-07-11T15:11:09Z",
            "body": "Issue was closed with resolution \"Duplicate\""
        }
    ]
}