{
    "issue": {
        "title": "CTL-449: Convert all methods in the IMessageService to async",
        "body": "Jira issue originally created by user @geertvanhorrik:\n\nThe world is moving to async. In NET 40, people should use ContinueWith or use Async BCL NuGet package.",
        "created_at": "2014-05-30T10:58:49Z",
        "closed": true,
        "labels": [
            "Task"
        ],
        "milestone": 12,
        "assignee": "geertvanhorrik"
    },
    "comments": [
        {
            "created_at": "2014-05-30T12:38:24Z",
            "body": "Comment created by @geertvanhorrik:\n\nDone!"
        },
        {
            "created_at": "2014-05-30T12:38:24Z",
            "body": "Issue was closed with resolution \"Fixed\""
        }
    ]
}