{
    "issue": {
        "title": "CTL-505: Allow to stamp LogEntries with date time",
        "body": "Jira issue originally created by user rajiv.mounguengue:\n\nAdd option on LogListenerBase wich will allow to choice between just have Time or DateTime on our log entries.",
        "created_at": "2014-08-11T11:07:48Z",
        "closed": true,
        "labels": [
            "New Feature"
        ],
        "milestone": 12
    },
    "comments": [
        {
            "created_at": "2014-09-30T11:27:24Z",
            "body": "Comment created by @geertvanhorrik:\n\nPlease implement this in a branch. If it is ready on time, this can be included in 4.0"
        },
        {
            "created_at": "2014-09-30T17:01:51Z",
            "body": "Comment created by rajiv.mounguengue:\n\nDone"
        },
        {
            "created_at": "2014-09-30T17:01:51Z",
            "body": "Issue was closed with resolution \"Fixed\""
        }
    ]
}