{
    "issue": {
        "title": "CTL-463: Its not possible to register a CustomViewModelFactory",
        "body": "Jira issue originally created by user jens_weller:\n\nThe constructor of LogicBase is static. Its called bevor I can register any CustomViewModelFactory in the ServiceLocator.\r\nThe IViewModelFactory is resolved in this constructor. So _viewModelFactory is always ViewModelFactory of catel.\r\n\r\n```\r\nstatic LogicBase()\r\n{\r\n       IDependencyResolver resolver = IoCConfiguration.get_DefaultDependencyResolver();\r\n      _viewModelFactory = DependencyResolverExtensions.Resolve<IViewModelFactory>(resolver, null);\r\n      _viewManager = DependencyResolverExtensions.Resolve<IViewManager>(resolver, null);\r\n      _dependencyPropertySelector = DependencyResolverExtensions.Resolve<IDependencyPropertySelector>(resolver, null);\r\n}\r\n```",
        "created_at": "2014-06-13T11:57:13Z",
        "closed": true,
        "labels": [
            "Bug"
        ],
        "milestone": 12,
        "assignee": "geertvanhorrik"
    },
    "comments": [
        {
            "created_at": "2014-06-16T18:20:30Z",
            "body": "Issue was closed with resolution \"Fixed\""
        }
    ]
}