{
    "issue": {
        "title": "CTL-234: Improve performance on EqualityComparer",
        "body": "Jira issue originally created by user facos:\n\n",
        "created_at": "2013-11-14T22:07:18Z",
        "closed": true,
        "labels": [
            "Task"
        ],
        "milestone": 15,
        "assignee": "geertvanhorrik"
    },
    "comments": [
        {
            "created_at": "2013-11-20T21:33:28Z",
            "body": "Comment created by @geertvanhorrik:\n\nThis will be a breaking chance."
        },
        {
            "created_at": "2013-11-20T21:42:40Z",
            "body": "Comment created by @geertvanhorrik:\n\nImplemented."
        },
        {
            "created_at": "2013-11-20T21:42:40Z",
            "body": "Issue was closed with resolution \"Fixed\""
        }
    ]
}