{
    "issue": {
        "title": "CTL-1026: Catel design time data in Visual Studio",
        "body": "Jira issue originally created by user TimKras:\n\nWe are currently developing an application with Catel. Since we want to have some Design time data, I created an ViewModel, wich inherits from the actual ViewModel.\r\n\r\n\r\n```java\r\n public class DesignTimeTestViewModel : TestViewModel\r\n    {\r\n           public DesignTimeTestViewModel()\r\n           {\r\n               TextTest = \"Design data\";\r\n           }   \r\n    }\r\n\r\n   public class TestViewModel : ViewModelBase\r\n   {\r\n        public string TextTest\r\n        {\r\n            get { return _textTest; }\r\n            set\r\n            {\r\n                _textTest = value;\r\n                RaisePropertyChanged(\"TextTest\");\r\n            }\r\n        }\r\n   }\r\n```\r\n\r\n\r\nThis is resulting in the designer in an error (see attachment)\r\n\r\nThe designer is also not showing the design time data.\r\n\r\nThe problem is somewhere in the RaisePropertyChanged(\"TextTest\");Because when you comment out that line of code, the error is gone.",
        "created_at": "2017-03-27T12:50:37Z",
        "closed": false,
        "labels": [
            "Bug"
        ],
        "assignee": "geertvanhorrik"
    },
    "comments": [
        {
            "created_at": "2017-03-27T13:23:45Z",
            "body": "Comment created by @geertvanhorrik:\n\nAre you using Fody to generate the catel properties for other properties?"
        },
        {
            "created_at": "2017-03-27T13:37:22Z",
            "body": "Comment created by TimKras:\n\nWhen using Fody everything is ok.\r\n\r\nBut this example isn't using Fody, only Catel.MVVM.ViewModelBase\r\n"
        },
        {
            "created_at": "2017-03-27T13:59:54Z",
            "body": "Comment created by @geertvanhorrik:\n\nI can't see any real reasons why this would fail. We don't want to invest too much time into design time (we don't use it ourselves and it's quite fragile). If you provide a repro, I am willing to look into this max 30 minutes, otherwise the feature becomes too expensive."
        },
        {
            "created_at": "2017-03-27T14:42:21Z",
            "body": "Comment created by TimKras:\n\nI did some further investigation and it seems to be related with the ExpressionHelper class.\r\nI think the Refection operations are causing this problem.\r\n\r\nBut for us it's also not very important, but we wanted to report it."
        },
        {
            "created_at": "2017-03-28T10:30:29Z",
            "body": "Comment created by @geertvanhorrik:\n\nThat's weird because you are not using expressions in the RaisePropertyChanged."
        }
    ]
}