{
    "issue": {
        "title": "CTL-242: Create extension methods for IParent interface",
        "body": "Jira issue originally created by user jens_weller:\n\n```\r\npublic static T FindParent<T>(IParent iam) where T : ModelBase\r\n{\r\n    var parent = iam.Parent;\r\n    if (parent == null) return null;\r\n\r\n    var parentT = parent as T;\r\n\r\n    if (parentT != null) \r\n        return parentT;\r\n            \r\n    return FindParent<T>(parent);\r\n}\r\n```\r\n\r\nFor the original discussion, see https:\/\/catel.codeplex.com\/discussions\/470555#post1126993",
        "created_at": "2013-11-20T21:24:52Z",
        "closed": true,
        "labels": [
            "Task"
        ],
        "milestone": 15,
        "assignee": "geertvanhorrik"
    },
    "comments": [
        {
            "created_at": "2013-11-20T21:31:04Z",
            "body": "Comment created by @geertvanhorrik:\n\nDone."
        },
        {
            "created_at": "2013-11-20T21:31:04Z",
            "body": "Issue was closed with resolution \"Fixed\""
        }
    ]
}