{
    "issue": {
        "title": "CTL-285: ViewModel recreation on DatePicker navigation",
        "body": "Jira issue originally created by user AvelN:\n\nWhen using date picker (obviously, navigating to DatePickerPage) and then returning back through choosing new value or simply cancelling, the ViewModel is recreated from scratch, which makes quite troublesome to stay on the same PivotItem, for example.",
        "created_at": "2013-12-27T20:17:37Z",
        "closed": true,
        "labels": [
            "Bug"
        ],
        "milestone": 13,
        "assignee": "geertvanhorrik"
    },
    "comments": [
        {
            "created_at": "2013-12-27T21:11:57Z",
            "body": "Comment created by @geertvanhorrik:\n\nIt would be great of you could attach a repro, saves me some time tomorrow when I will start solving the issue."
        },
        {
            "created_at": "2013-12-27T22:15:54Z",
            "body": "Comment created by AvelN:\n\nPreconditions:\r\n1) Page, that contains DatePicker. \r\n2) ViewModel that has date bound with DatePicker.\r\n3) ViewModel has Initialize method.\r\n\r\nSteps to reproduce:\r\n1) Open MainPage => ViewModel is created and Initialize is called.\r\n2) Open DatePicker and return to MainPage by selecting date\/cancelling => \r\n     Expected result: ViewModel wasn't recreated and Initialize wasn't called. The View and ViewModel were the same.\r\n     Real result: ViewModel is instantiated second time, Initialize is called;\r\n"
        },
        {
            "created_at": "2013-12-28T13:58:44Z",
            "body": "Comment created by @geertvanhorrik:\n\nWe can reproduce the issue. Looking for a fix now."
        },
        {
            "created_at": "2013-12-28T14:00:22Z",
            "body": "Comment created by @geertvanhorrik:\n\nI think we should allow the NavigationService to have a list of (relative) uri elements to ignore during navigation. This way controls that navigate to a separate page can be ignored."
        },
        {
            "created_at": "2013-12-28T14:09:29Z",
            "body": "Comment created by AvelN:\n\nAnd what about preserving the viewmodel until it's actually becomes unnecessary, when you remove view from history so that you can't actually return to this exact instance of view-viewmodel. I think, it would be general solution for this kind of problems with any navigating from current view to any other and then returning back?"
        },
        {
            "created_at": "2013-12-28T14:11:11Z",
            "body": "Comment created by @geertvanhorrik:\n\nSo you are saying that the view model should be kept in memory (and re-used) until someone explicitly removes it from the back entry list?"
        },
        {
            "created_at": "2013-12-28T14:20:39Z",
            "body": "Comment created by AvelN:\n\nMay be I', wrong, but this is how I see it: when some one navigates from one page to the other through NavigationSerivice.Navigate (not through Back button or NavigateBack or something similar), current view gets to history(cache), so that when you somehow get back (through Back button, for instance), the view is restored to the state where user left it, it the same old view instance, kept in memory. When the user clicks Back button, or removes the history entry, only then the page is actually utilized and user can never get back to this instance, only to the new one through Navitate. So I think, that as long as the View is alive, event being kept in history, the ViewModel should also be there, until the moment, when View gets utilized."
        },
        {
            "created_at": "2013-12-28T14:57:14Z",
            "body": "Comment created by @geertvanhorrik:\n\nI think I have it all implemented. It means that a view model will only be closed then the back button is used."
        },
        {
            "created_at": "2013-12-28T15:01:59Z",
            "body": "Comment created by AvelN:\n\nAnd what about the bug then? It's obvious that viewmodel instantiates after returning to existing View, isn't it?"
        },
        {
            "created_at": "2013-12-28T15:03:57Z",
            "body": "Comment created by @geertvanhorrik:\n\nAll solved. I will upload my PoC now."
        },
        {
            "created_at": "2013-12-28T15:05:50Z",
            "body": "Comment created by @geertvanhorrik:\n\nCommitted the changes to the develop branch."
        },
        {
            "created_at": "2013-12-28T15:07:25Z",
            "body": "Comment created by AvelN:\n\nOh, thank you! I thought you meant it was solved in previous versions, sorry for misunderstanding."
        },
        {
            "created_at": "2013-12-28T15:08:19Z",
            "body": "Comment created by @geertvanhorrik:\n\nAdded PoC which I used to reproduce the case."
        },
        {
            "created_at": "2013-12-28T15:09:14Z",
            "body": "Comment created by @geertvanhorrik:\n\nCan you please verify that the issue is fixed? Then I can close this issue and release a new nightly build."
        },
        {
            "created_at": "2013-12-28T15:26:02Z",
            "body": "Comment created by AvelN:\n\nI can't resolve the references to Catel in attached project. I use visual studio 2013 and it says \"A reference to a higher version or incompatible assembly can not be added to a project\""
        },
        {
            "created_at": "2013-12-28T15:27:23Z",
            "body": "Comment created by @geertvanhorrik:\n\nAdded separate catel libraries."
        },
        {
            "created_at": "2013-12-28T15:35:11Z",
            "body": "Comment created by AvelN:\n\nThanks. Everything works fine. Where can I download Nightly Build?"
        },
        {
            "created_at": "2013-12-28T15:38:03Z",
            "body": "Comment created by @geertvanhorrik:\n\nSee these docs:\r\n\r\nhttps:\/\/catelproject.atlassian.net\/wiki\/display\/CTL\/Getting<ins>prerelease<\/ins>%28beta%29<ins>versions<\/ins>via+NuGet\r\n\r\nBut note that I will release a NB with these fixes later today."
        },
        {
            "created_at": "2013-12-28T15:43:15Z",
            "body": "Comment created by AvelN:\n\nThanks a lot! Would be glad, if you could see another question, concerning NavigationContext clearing. ( http:\/\/catel.codeplex.com\/discussions\/478484 )"
        },
        {
            "created_at": "2013-12-28T16:00:18Z",
            "body": "Comment created by @geertvanhorrik:\n\nDone."
        },
        {
            "created_at": "2013-12-28T16:00:18Z",
            "body": "Issue was closed with resolution \"Fixed\""
        }
    ]
}