{
    "issue": {
        "title": "CTL-409: If using SplashScreenService in Application.OnStartup, the application remains running after closing the MainWindow",
        "body": "Jira issue originally created by user Silvercircle:\n\nIf I add this code to the OnStartup method in App.xaml.cs, the application remains running after closing the MainWindow.\r\n\r\n{quote}\r\n ```\r\n var service = ServiceLocator.Default.ResolveType<ISplashScreenService>();\r\n            service.Enqueue(new ActionTask(\"Test\", tracker => Thread.Sleep(5000)));\r\n            service.Commit();\r\n ```\r\n{quote}\r\n\r\nI first thought that the DispatcherHelper is creating a new dispatcher because Application.Current is null, but that's not the case. The GetCurrentDispatcher method returns the correct dispatcher from Application.Current.\r\n\r\n{quote}\r\n ```\r\n var currentApplication = System.Windows.Application.Current;\r\n            if (currentApplication != null)\r\n            {\r\n                return currentApplication.Dispatcher;\r\n            }\r\n            \r\n            return Dispatcher.CurrentDispatcher;\r\n ```\r\n{quote}\r\n\r\nIf I use the SplashScreenService inside a ViewModel it is working correctly. \r\n\r\nI have only basic knowledge of the dispatcher\/STA-thread stuff, but I found a simple workaround: \r\nAdd \r\n{quote}\r\n ```\r\nClosed += (sender, args) => Application.Current.Shutdown();\r\n ```\r\n{quote}\r\nto the constructor of the MainWindow. ",
        "created_at": "2014-04-04T10:18:13Z",
        "closed": false,
        "labels": [
            "Bug"
        ],
        "milestone": 1
    },
    "comments": [
        {
            "created_at": "2014-04-12T23:15:17Z",
            "body": "Comment created by @alexfdezsauco:\n\nHi Marc,\r\n\r\nI can\u2019t reproduce exactly your issue with the 3.9.0.1404081024-beta version. Please be sure that you are using the latest version of Catel?\r\n\r\nBtw, I will let you some tips to use this service:\r\n1)\tWhen you use the Commit method you must be sure to execute it in non-UI thread, if you are not sure just call CommitAsync. Probably we have to throw InvalidOperationException when this happen.\r\n2)\tIf you use it in combination with Prism you can use the RunWithSplashScreen<\u2026>() method. \r\n\r\nBut we found a new issue when we try to use it on the OnStartup App method without Prism.\r\n\r\nAn InvalidOperationException is raised with this message: Cannot set Owner property to a Window that has not been shown previously.\r\nWe will fix this as soon as possible, for now use the follow source code as workaround in order to use it in the OnStartup method context:\r\n\r\n```\r\n        protected override void OnStartup(StartupEventArgs e)\r\n        {\r\n            var splashScreenService = ServiceLocator.Default.ResolveType<ISplashScreenService>();\r\n\r\n            splashScreenService.Enqueue(new ActionTask(\"Do something 1\", tracker => Thread.Sleep(1000)));\r\n            splashScreenService.Enqueue(new ActionTask(\"Do something 2\", tracker => Thread.Sleep(1000)));\r\n            splashScreenService.Enqueue(new ActionTask(\"Do something 3\", tracker => Thread.Sleep(1000)));\r\n            splashScreenService.Enqueue(new ActionTask(\"Do something 4\", tracker => Thread.Sleep(1000)));\r\n            \r\n            var thread = new Thread(() =>\r\n                {\r\n                    while (Dispatcher.Invoke(() => Current.MainWindow == null))\r\n                    {\r\n                        Thread.Sleep(100);\r\n                    }\r\n\r\n                    splashScreenService.Commit();\r\n                });\r\n        }\r\n```"
        },
        {
            "created_at": "2014-04-22T10:32:12Z",
            "body": "Comment created by Silvercircle:\n\nHi Alexander, \r\n\r\nthanks for the response. \r\n\r\nYou're right, i used the latest \"stable\" version from Nuget.\r\nMaybe it's helpfull to explain what i want to do: \r\n 1. Show splashscreen with \"loading data from database\"\r\n 2. After loading the values, close splashscreen \r\n 3. If loading was successfully, show mainwindow otherwise close the application\r\n\r\nSo that's the reason why I tried commit instead of commitAsync, because commit blocks OnStartUp and the mainwindow.\r\n\r\nI also tried your workaround, unfortunately it throws a NotSupportedException, see attatched screenshot (With latest \"beta\" version from Nuget).\r\nMaybe it's because I had to change your code, it doesn't work with copy and paste. \r\n\r\nAnyway, I found a solution that solved my problem, but it would be nice if you could take a look if that's the right \"catel way\" ;) \r\n\r\n1. Set Visibility from MainWindow to hidden.\r\n2. Use this code in OnStartUp\r\n\r\n```\r\n            var splashScreenService = ServiceLocator.Default.ResolveType<ISplashScreenService>();\r\n            splashScreenService.Enqueue(new ActionTask(\"Test\", tracker => Thread.Sleep(5000)));\r\n            splashScreenService.Enqueue(new ActionTask(\"Test2\", tracker => Thread.Sleep(5000)));\r\n            splashScreenService.CloseViewModelOnTerminated = true;\r\n\r\n            splashScreenService.CommitAsync<SplashScreenViewModel>(() =>\r\n            {\r\n                \/\/Close the splash screen\r\n                if (Current.Windows.Count > 0)\r\n                {\r\n                    var window = Current.Windows[0];\r\n\r\n                    if (window != null)\r\n                        window.Close();\r\n                }\r\n\r\n                \/\/After closing the splashscreen, it is removed from Current.Windows, so check again if [0] is available\r\n                \/\/Show the mainwindow\r\n                if (Current.Windows.Count > 0)\r\n                {\r\n                    var window = Current.Windows[0];\r\n\r\n                    if (window != null)\r\n                    {\r\n                        window.Visibility = Visibility.Visible;\r\n\r\n                        \/\/Set application mainwindow\r\n                        Current.MainWindow = Current.Windows[0];\r\n                    }\r\n                }\r\n            });\r\n```\r\n\r\n\r\n"
        },
        {
            "created_at": "2014-11-26T11:56:58Z",
            "body": "Comment created by @geertvanhorrik:\n\n[~alexander.fernandez.sauco]: what is the status?"
        },
        {
            "created_at": "2014-11-26T16:59:29Z",
            "body": "Comment created by @alexfdezsauco:\n\nI missed this one. I will check asap. "
        },
        {
            "created_at": "2015-02-06T14:12:49Z",
            "body": "Comment created by @geertvanhorrik:\n\n[~alexander.fernandez.sauco], what is the status?"
        },
        {
            "created_at": "2015-05-05T13:10:18Z",
            "body": "Comment created by @geertvanhorrik:\n\n**bump**"
        }
    ]
}