{
    "issue": {
        "title": "CTL-173: Reason property for Command",
        "body": "Jira issue originally created by user IvanKupriyanov:\n\nHello. I have one little request - can you add Reason property for command? It's very usefull to have information why command can not be executed and show this information with tooltip for example. I can use inheritance, but i then can access property only with accessing command in CanExecute handler. It's better to have one more parameter - out parameter for Reason.\r\n\r\nAlso i see here a problem with parameters, when i use one command with different params:\r\n\r\n```\r\n<Button Content=\"Counters\" CommandParameter=\"Pos\/Counters\" Command=\"{Binding Path=NavigateTo}\"><\/Button>\r\n<Button Content=\"Incomes\" CommandParameter=\"Pos\/FuelIncome\" Command=\"{Binding Path=NavigateTo}\"><\/Button>\r\n\r\n<TextBlock Text=\"{Binding Path=NavigateTo.Reason !!HERE I WANT TO SHOW READON FOR FUEL INCOMES!!!}\"\/>\r\n```\r\n\r\nLooks like only solution is to use one command per button.",
        "created_at": "2013-09-13T16:09:01Z",
        "closed": true,
        "labels": [
            "New Feature"
        ],
        "assignee": "geertvanhorrik"
    },
    "comments": [
        {
            "created_at": "2013-09-13T16:10:39Z",
            "body": "Comment created by @geertvanhorrik:\n\nThis is normally done via validation, but we will consider it for the next version (3.8)."
        },
        {
            "created_at": "2013-10-18T19:56:24Z",
            "body": "Comment created by @geertvanhorrik:\n\nJust to clarify, you want the Reason property to be added to the ICatelCommand interface and available in the Command class? Would it be just a string property?\r\n\r\nWe might think of a better name, but can't think of one right now."
        },
        {
            "created_at": "2013-10-28T08:22:04Z",
            "body": "Comment created by IvanKupriyanov:\n\nAfter a while i think this issue is not worth your time. Anyway there is no native support by wpf, so we should set binding to the Reason property by hands. Currently we implemented it with composition - our command class, which is not even derived from ICommand or Catel command, just a container for Catel command and reason  property.\r\n\r\n```\r\n<Button \r\n    x:Name=\"SalesButton\"\r\n    Content=\"{Resx PosView.SalesButton}\" \r\n    Command=\"{Binding Path=OpenSale.Cmd}\"\r\n    ToolTip=\"{Binding Path=OpenSale.Reason}\"\r\n    ToolTipService.ShowOnDisabled=\"true\"\r\n    \/>\r\n```\r\n"
        },
        {
            "created_at": "2013-10-28T18:02:56Z",
            "body": "Comment created by @geertvanhorrik:\n\nThanks for the feedback. Will close the issue."
        },
        {
            "created_at": "2013-10-28T18:03:12Z",
            "body": "Comment created by @geertvanhorrik:\n\nWon't be fixed after discussion with user."
        },
        {
            "created_at": "2013-10-28T18:03:12Z",
            "body": "Issue was closed with resolution \"Won't Fix\""
        }
    ]
}