{
    "issue": {
        "title": "CTL-24: ServiceLocator should register types with a callback",
        "body": "Jira issue originally created by user @geertvanhorrik:\n\nThe ServiceLocator allows the registration of an instance and a type. It should be 2 options:\r\n\r\n1) Instance\r\n2) Type with a func to create the type. \r\n\r\nThe register type without a function should be used as extension methods. The extension methods then use the TypeFactory (of the ServiceLocator, not .Default) to create the type.",
        "created_at": "2013-03-10T21:18:31Z",
        "closed": true,
        "labels": [
            "Task"
        ],
        "milestone": 13,
        "assignee": "geertvanhorrik"
    },
    "comments": [
        {
            "created_at": "2013-03-10T21:19:59Z",
            "body": "Comment created by @geertvanhorrik:\n\nWe have to carefully think of this to prevent memory leaks. If a callback is on a short-living type, the type will be kept in memory to allow access when instantiating the types."
        },
        {
            "created_at": "2013-03-12T18:57:40Z",
            "body": "Comment created by @geertvanhorrik:\n\nMoved to 3.6, need to think about this very carefully."
        },
        {
            "created_at": "2013-11-02T13:12:46Z",
            "body": "Comment created by @geertvanhorrik:\n\nMoved to 3.9"
        },
        {
            "created_at": "2013-12-23T22:10:11Z",
            "body": "Comment created by @geertvanhorrik:\n\nWe should have several overloads:\r\n\r\n```\r\nRegisterType<TInterface, TImplementation>(Func<ServiceLocatorRegistration, TInterface> createServiceFunc = null, object tag = null, RegistrationType registrationType = RegistrationType.Singleton);\r\n```\r\n\r\nIf *createServiceFunc_ is _null*, we **must** know the type of the TImplementation. This means in non-generic overloads:\r\n\r\n```\r\nRegisterType(Type serviceType, Type implementingType, object tag = null, RegistrationType registrationType = RegistrationType.Singleton);\r\nRegisterType(Type serviceType, Func<ServiceLocatorRegistration, object> implementingType, object tag = null, RegistrationType registrationType = RegistrationType.Singleton);\r\n```\r\n\r\nA few things to consider:\r\n\r\n1) In the last one, we cannot check the type at registration. We can only check at run-time. Is this a problem?\r\n2) Overloads are never required on RegisterInstance."
        },
        {
            "created_at": "2013-12-23T22:11:31Z",
            "body": "Comment created by @geertvanhorrik:\n\nAll methods should in the end results in a call to a RegisterType (if not instance) with a function callback. This means that if only an implementing type is provided, the callback method will be *ServiceLocator.CreateServiceInstance(ServiceLocatorRegistration registration)*."
        },
        {
            "created_at": "2013-12-23T22:48:23Z",
            "body": "Comment created by @geertvanhorrik:\n\nAdded the relevant overrides which all fall-back to a callback registration."
        },
        {
            "created_at": "2013-12-23T22:58:28Z",
            "body": "Comment created by @geertvanhorrik:\n\nUpdated documentation."
        },
        {
            "created_at": "2013-12-23T23:05:00Z",
            "body": "Comment created by @geertvanhorrik:\n\nCommitted code including unit tests."
        },
        {
            "created_at": "2013-12-23T23:05:54Z",
            "body": "Issue was closed with resolution \"Fixed\""
        }
    ]
}