{
    "issue": {
        "title": "CTL-337: Allow UserControlLogic to be used on ContentControl in WPF",
        "body": "Jira issue originally created by user @geertvanhorrik:\n\nIn WPF, some base classes do not use UserControl but ContentControl. Support it in WPF.",
        "created_at": "2014-02-12T10:40:42Z",
        "closed": true,
        "labels": [
            "Improvement"
        ],
        "milestone": 12,
        "assignee": "geertvanhorrik"
    },
    "comments": [
        {
            "created_at": "2014-02-12T11:01:20Z",
            "body": "Comment created by @geertvanhorrik:\n\nDone."
        },
        {
            "created_at": "2014-02-12T11:01:20Z",
            "body": "Issue was closed with resolution \"Fixed\""
        }
    ]
}