{
    "issue": {
        "title": "CTL-1022: Json Serialization enum",
        "body": "Jira issue originally created by user mattias:\n\nHi. \r\nCatel do not use the JsonConverter attribut to get the value from the name of an enum.\r\nIf you use the Newtonsoft Json Converter you can set this attribut on an enum:\r\n\r\n\r\n```cs\r\n [JsonConverter(typeof(StringEnumConverter))]\r\npublic enum\r\n{ \r\n default = 0\r\n}\r\n```\r\n\r\nSo its possible to set the value in json to \"default\" instead of 0.\r\n\r\n",
        "created_at": "2017-03-09T11:26:49Z",
        "closed": false,
        "labels": [
            "New Feature"
        ],
        "milestone": 23,
        "assignee": "geertvanhorrik"
    },
    "comments": [
        {
            "created_at": "2017-03-09T11:48:49Z",
            "body": "Comment created by @geertvanhorrik:\n\nI think this is possible. Interested in doing a pr?"
        },
        {
            "created_at": "2017-03-14T14:21:38Z",
            "body": "Comment created by mattias:\n\n@Geert van Horrik:  \"Interested in doing a pr?\"\r\nMaybe :)\r\n\r\nI try to run the SerializationTests in the catel project:\r\n\r\n\r\n\"AdvancedSerializationFacts failed:\r\n\r\nParent SetUp failed in GlobalInitialization\r\n  Exception doesn't have a stacktrace\"\r\n\r\n\r\nI need to debug the Serialize and Deserialize method to find the entry point.\r\n"
        },
        {
            "created_at": "2017-03-14T18:46:22Z",
            "body": "Comment created by @geertvanhorrik:\n\nYou probably need to define that you don't want to run the EntityFrameworkExtensions unit tests. You should define SKIP_EF to your project."
        },
        {
            "created_at": "2017-03-15T10:42:32Z",
            "body": "Comment created by mattias:\n\nI do not run all test just try to run selected test. Nevertheless I just defined SKIP_EF.\r\nBut I still get the same errors!"
        },
        {
            "created_at": "2017-03-15T11:03:34Z",
            "body": "Comment created by mattias:\n\nsorry my fault defined Skip_EF in Catel.Test.NET40 but run tests in Project .Net45"
        },
        {
            "created_at": "2017-03-16T13:47:13Z",
            "body": "Comment created by mattias:\n\nCreated Pull Request: https:\/\/github.com\/Catel\/Catel\/pull\/111"
        }
    ]
}