{
    "issue": {
        "title": "CTL-1004: Custom ServiceLocator implementation not working",
        "body": "Jira issue originally created by user menno:\n\nThis small repro shows that the ServiceLocator.Default is updated, but the service locator that is obtained by the extension method still uses the default Catel service locator.\r\n\r\n```\r\npublic static void Main(String[] args)\r\n{\r\nIoCFactory.CreateServiceLocatorFunc = () => new MyCustomServiceLocator();\r\nIoCConfiguration.UpdateDefaultComponents();\r\nvar sl = ServiceLocator.Default; \/\/ this has my MyCustomServiceLocator\r\n\r\nProgram p = new Program();\r\nvar sl2 = p.GetServiceLocator(); \/\/ this has the default Catel.IoC service locator :-\/\r\n}\r\n```",
        "created_at": "2017-01-16T13:18:44Z",
        "closed": false,
        "labels": [
            "Bug"
        ],
        "assignee": "geertvanhorrik"
    },
    "comments": [
        {
            "created_at": "2017-01-16T13:30:46Z",
            "body": "Comment created by menno:\n\nLet's see if we can get a better code view \r\n```\r\npublic static void Main(String[] args)\r\n{ \r\n  IoCFactory.CreateServiceLocatorFunc = () => new MyCustomServiceLocator();   \r\n  IoCConfiguration.UpdateDefaultComponents(); \r\n  var sl = ServiceLocator.Default; \/\/ this has my MyCustomServiceLocator \r\n  Program p = new Program(); var sl2 = p.GetServiceLocator(); \/\/ this has the default Catel.IoC service locator :-\/ \r\n} \r\n```"
        },
        {
            "created_at": "2017-01-18T14:55:26Z",
            "body": "Comment created by @geertvanhorrik:\n\nI believe this is caused by scoping. At the time of the program creation, the class is being created by the original Catel.IoC.ServiceLocator. Therefore the GetServiceLocator() extension method works correctly, because it should return the\u00a0**scoped** service locator of the calling object."
        },
        {
            "created_at": "2017-01-18T15:10:26Z",
            "body": "Comment created by menno:\n\nOk, then how can I get my service locator from the extension method?"
        }
    ]
}