{
    "issue": {
        "title": "CTL-211: the resource file of simple chinese language should be in the fold of zh-Hans not zh-CHS",
        "body": "Jira issue originally created by user metasong:\n\nplease refer the net address:\r\nhttp:\/\/blogs.msdn.com\/b\/shawnste\/archive\/2007\/12\/13\/zh-hans-zh-hant-and-the-old-zh-chs-zh-cht.aspx\r\nso, we should chang name the resource file of Catel.Core MVVN and Control. i.e. Resources.zh-CHS.resx to Resources.zh-Hans.resx",
        "created_at": "2013-10-25T11:05:41Z",
        "closed": true,
        "labels": [
            "Improvement"
        ],
        "milestone": 13,
        "assignee": "geertvanhorrik"
    },
    "comments": [
        {
            "created_at": "2013-11-20T20:27:03Z",
            "body": "Comment created by @geertvanhorrik:\n\nTo 3.9, too many other items to fix in 3.8"
        },
        {
            "created_at": "2013-12-24T23:28:52Z",
            "body": "Comment created by @geertvanhorrik:\n\nDone!"
        },
        {
            "created_at": "2013-12-24T23:28:52Z",
            "body": "Issue was closed with resolution \"Fixed\""
        }
    ]
}