{
    "issue": {
        "title": "CTL-121: Create separate build server",
        "body": "Jira issue originally created by user @geertvanhorrik:\n\nCreate a separate build server and a build agent to allow automatic nightly builds.",
        "created_at": "2013-07-14T15:20:04Z",
        "closed": true,
        "labels": [
            "Task"
        ],
        "milestone": 15,
        "assignee": "geertvanhorrik"
    },
    "comments": [
        {
            "created_at": "2013-08-14T18:49:43Z",
            "body": "Comment created by @geertvanhorrik:\n\nCI and Nightly build are done. Only official build to go."
        },
        {
            "created_at": "2013-10-08T21:29:00Z",
            "body": "Comment created by @geertvanhorrik:\n\nCurrently adding \"create installer\" stage to nightly build."
        },
        {
            "created_at": "2013-10-10T22:48:17Z",
            "body": "Comment created by @geertvanhorrik:\n\nThe CI and Nightly build are now fully functional, setup is created by the nightly build. Only production left."
        },
        {
            "created_at": "2013-10-11T02:27:23Z",
            "body": "Comment created by metasong:\n\ncool!"
        },
        {
            "created_at": "2013-10-18T14:14:07Z",
            "body": "Comment created by @geertvanhorrik:\n\nDone!"
        },
        {
            "created_at": "2013-10-18T14:14:07Z",
            "body": "Issue was closed with resolution \"Duplicate\""
        }
    ]
}