{
    "issue": {
        "title": "CTL-109: Can not find Suitable override in ModelBase",
        "body": "Jira issue originally created by user Emmanuel71:\n\nHello,\r\n\r\nFirst off all i want to congratulate you for this superb project. I'm a senoir .NET architect for quit a few years now and was looking for a descent MVVM framework, I recently \"hit\" the Catel project and found it a well structured framework with a lot of documentation. While i was testing i've got a minor problem with the ModelBase class, check attachment. I've got an error: No suitable override found > neverthless , after changing the signature of the overrided procedures (mapping to the interface), everything works well. > check out attach for more details.\r\n\r\nKeep on going guys !!!\r\n\r\nEmmanuel Nuyttens\r\nBelgium.",
        "created_at": "2013-07-04T10:24:35Z",
        "closed": true,
        "labels": [
            "Bug"
        ],
        "milestone": 16,
        "assignee": "geertvanhorrik"
    },
    "comments": [
        {
            "created_at": "2013-07-04T10:33:58Z",
            "body": "Comment created by @geertvanhorrik:\n\nThank you very much for the kinds words. Do you mean the code snippets or project templates?"
        },
        {
            "created_at": "2013-07-25T22:18:37Z",
            "body": "Comment created by @geertvanhorrik:\n\nFixed, see the updated code snippets at http:\/\/www.catelproject.com\/download\/general-files\/"
        },
        {
            "created_at": "2013-07-25T22:18:42Z",
            "body": "Issue was closed with resolution \"Fixed\""
        }
    ]
}