{
    "issue": {
        "title": "CTL-430: Improve InfoBarMessageControl to allow easy styling in a DataWindow",
        "body": "Jira issue originally created by user Silvercircle:\n\nI tried to create my own style for the InfoBarMessageControl based on the default style, but it seems that the InfoBarMessageControl always use the default style, except the Style property is overridden manually.\r\n\r\nI have used this style\r\nhttps:\/\/github.com\/Catel\/Catel\/blob\/552fdff2990cbce9c963b94796dbe09b5fb52ee6\/src\/Catel.MVVM\/Catel.MVVM.NET40\/Themes\/InfoBarMessageControl.generic.xaml\r\nchanged all colors to green and removed the x:key attribute, but nothing changed,\r\nSo I changed the x:key attribute and added a new InfoBarMessageControl to my DataWindow, with overridden Style property.\r\nNow the custom style is working, unfortunately I have now two InfoBarMessageControl's on my DataWindow, one with the default style and another one with my custom style. \r\n\r\nAt the end I found a solution  that is working as I want, I have added the steps to the documentation.\r\n\r\nhttps:\/\/catelproject.atlassian.net\/wiki\/display\/CTL\/Validation+controls#Validationcontrols-StylinginDataWindow\r\n\r\nFeel free to remove it again if it's totally crap ;)\r\nSo, if I have not missed something, it would be nice when a style for the TargetType InfoBarMessageControl and without a x:key, would used from all InfoBarMessageControl's.",
        "created_at": "2014-04-29T16:59:29Z",
        "closed": true,
        "labels": [
            "Improvement"
        ],
        "milestone": 12,
        "assignee": "geertvanhorrik"
    },
    "comments": [
        {
            "created_at": "2014-04-30T10:18:29Z",
            "body": "Comment created by @geertvanhorrik:\n\nThanks for adding the steps to the documentation. We really appreciate the community stepping up and helping out!"
        },
        {
            "created_at": "2014-05-14T13:44:20Z",
            "body": "Comment created by @geertvanhorrik:\n\nHave you tried registering your own style without a key (just the TargetType)?"
        },
        {
            "created_at": "2014-05-14T16:30:13Z",
            "body": "Comment created by Silvercircle:\n\nYes, I did.\r\nIs it working in your project?\r\nI can check it again and create a demo solution if it helps. \r\n\r\nI also have serparted the parts in different projects in my solution.\r\nSolution\r\n-- Folder \"Sources\"\r\n---- Folder \"Controls\"\r\n------ Project \"Name.Controls\" <-- location of my DataWindow\r\n---- Folder \"Styles\"\r\n------ Project \"Name.Style\" <-- location of my styles and a \"GenericTheme\"  resource dictionary, which contains all different xaml files (ButtonStyle.xaml ...)\r\n---- Project \"Name.Start\" <-- contains the main application, a reference to the GenericTheme.xaml from Name.Style and of course the controls from Name.Controls.\r\n\r\n\r\n"
        },
        {
            "created_at": "2014-05-14T16:31:38Z",
            "body": "Comment created by @geertvanhorrik:\n\nYes, please create a demo."
        },
        {
            "created_at": "2014-05-15T11:45:48Z",
            "body": "Comment created by Silvercircle:\n\nSometimes it's helpful to start from scratch :) \r\nI have overlooked that I have removed the \r\n                <ResourceDictionary  Source=\"\/Catel.Extensions.Controls;component\/themes\/generic.xaml\" \/>\r\nentry from my App.xaml. \r\nThe style is working for all InfoBarMessageControl's with or without the key attribute, but only if the entry above is added to the App.xaml or another \"global\" resource directory. \r\nUnfortunately, the generic.xaml doesn't work  with my custom styles, for example the height from my combobox is too small if I use the generic xaml. \r\nChanging all my styles isn't an option, because not all projects are using catel. \r\n\r\nSo, it would be great if the InfoBarMessageControl would use the style from InfoBarStyle.xaml(in the demo project) with or without the generic.xaml entry. \r\n\r\nHere is the link to the demo project: \r\nhttps:\/\/dl.dropboxusercontent.com\/u\/960918\/InfoBarStyleDemo.zip\r\nStart -> Click \"ShowDialog\" -> Window with green InfoBar appears. \r\nAnd if you now remove the generic.xaml from App.xaml, the InfoBar uses again the default style. \r\n\r\n"
        },
        {
            "created_at": "2014-06-04T13:58:06Z",
            "body": "Comment created by @geertvanhorrik:\n\nI think the reason that it still works with the default style is that Catel injects the generic if it is not found. This means that it overrides the custom theme. I think you always need to include the generic one."
        },
        {
            "created_at": "2014-06-04T13:58:47Z",
            "body": "Comment created by @geertvanhorrik:\n\nI think this issue can be closed since I see the customized style working."
        },
        {
            "created_at": "2014-06-04T13:58:47Z",
            "body": "Issue was closed with resolution \"Fixed\""
        }
    ]
}