{
    "issue": {
        "title": "CTL-314: Catel + Json.NET model incompatibility",
        "body": "Jira issue originally created by user tbitowt:\n\nProblem exists when same class is a Catle Model (derived from ModelBase) and a JsonObject from Json.NET library.\r\n\r\nWhen trying to deserialize Json with JsonConvert.DeserializeObject<>(string) function it raises exception:\r\n\r\n{\"Value cannot be null.\\r\\nParameter name: serializationInfo\"}\r\n\r\nYou can find example model class in attachment\r\n",
        "created_at": "2014-01-29T13:00:57Z",
        "closed": true,
        "labels": [
            "Bug"
        ],
        "milestone": 13,
        "assignee": "geertvanhorrik"
    },
    "comments": [
        {
            "created_at": "2014-01-29T19:30:17Z",
            "body": "Comment created by @geertvanhorrik:\n\nThank you very much for this report. We will look into it as soon as possible."
        },
        {
            "created_at": "2014-02-04T20:33:27Z",
            "body": "Comment created by @geertvanhorrik:\n\nI think the main reason is that JSON.net tries to use the constructor with the most parameters, which is not always the best idea. Will see if I can get a way around this."
        },
        {
            "created_at": "2014-02-04T20:38:32Z",
            "body": "Comment created by @geertvanhorrik:\n\nAdded unit tests and a fix."
        },
        {
            "created_at": "2014-02-04T20:38:51Z",
            "body": "Comment created by @geertvanhorrik:\n\nDone."
        },
        {
            "created_at": "2014-02-04T20:38:50Z",
            "body": "Issue was closed with resolution \"Fixed\""
        }
    ]
}