{
    "issue": {
        "title": "CTL-457: Bring back support for PCL for the core",
        "body": "Jira issue originally created by user @geertvanhorrik:\n\n",
        "created_at": "2014-06-06T18:49:30Z",
        "closed": true,
        "labels": [
            "Task"
        ],
        "milestone": 12,
        "assignee": "geertvanhorrik"
    },
    "comments": [
        {
            "created_at": "2014-06-07T00:33:11Z",
            "body": "Comment created by @geertvanhorrik:\n\nCode is PCL compatible."
        },
        {
            "created_at": "2014-06-07T00:33:11Z",
            "body": "Issue was closed with resolution \"Fixed\""
        }
    ]
}