{
    "issue": {
        "title": "CTL-356: (Multi)ValueConverter should return DependencyProperty.UnsetValue",
        "body": "Jira issue originally created by user facos:\n\nHi Geert,\r\n\r\nMicrosoft recomends returning DependencyProperty.UnsetValue for the Convert and ConvertBack method of I(Multi)ValueConverter (best practise) to state an error or no value has been produced (FallbackValue or default value will be used in this case).\r\n\r\nBinding.DoNothing does not use the FallbackValue or default value.\r\n\r\nThanks!",
        "created_at": "2014-02-19T00:12:08Z",
        "closed": true,
        "labels": [
            "Bug"
        ],
        "milestone": 12,
        "assignee": "geertvanhorrik"
    },
    "comments": [
        {
            "created_at": "2014-02-19T09:15:30Z",
            "body": "Comment created by @geertvanhorrik:\n\nFor **multivalueconverters**, Microsoft recommends the following (see http:\/\/msdn.microsoft.com\/en-us\/library\/system.windows.data.imultivalueconverter.convertback(v=vs.110).aspx):\r\n\r\nReturn **null** to indicate that the converter cannot perform the conversion or that it does not support conversion in this direction.\r\n\r\nIn the **ValueConverterBase*, we return *ConverterHelper.DoNothingBindingValue**:\r\n\r\n```\r\n        public static readonly object DoNothingBindingValue =\r\n#if NET\r\n            Binding.DoNothing;\r\n#else\r\n            DependencyProperty.UnsetValue;\r\n#endif\r\n```\r\n\r\nAre you saying you would like this to be turned into UnsetValue for .NET as well?"
        },
        {
            "created_at": "2014-02-19T09:20:27Z",
            "body": "Comment created by @geertvanhorrik:\n\nConverterHelper.DoNothingBindingValue now returns UnsetValue instead of DoNothing in NET40 and NET45 to make sure it can use the FallbackValue"
        },
        {
            "created_at": "2014-02-19T11:14:30Z",
            "body": "Comment created by facos:\n\nPerfect! Thanks!"
        },
        {
            "created_at": "2014-02-19T09:20:32Z",
            "body": "Issue was closed with resolution \"Fixed\""
        }
    ]
}