{
    "issue": {
        "title": "CTL-147: GetFirstValidationErrorConverter might throw NullReferenceException",
        "body": "Jira issue originally created by user @geertvanhorrik:\n\nSee http:\/\/stackoverflow.com\/questions\/18092362\/catel-wpf-deferred-validation\/18096269#18096269",
        "created_at": "2013-08-07T08:36:20Z",
        "closed": true,
        "labels": [
            "Bug"
        ],
        "milestone": 16,
        "assignee": "geertvanhorrik"
    },
    "comments": [
        {
            "created_at": "2013-08-07T18:18:04Z",
            "body": "Comment created by @geertvanhorrik:\n\nDone."
        },
        {
            "created_at": "2013-08-07T18:18:04Z",
            "body": "Issue was closed with resolution \"Fixed\""
        }
    ]
}