{
    "issue": {
        "title": "CTL-166: DefaultValue attribute for Catel.Fody",
        "body": "Jira issue originally created by user @geertvanhorrik:\n\nAutomatic weaving already supports automatic weaving of change handlers. The only real thing missing is the default value.\r\n\r\nSomething like this:\r\n\r\n```\r\n[DefaultValue(\"Geert\")]\r\npublic string FirstName { get; set }\r\n```",
        "created_at": "2013-09-01T10:26:24Z",
        "closed": true,
        "labels": [
            "Task"
        ],
        "milestone": 15,
        "assignee": "geertvanhorrik"
    },
    "comments": [
        {
            "created_at": "2013-11-09T18:46:17Z",
            "body": "Comment created by @geertvanhorrik:\n\nWritten documentation: https:\/\/catelproject.atlassian.net\/wiki\/display\/CTL\/Weaving+properties#Weavingproperties-Specifyingdefaultvaluesforweavedproperties"
        },
        {
            "created_at": "2013-11-09T18:53:58Z",
            "body": "Comment created by @geertvanhorrik:\n\nWritten unit tests."
        },
        {
            "created_at": "2013-11-10T14:45:25Z",
            "body": "Comment created by @geertvanhorrik:\n\nDone!"
        },
        {
            "created_at": "2013-11-10T14:45:25Z",
            "body": "Issue was closed with resolution \"Fixed\""
        }
    ]
}