{
    "issue": {
        "title": "CTL-1: Implement MainViewModelBase",
        "body": "Jira issue originally created by user @geertvanhorrik:\n\nMainViewModelBase is a ViewModel that will receive an event when the bootstrapper done with the StartupEventArgs. \r\n\r\npublic class MyMainViewModel : MainViewModelBase \r\n{ \r\npublic void OnMain(StartupEventArgs args) \r\n{ \r\n} \r\n} \r\n\r\nThis view model can use as the \"main entry point\" of the application to continue the application flow when the bootstrapper done if is necesary. ",
        "created_at": "2013-03-02T11:40:21Z",
        "closed": true,
        "labels": [
            "Task"
        ],
        "milestone": 17
    },
    "comments": [
        {
            "created_at": "2013-03-15T12:36:02Z",
            "body": "Comment created by @geertvanhorrik:\n\nMoved to 3.6"
        },
        {
            "created_at": "2013-04-02T22:27:47Z",
            "body": "Comment created by @alexfdezsauco:\n\nDefenitly I think we can turn this into an IStartUpInfoProvider."
        },
        {
            "created_at": "2013-04-03T20:17:53Z",
            "body": "Comment created by @geertvanhorrik:\n\nOk, then you can close the issue if you want."
        },
        {
            "created_at": "2013-04-04T14:54:27Z",
            "body": "Comment created by @alexfdezsauco:\n\nThis feature wil be turned into the implementation of IStartUpInfoProvider available on Core. \r\n\r\nWe wil also add an overload run method on the Bootstarperbase that will receive the necesary arguments to register an instance of StartUpInfoProvider."
        },
        {
            "created_at": "2013-12-24T15:50:27Z",
            "body": "Comment created by @alexfdezsauco:\n\nNo longer needed."
        },
        {
            "created_at": "2013-04-04T14:54:27Z",
            "body": "Issue was closed with resolution \"Incomplete\""
        }
    ]
}