{
    "issue": {
        "title": "CTL-239: DefaultValue not honoured for boolean types in Catel.Fody",
        "body": "Jira issue originally created by user jdehaan:\n\nCode to reproduce:\r\n\r\n```\r\nusing System.Diagnostics;\r\nusing Catel.Data;\r\nusing Catel.Fody;\r\n\r\nnamespace TestingCatel.Fody\r\n{\r\n    public class ASimpleModel : ModelBase\r\n    {\r\n        [DefaultValue(true)]\r\n        public bool IsOk { get; set; }\r\n    }\r\n\r\n    internal class Program\r\n    {\r\n        private static void Main(string[] args)\r\n        {\r\n            var model = new ASimpleModel();\r\n            Debug.Assert(model.IsOk);\r\n        }\r\n    }\r\n}\r\n```",
        "created_at": "2013-11-19T15:54:09Z",
        "closed": true,
        "labels": [
            "Bug"
        ],
        "milestone": 15,
        "assignee": "geertvanhorrik"
    },
    "comments": [
        {
            "created_at": "2013-11-19T16:26:38Z",
            "body": "Comment created by @geertvanhorrik:\n\nSh*t, I forgot to add unit tests for booleans :)\r\n\r\nI did long, int, float, double, string, etc. Will add these tomorrow or friday or so."
        },
        {
            "created_at": "2013-11-19T17:07:24Z",
            "body": "Comment created by jdehaan:\n\nlol, always what is forgotten is hitting one's head later on, murphy's law"
        },
        {
            "created_at": "2013-11-20T20:21:36Z",
            "body": "Comment created by @geertvanhorrik:\n\nFixed."
        },
        {
            "created_at": "2013-11-20T20:26:28Z",
            "body": "Comment created by @geertvanhorrik:\n\nSee http:\/\/www.nuget.org\/packages\/Catel.Fody\/1.5.3.1311202023-beta"
        },
        {
            "created_at": "2013-11-20T20:26:33Z",
            "body": "Issue was closed with resolution \"Fixed\""
        }
    ]
}