{
    "issue": {
        "title": "CTL-110: Enhance prism extension",
        "body": "Jira issue originally created by user @geertvanhorrik:\n\nCreateInitializationTasks must be protected virtual so it can be overriden",
        "created_at": "2013-07-04T18:43:58Z",
        "closed": true,
        "labels": [
            "Task"
        ],
        "milestone": 16,
        "assignee": "geertvanhorrik"
    },
    "comments": [
        {
            "body": "empty body",
            "created_at": "2013-07-04T18:43:58Z"
        },
        {
            "created_at": "2013-07-05T14:21:52Z",
            "body": "Comment created by @geertvanhorrik:\n\nDuplicate issue, see [CTL-111](https:\/\/catelproject.atlassian.net\/browse\/CTL-111)"
        },
        {
            "created_at": "2013-07-05T14:21:59Z",
            "body": "Issue was closed with resolution \"Duplicate\""
        }
    ]
}