{
    "issue": {
        "title": "CTL-276: Add CompositeCommand to group several commands together",
        "body": "Jira issue originally created by user @geertvanhorrik:\n\n",
        "created_at": "2013-12-15T14:43:29Z",
        "closed": true,
        "labels": [
            "Task"
        ],
        "milestone": 13,
        "assignee": "geertvanhorrik"
    },
    "comments": [
        {
            "created_at": "2013-12-15T14:44:22Z",
            "body": "Issue was closed with resolution \"Fixed\""
        }
    ]
}