{
    "issue": {
        "title": "CTL-388: Allow customization of assembly used for logging",
        "body": "Jira issue originally created by user @geertvanhorrik:\n\nBy default it uses the configuration of the currently application. In case a product is being loaded as a plug-in of an existing framework (such as Visual Studio), it is better to be able to specify the assembly used to initialize the log files (so the right config can be loaded).\r\n\r\n```\r\n            var assembly = GetType().Assembly;\r\n            var configPath = string.Format(\"{0}.config\", assembly.Location);\r\n            LogManager.LoadListenersFromConfigurationFile(configPath, assembly);\r\n```",
        "created_at": "2014-03-13T22:43:17Z",
        "closed": true,
        "labels": [
            "Improvement"
        ],
        "milestone": 12,
        "assignee": "geertvanhorrik"
    },
    "comments": [
        {
            "created_at": "2014-03-13T23:04:35Z",
            "body": "Comment created by @geertvanhorrik:\n\nDone."
        },
        {
            "created_at": "2014-03-13T23:04:35Z",
            "body": "Issue was closed with resolution \"Fixed\""
        }
    ]
}