{
    "issue": {
        "title": "CTL-51: Allow ViewModelFactory to determine whether a view model can be reused",
        "body": "Jira issue originally created by user @geertvanhorrik:\n\nRecently we had a client which had a weird problem:\r\n\r\n* BaseViewModel\r\n* SubViewModel\r\n\r\nThe sub view model inherited from BaseViewModel and was also used in a parent view like this:\r\n\r\nSubView\r\n  |--> BaseView\r\n\r\nThe view model of SubView was being re-used by the BaseView because the type of the view model was expected (SubViewModel, but inherits from BaseViewModel thus OK).\r\n\r\nThe logic that determines whether a VM can be reused must be extracted to the ViewModelFactory to allow customization of this behavior in very rare cases.",
        "created_at": "2013-04-19T12:49:13Z",
        "closed": true,
        "labels": [
            "Bug"
        ],
        "milestone": 17,
        "assignee": "geertvanhorrik"
    },
    "comments": [
        {
            "created_at": "2013-04-19T12:59:23Z",
            "body": "Comment created by @geertvanhorrik:\n\nDone."
        },
        {
            "created_at": "2013-04-19T12:59:23Z",
            "body": "Issue was closed with resolution \"Fixed\""
        }
    ]
}