{
    "issue": {
        "title": "CTL-246: Allow validation of non-catel properties",
        "body": "Jira issue originally created by user facos:\n\nWe use a lot \u201ecalculated\u201c  non Catel properties and it would be very helpful\r\nIf Catel could validate them too if they are decorated with data validation annotations.\r\n\r\nExample:\r\n\r\n```\r\n[Range(1, 100)]\r\npublic int Weight\r\n{\r\n        get\r\n       {\r\n                return this.BaseWeight * this.Factor;\r\n       }\r\n}\r\n```\r\n\r\nA full featured catel property (and with setter) would not be the best choice here \u2026 \r\n",
        "created_at": "2013-11-22T23:42:12Z",
        "closed": true,
        "labels": [
            "Task"
        ],
        "milestone": 15,
        "assignee": "geertvanhorrik"
    },
    "comments": [
        {
            "created_at": "2013-11-22T23:46:57Z",
            "body": "Comment created by @geertvanhorrik:\n\nWriting unit tests first."
        },
        {
            "created_at": "2013-11-22T23:54:40Z",
            "body": "Comment created by @geertvanhorrik:\n\nHave to write a better implementation of the PropertyDataManager for this (to also manage non-catel properties)"
        },
        {
            "created_at": "2013-11-23T00:15:50Z",
            "body": "Comment created by @geertvanhorrik:\n\nIntroducing the CatelTypeInfo where the class may contain additional information in the future."
        },
        {
            "created_at": "2013-11-23T01:08:40Z",
            "body": "Comment created by @geertvanhorrik:\n\nThis unit test now succeeds:\r\n\r\n```\r\npublic class ModelWithCalculatedPropertiesValidation : ModelBase\r\n{\r\n    [Range(1, 10)]\r\n    public int Weight\r\n    {\r\n        get { return 2 * 6; }\r\n    }\r\n}\r\n\r\n[TestMethod]\r\npublic void CorrectlyValidatesNonCatelProperties()\r\n{\r\n    var model = new ModelWithCalculatedPropertiesValidation();\r\n    model.Validate(true);\r\n\r\n    Assert.IsTrue(model.HasErrors);\r\n\r\n    var validationContext = model.ValidationContext;\r\n    var errors = validationContext.GetErrors();\r\n\r\n    Assert.AreEqual(1, errors.Count);\r\n    Assert.AreEqual(\"Weight\", ((FieldValidationResult)errors[0]).PropertyName);\r\n}\r\n```"
        },
        {
            "created_at": "2013-11-23T01:08:48Z",
            "body": "Issue was closed with resolution \"Fixed\""
        }
    ]
}