{
    "issue": {
        "title": "CTL-499: Support obfuscation of LogManager calls",
        "body": "Jira issue originally created by user @geertvanhorrik:\n\nWhen a log call is obfuscated to this:\r\n\r\n```\r\nstatic SocketExtensions()\r\n{\r\n    ILog currentClassLogger = LogManager.GetCurrentClassLogger();\r\n    Log = currentClassLogger;\r\n}\r\n```\r\n\r\nWe need to support that.",
        "created_at": "2014-07-31T11:40:40Z",
        "closed": true,
        "labels": [
            "Improvement"
        ],
        "milestone": 12,
        "assignee": "geertvanhorrik"
    },
    "comments": [
        {
            "created_at": "2014-07-31T12:10:02Z",
            "body": "Comment created by @geertvanhorrik:\n\nDone."
        },
        {
            "created_at": "2014-07-31T12:10:01Z",
            "body": "Issue was closed with resolution \"Fixed\""
        }
    ]
}