{
    "issue": {
        "title": "CTL-125: TypeFactory selects wrong constructor when there is more than 1 option",
        "body": "Jira issue originally created by user auz34:\n\nLet's class with two possible constructors given:\r\n\/\/\/ <summary>\r\n        \/\/\/ Initializes a new instance of the <see cref=\"CalendarPeriod\"\/> class.\r\n        \/\/\/ <\/summary>\r\n        \/\/\/ <param name=\"fieldReader\">\r\n        \/\/\/ The field reader.\r\n        \/\/\/ <\/param>\r\n        public CalendarPeriod(dynamic fieldReader)\r\n        {\r\n            ReadFixedFields(fieldReader);\r\n        }\r\n\r\n        \/\/\/ <summary>\r\n        \/\/\/ Initializes a new instance of the <see cref=\"CalendarPeriod\"\/> class.\r\n        \/\/\/ <\/summary>\r\n        \/\/\/ <param name=\"values\">\r\n        \/\/\/ The values.\r\n        \/\/\/ <\/param>\r\n        public CalendarPeriod(Dictionary<string, object> values)\r\n        {\r\n            ReadFixedFields(values);\r\n        }\r\n\r\nFollowing code will always select first constructor despite the real type of the parameter:\r\nif (_dataSource.FieldMappings.Count > 0)\r\n                {\r\n                    return serviceLocator.ResolveTypeUsingParameters<T>(new object[] { ItemAsDictionary });\r\n                }\r\n                \r\n                return serviceLocator.ResolveTypeUsingParameters<T>(new object[] { _csvReader });\r\n\r\n",
        "created_at": "2013-07-18T18:00:55Z",
        "closed": true,
        "labels": [
            "Bug"
        ],
        "milestone": 15,
        "assignee": "geertvanhorrik"
    },
    "comments": [
        {
            "created_at": "2013-07-18T18:25:19Z",
            "body": "Comment created by @geertvanhorrik:\n\nThanks for this issue. Catel makes sure that the ctor can be used by checking the types and whether the constructor accepts all types. It first tries to longest constructors and will go done the path to constructors with less arguments until one matches.\n\nI think this is because the first constructor is of type \"dynamic\" which always fits the constructor. What gives you the idea that this is the \"wrong\" constructor?  We don't support attributes like [InjectionConstructor], nor are we planning too (hit on performance). Do you really need the dynamic object constructor?"
        },
        {
            "created_at": "2013-07-18T18:36:39Z",
            "body": "Comment created by auz34:\n\nYes I do need it. That dynamic fieldReader is what I get using CSVHelper library. \n\nI understand why bug happens and how it is implemented in the Catel. In my opinion there is no need in any attributes. This peace of code was initially implemented using Ninject and works perfectly there without any attributes. In my humble opinion Catel should not stop search when the first constructor is found. It would be nice if it continues search for the same length constructors if there is a better option. Having in mind that such type metadata information is cached I do not really think it can be a really noticeable performance impact."
        },
        {
            "created_at": "2013-10-22T18:59:00Z",
            "body": "Comment created by @geertvanhorrik:\n\nWritten unit tests."
        },
        {
            "created_at": "2013-10-22T21:24:57Z",
            "body": "Comment created by @geertvanhorrik:\n\nCatel already sorted based on the number of parameters. Now it subsorts the same number of parameters and puts parameters with Object and DynamicObject as last (so will try other ctors with the same number of parameters first).\r\n\r\nI will also add an attribute so if the system does not pick the right ctor, you can easily modify this."
        },
        {
            "created_at": "2013-10-22T21:31:09Z",
            "body": "Comment created by @geertvanhorrik:\n\nAlso written documentation:\r\n\r\nhttps:\/\/catelproject.atlassian.net\/wiki\/display\/CTL\/Dependency+injection#Dependencyinjection-Manuallydefiningtheconstructortousefordependencyinjection\r\n\r\nOnly the feature left."
        },
        {
            "created_at": "2013-10-22T21:45:25Z",
            "body": "Comment created by @geertvanhorrik:\n\nDone!"
        },
        {
            "created_at": "2013-10-22T21:45:25Z",
            "body": "Issue was closed with resolution \"Fixed\""
        }
    ]
}