{
    "issue": {
        "title": "CTL-309: Move services to Catel.Services namespace",
        "body": "Jira issue originally created by user @geertvanhorrik:\n\nMove services to Catel.Services namespace instead of Catel.MVVM.Services.\r\n\r\nMark services as obsolete in Catel.MVVM.Services namespace (remove in 5.0).",
        "created_at": "2014-01-23T19:05:56Z",
        "closed": true,
        "labels": [
            "Task"
        ],
        "milestone": 12,
        "assignee": "geertvanhorrik"
    },
    "comments": [
        {
            "created_at": "2014-02-20T14:41:07Z",
            "body": "Comment created by @geertvanhorrik:\n\nMoved Catel.MVVM.Services to Catel.Services namespace so all services in all extensions will now be put into the same namespace"
        },
        {
            "created_at": "2014-02-20T14:42:29Z",
            "body": "Comment created by @geertvanhorrik:\n\nDone."
        },
        {
            "created_at": "2014-06-19T12:04:05Z",
            "body": "Issue was closed with resolution \"Fixed\""
        }
    ]
}