{
    "issue": {
        "title": "CTL-458: Remove usage of ICloneable",
        "body": "Jira issue originally created by user @geertvanhorrik:\n\nSee http:\/\/blogs.msdn.com\/b\/brada\/archive\/2004\/05\/03\/125427.aspx. BCL team advices not to use it.",
        "created_at": "2014-06-06T23:09:56Z",
        "closed": true,
        "labels": [
            "Task"
        ],
        "milestone": 12,
        "assignee": "geertvanhorrik"
    },
    "comments": [
        {
            "created_at": "2014-06-06T23:11:05Z",
            "body": "Comment created by @geertvanhorrik:\n\nIf one wants to clone an object, simply serialize \/ deserialize it."
        },
        {
            "created_at": "2014-06-06T23:11:50Z",
            "body": "Comment created by @geertvanhorrik:\n\nDone."
        },
        {
            "created_at": "2014-06-06T23:11:50Z",
            "body": "Issue was closed with resolution \"Fixed\""
        }
    ]
}