{
    "issue": {
        "title": "CTL-357: NavigationContext is empty in Silverlight",
        "body": "Jira issue originally created by user @geertvanhorrik:\n\nSee original ticket here:\r\n\r\nhttp:\/\/stackoverflow.com\/questions\/21896784\/navigationcontext-empty-on-onnavigationcompleted-method-catel-silverlight-navig\r\n\r\nTo make it work, I made a change to the source code of the Catel.MVVM.SL5 project:\r\n\r\nOn line 281 of NavigationLogicBase.cs, below the \"#elif SILVERLIGHT\" directive:\r\n\r\ninstead of:\r\n\r\n```\r\nvar navigationContext = e.Content;\r\n```\r\n\r\nI replaced it with\r\n\r\n```\r\nvar navigationContext = ((Page)e.Content).NavigationContext;\r\n```\r\n\r\nRecompiled, added the new DLLs to my project and it worked: NavigationData was included in the NavigationContext.",
        "created_at": "2014-02-20T10:41:42Z",
        "closed": true,
        "labels": [
            "Bug"
        ],
        "milestone": 12,
        "assignee": "geertvanhorrik"
    },
    "comments": [
        {
            "created_at": "2014-02-20T10:58:18Z",
            "body": "Issue was closed with resolution \"Fixed\""
        }
    ]
}