{
    "issue": {
        "title": "CTL-328: Investigate Xamarin support of Catel.MVVM",
        "body": "Jira issue originally created by user @geertvanhorrik:\n\nCheck how much work it would be to implement support.",
        "created_at": "2014-02-06T17:39:42Z",
        "closed": true,
        "labels": [
            "Task"
        ],
        "milestone": 12,
        "assignee": "geertvanhorrik"
    },
    "comments": [
        {
            "created_at": "2014-02-06T20:07:24Z",
            "body": "Comment created by @geertvanhorrik:\n\nA lot of hoops to take. First job is to abstract the views into interfaces (partly done), then so how the binding system in iOS and Android works (because we want to go further than simply providing an ObservableObject-based view model, that's too basic."
        },
        {
            "created_at": "2014-02-26T20:59:49Z",
            "body": "Comment created by @geertvanhorrik:\n\nProbably a no-go. Will think about it, but it is probably not worth the investment."
        },
        {
            "created_at": "2014-03-19T11:34:08Z",
            "body": "Comment created by @geertvanhorrik:\n\nCatel.Core is now fully xamarin compatible."
        },
        {
            "created_at": "2014-03-21T17:53:05Z",
            "body": "Comment created by @geertvanhorrik:\n\nFully abstracting away the FrameworkElement etc to IView so Catel will be fully compatible with Android and iOS."
        },
        {
            "created_at": "2014-03-22T09:41:26Z",
            "body": "Comment created by @geertvanhorrik:\n\nConverters and views moved to Catel.MVVM namespaces."
        },
        {
            "created_at": "2014-03-25T19:13:41Z",
            "body": "Comment created by @geertvanhorrik:\n\nWin 8.0 and Win 8.1 are now compatible again."
        },
        {
            "created_at": "2014-04-01T22:26:36Z",
            "body": "Comment created by @geertvanhorrik:\n\nPages (Activity) and Nested user controls (Fragments) are now working."
        },
        {
            "created_at": "2014-04-01T22:29:23Z",
            "body": "Comment created by @geertvanhorrik:\n\nThe following services must be implemented:\r\n\r\n* IPleaseWaitService\r\n* SchedulerService\r\n* AccelerometerService\r\n* LocationService => working\r\n* VibrateService\r\n* CameraService"
        },
        {
            "created_at": "2014-04-01T22:55:43Z",
            "body": "Comment created by @geertvanhorrik:\n\nAdded documentation for multiple platforms"
        },
        {
            "created_at": "2014-04-01T23:07:12Z",
            "body": "Comment created by @geertvanhorrik:\n\nWritten documentation on how to create fragments."
        },
        {
            "created_at": "2014-04-01T23:14:04Z",
            "body": "Comment created by @geertvanhorrik:\n\nAdded documentation about activities"
        },
        {
            "created_at": "2014-04-05T13:39:51Z",
            "body": "Comment created by @geertvanhorrik:\n\nAll services are now reorganized to allow implementation for all platforms."
        },
        {
            "created_at": "2014-04-05T15:57:28Z",
            "body": "Comment created by @geertvanhorrik:\n\nLocationService implemented for Android."
        },
        {
            "created_at": "2014-04-05T16:46:58Z",
            "body": "Comment created by @geertvanhorrik:\n\nAccelerometerService implemented for Android."
        },
        {
            "created_at": "2014-04-05T16:55:22Z",
            "body": "Comment created by @geertvanhorrik:\n\nVibrateService implemented for Android."
        },
        {
            "created_at": "2014-05-10T13:45:15Z",
            "body": "Comment created by @geertvanhorrik:\n\nCreated binding system that is fully tested on android."
        },
        {
            "created_at": "2014-06-04T13:59:29Z",
            "body": "Comment created by @geertvanhorrik:\n\nXamarin support added. Will check in 4.1 if we can support Xamarin.Forms out of the box."
        },
        {
            "created_at": "2014-06-19T12:04:34Z",
            "body": "Issue was closed with resolution \"Fixed\""
        }
    ]
}