{
    "issue": {
        "title": "CTL-473: Improve the way loaded views are handled",
        "body": "Jira issue originally created by user @geertvanhorrik:\n\nCatel contains a ViewLoadManager to make sure that views are loaded top-down. This makes sure that each view already has a context when being loaded and the VM won't be created multiple times due to loading bugs in Silverlight.\r\n\r\nThe old mechanism uses a custom stack of views but does not support multiple views on the same level (such as a tab control). \r\n\r\nThis needs to be changed. At the same time the performance can be improved on platforms that already handle the loading top => down because the events only have to be forwarded.",
        "created_at": "2014-06-24T16:20:28Z",
        "closed": true,
        "labels": [
            "Improvement"
        ],
        "milestone": 12,
        "assignee": "geertvanhorrik"
    },
    "comments": [
        {
            "created_at": "2014-06-24T16:21:43Z",
            "body": "Comment created by @geertvanhorrik:\n\nFixed. It should fully work now (tested on several applications \/ test cases)."
        },
        {
            "created_at": "2014-06-24T16:21:42Z",
            "body": "Issue was closed with resolution \"Fixed\""
        }
    ]
}