{
    "issue": {
        "title": "CTL-349: Validation errors, reopen",
        "body": "Jira issue originally created by user Towelie:\n\nHello again. \r\nI've tried last version on 17 Feb and 2 bugs reported in [331] still here.",
        "created_at": "2014-02-17T19:53:07Z",
        "closed": true,
        "labels": [
            "Bug"
        ],
        "milestone": 12,
        "assignee": "geertvanhorrik"
    },
    "comments": [
        {
            "body": "empty body",
            "created_at": "2014-02-17T19:53:07Z"
        },
        {
            "created_at": "2014-02-17T19:54:09Z",
            "body": "Comment created by Towelie:\n\nreopened"
        },
        {
            "created_at": "2014-02-17T20:03:49Z",
            "body": "Comment created by @geertvanhorrik:\n\nWill re-open original ticket so we have history."
        },
        {
            "created_at": "2014-02-17T20:03:49Z",
            "body": "Issue was closed with resolution \"Incomplete\""
        }
    ]
}