{
    "issue": {
        "title": "CTL-135: Create async command",
        "body": "Jira issue originally created by user @geertvanhorrik:\n\nCreate async command.",
        "created_at": "2013-07-27T13:57:32Z",
        "closed": true,
        "labels": [
            "Task"
        ],
        "milestone": 16,
        "assignee": "geertvanhorrik"
    },
    "comments": [
        {
            "created_at": "2013-07-27T14:22:24Z",
            "body": "Comment created by inTagger:\n\nSent pull request https:\/\/github.com\/Catel\/Catel\/pull\/6"
        },
        {
            "created_at": "2013-07-27T15:27:58Z",
            "body": "Comment created by @geertvanhorrik:\n\nThis works for 4.5 out of the box. It is possible to also support this in 4.0, SL, etc by using Microsoft.Bcl.Async. The question is: are we willing to add the additional reference."
        },
        {
            "created_at": "2013-07-27T15:29:07Z",
            "body": "Comment created by @geertvanhorrik:\n\nPull request accepted, for now we will only support this in 4.5."
        },
        {
            "created_at": "2013-07-27T15:36:13Z",
            "body": "Comment created by @geertvanhorrik:\n\nDid some small refactoring to let it match the Catel coding standards."
        },
        {
            "created_at": "2013-07-27T15:37:07Z",
            "body": "Comment created by @geertvanhorrik:\n\nBtw. what is the reason why the TaskCommand does not subclass the Command class?"
        },
        {
            "created_at": "2013-07-27T16:42:01Z",
            "body": "Comment created by inTagger:\n\nJust added Command as base class for TaskCommand. Wait for a pull request."
        },
        {
            "created_at": "2013-07-27T18:33:39Z",
            "body": "Comment created by @geertvanhorrik:\n\nI have upgraded all examples in the Examples repository to NET45 and SL5. Now we can create the additional example."
        },
        {
            "created_at": "2013-07-28T11:30:16Z",
            "body": "Comment created by @geertvanhorrik:\n\nThanks for the new pull request, very nice. I have moved the files to NET40 with the following directives:\n\n#if !NET40 && !SILVERLIGHT && !WP7\n\nThen we can always quickly decide to enable it on older platforms as well."
        },
        {
            "created_at": "2013-07-28T11:39:01Z",
            "body": "Comment created by @geertvanhorrik:\n\nExcellent example as well. I will incorporate that into the examples."
        },
        {
            "created_at": "2013-07-28T11:48:20Z",
            "body": "Comment created by @geertvanhorrik:\n\nAll done, thank you very much for your help."
        },
        {
            "created_at": "2013-07-28T11:48:20Z",
            "body": "Issue was closed with resolution \"Fixed\""
        }
    ]
}