{
    "issue": {
        "title": "CTL-105: WarningAndErrorValidator no matter of Source",
        "body": "Jira issue originally created by user jens_weller:\n\nI use the WarningAndErrorValidator.\r\nThe view shows a list of models. Now I bind the WarningAndErrorValidator Source to the selectedItem. But that don't matter. The InfoBarMessageControl shows the errors of all models.\r\n\r\nI can also not set the source. It also shows the errors of all models.",
        "created_at": "2013-06-28T10:52:36Z",
        "closed": true,
        "labels": [
            "Bug"
        ],
        "milestone": 16,
        "assignee": "geertvanhorrik"
    },
    "comments": [
        {
            "created_at": "2013-06-28T11:08:57Z",
            "body": "Comment created by jens_weller:\n\nNow i'm a little bit confused. I deleted the WarningAndErrorValidator in my project but the the errors still shown in the InfoBarMessageControl ?!"
        },
        {
            "created_at": "2013-06-28T17:21:12Z",
            "body": "Comment created by @geertvanhorrik:\n\nDid you disable the WarningAndErrorValidator for the user controls? Each user control will create it's own WarningAndErrorValidator and will subscribe to the InfoBarMessageControl that is somewhere a parent control."
        },
        {
            "created_at": "2013-07-01T08:28:14Z",
            "body": "Comment created by jens_weller:\n\nYou mean the DefaultCreateWarningAndErrorValidatorForViewModelValue Property. If I set this to false, i have no more InfoBarMessageControl. (Added the WarningAndErrorValidator in each control again).\r\n```xml\r\n <catel:WarningAndErrorValidator Source=\"{Binding}\" \/>\r\n```\r\nJust need the word Binding. Without an path. Because want bind to the the whole viewmodel.\r\nIs this correct?"
        },
        {
            "created_at": "2013-07-01T21:33:29Z",
            "body": "Comment created by @geertvanhorrik:\n\nThis looks correct. Do you add this to the whole view (thus the one containing the list) or the view of the selected items?"
        },
        {
            "created_at": "2013-07-02T09:27:13Z",
            "body": "Comment created by jens_weller:\n\nYes to the whole control\n```xml\n<catel:UserControl>\n    <catel:InfoBarMessageControl>\n        <DockPanel>\n            <catel:WarningAndErrorValidator Source=\"{Binding}\" \/>\n            <ListView ItemsSource=\"{Binding Stations}\"\/>\n        <\/DockPanel>\n    <\/catel:InfoBarMessageControl>\n<\/catel:UserControl>\n```\n\nOnly in one other view there I try to set to the the Binding to the selected item of the view.\n\n```xml\n<catel:UserControl>\n    <catel:InfoBarMessageControl>\n        <DockPanel>\n            <catel:WarningAndErrorValidator Source=\"{Binding ActiveStation}\" \/>\n            <ListView ItemsSource=\"{Binding Stations}\" SelectedItem=\"{Binding ActiveStation}\">\n                <ListView.ItemTemplate>\n                       <DataTemplate>\n                            <Views:StationDetailView> <!-- catel:UserControl -->\n                        <\/DataTemplate>\n                <\/ListView.ItemTemplate>\n        <\/DockPanel>\n    <\/catel:InfoBarMessageControl>\n<\/catel:UserControl>\n```\n\nBut both did not work.\n\n"
        },
        {
            "created_at": "2013-07-02T20:55:10Z",
            "body": "Comment created by @geertvanhorrik:\n\nRemove the WarningAndErrorValidator in the first one. Also **make sure* that you have CreateWarningAndErrorValidatorForViewModel set to false *before** the view is loaded."
        },
        {
            "created_at": "2013-07-02T22:46:45Z",
            "body": "Comment created by jens_weller:\n\nWhy do I have to delete the WarningAndErrorValidator in the first one. This are two completly different controls.\n\nCreateWarningAndErrorValidatorForViewModel  in which class?\nand whats the difference to DefaultCreateWarningAndErrorValidatorForViewModelValue.\n\nI can't find any documentation to this features."
        },
        {
            "created_at": "2013-07-03T08:33:03Z",
            "body": "Comment created by jens_weller:\n\nOk. I do what you say. I deleted the WarningAndErrorValidator in the first one.\nI set the value CreateWarningAndErrorValidatorForViewModel in the constructor of the second view to false.\n\nSame Problem. The second views show all errors in the InfoBarMessageControl. Not only the errors of the \"ActiveStation\"."
        },
        {
            "created_at": "2013-07-10T12:01:10Z",
            "body": "Comment created by jens_weller:\n\nDo I something wrong? "
        },
        {
            "created_at": "2013-07-11T08:31:43Z",
            "body": "Comment created by @geertvanhorrik:\n\nCan you upload a reproducable case so I can take a look?"
        },
        {
            "created_at": "2013-07-16T18:56:11Z",
            "body": "Comment created by jens_weller:\n\nRepro"
        },
        {
            "created_at": "2013-07-17T22:12:02Z",
            "body": "Comment created by @geertvanhorrik:\n\nThanks will look into it asap."
        },
        {
            "created_at": "2013-07-25T17:59:31Z",
            "body": "Comment created by @geertvanhorrik:\n\nPlease check out the fixed example."
        },
        {
            "created_at": "2013-07-25T17:59:37Z",
            "body": "Comment created by @geertvanhorrik:\n\nDone."
        },
        {
            "created_at": "2013-08-19T15:28:59Z",
            "body": "Comment created by jens_weller:\n\nHello. Back from vacation :-)\nThank you for fixing. Do you have changed something in the example or an bugfix in catle?"
        },
        {
            "created_at": "2013-08-19T20:29:14Z",
            "body": "Comment created by @geertvanhorrik:\n\nThat was quite some vacation!\n\n\" Do you have changed something in the example or an bugfix in catle?\"\n\nWhat do you mean??"
        },
        {
            "created_at": "2013-08-20T07:50:07Z",
            "body": "Comment created by jens_weller:\n\nCorrect: \"Do you have only changed something in the example or also an bugfix in catel?\"\nI see you changed some things in the ValidationChecker Example. But are this the only changes or there also changes in catel?\n\n"
        },
        {
            "created_at": "2013-08-20T08:09:40Z",
            "body": "Comment created by @geertvanhorrik:\n\nThere are no commits in the \"\"Commits\" tab of this issue, thus that means I only fixed the example itself. No Catel changes required."
        },
        {
            "created_at": "2013-08-20T09:37:21Z",
            "body": "Comment created by jens_weller:\n\n\"Commits tab\" ??\n\nLots of code behind for this problem. Or what do you think?"
        },
        {
            "created_at": "2013-08-20T09:53:34Z",
            "body": "Comment created by @geertvanhorrik:\n\nSee the attached screenshot for the commits tab."
        },
        {
            "created_at": "2013-08-20T09:54:05Z",
            "body": "Comment created by @geertvanhorrik:\n\nThere is no way to get around this code-behind because you use a tab control and a shared infobarmessagecontrol."
        },
        {
            "created_at": "2013-08-20T10:49:42Z",
            "body": "Comment created by jens_weller:\n\nOk. \n\nI have no commits tab only \n    All\n    Comments\n    History\n    Activity"
        },
        {
            "created_at": "2013-08-20T14:16:56Z",
            "body": "Comment created by @geertvanhorrik:\n\nThanks for letting me know. Is it visible now?"
        },
        {
            "created_at": "2013-08-20T15:18:37Z",
            "body": "Comment created by jens_weller:\n\nYes it is."
        },
        {
            "created_at": "2013-08-22T08:53:52Z",
            "body": "Comment created by jens_weller:\n\nbq.  There is no way to get around this code-behind because you use a tab control and a shared infobarmessagecontrol.\n\nDepends that only on the tabcontrol? If I use an Listbox or Combobox ore something else. Do I still need the codebehind?"
        },
        {
            "created_at": "2013-08-22T11:15:55Z",
            "body": "Comment created by jens_weller:\n\nNext problem: I don't realy understand.\n\nThe example works but not my project.\nI get still an infobarmessagecontrols with all errors.\n\nBut I don't know where is the WarningAndErrorValidator from.\n\nNo more WarningAndErrorValidator in the code. \nAlso this line is commented\n\n<catel:WarningAndErrorValidator Source=\"{Binding RelativeSource={RelativeSource AncestorType=pages:MainView}, Path=SelectedTabItemViewModel, Mode=OneWay}\" \/>  \n\nIn every view I set CreateWarningAndErrorValidatorForViewModel = false;\n\nWhat the hell is the WarningAndErrorValidator coming from??\n\n\n\n\n"
        },
        {
            "created_at": "2013-08-22T18:30:46Z",
            "body": "Comment created by @geertvanhorrik:\n\nI am really sorry, but I have a regular job, a few open-source projects and a family. At the moment this support is getting out of hand. I provided a working example, that should give you enough to go on. It takes a tremendous amount of work to answer all the questions of people, so I need to spread the time as fair as I can. Please try a few things for yourself with the working example (see attachment) in mind."
        },
        {
            "created_at": "2013-08-29T11:44:10Z",
            "body": "Comment created by jens_weller:\n\nNo panic. Everything is ok. Just an question.\n\nThe problem is that I have nested viewmodels in my project. In the lowest view i have forgotten to set CreateWarningAndErrorValidatorForViewModel to false.\n\nBut I have to do a little bit more workaround.\n\nThanks for your help.\n"
        },
        {
            "created_at": "2013-08-20T09:54:12Z",
            "body": "Issue was closed with resolution \"Fixed\""
        }
    ]
}