{
    "issue": {
        "title": "CTL-492: SplashScreenService Exception",
        "body": "Jira issue originally created by user Isidorac:\n\nI have created a pull request for this:\r\nFixed SplashScreenService due to changes\/improvements to the UIVisualizerService. See [CTL-483](https:\/\/catelproject.atlassian.net\/browse\/CTL-483)\r\nSplashScreenService crashed in BeginCommit on the RunSynchronously: RunSynchronously may not be called on a task that was already started.\r\n",
        "created_at": "2014-07-16T13:50:30Z",
        "closed": true,
        "labels": [
            "Bug"
        ],
        "milestone": 12,
        "assignee": "geertvanhorrik"
    },
    "comments": [
        {
            "created_at": "2014-07-16T13:52:22Z",
            "body": "Comment created by Isidorac:\n\nAlready reported! Thus can be closed See [CTL-491](https:\/\/catelproject.atlassian.net\/browse\/CTL-491)"
        },
        {
            "created_at": "2014-07-16T13:57:53Z",
            "body": "Comment created by @geertvanhorrik:\n\nThank you very much for the PR!"
        },
        {
            "created_at": "2014-07-16T13:57:45Z",
            "body": "Issue was closed with resolution \"Duplicate\""
        }
    ]
}