{
    "issue": {
        "title": "CTL-475: ServiceLocatorRegistrationAttribute doesn't work under .net 4.0 framework",
        "body": "Jira issue originally created by user ericyu:\n\nJust download Catel 3.9 setup package.\r\nI suppose to use ServiceLocatorRegistrationAttribute to get auto registration any giving View and Viewmodel.\r\n\r\nI set each class like this:\r\n\r\n[ServiceLocatorRegistration((typeof(IOrderViewModel))]\r\npublic class OrderprocessingViewModel:IOrderViewModel\r\n{\r\n.....\r\n}\r\n\r\nVisual studio start complie my project, get error like this\r\nError\t1\tAn attribute argument must be a constant expression, typeof expression or array creation expression of an attribute parameter type\tExtraResfile\r\n.\r\nThen I use another computer with windows 7,.net framework 4.5 and Visual Studio 2012, same program works fine.\r\n\r\nI review source code, everything looks fine. I looks like when build this dll under .net framework 4.0 has problem.\r\n\r\ncan you give me some suggestion?\r\n",
        "created_at": "2014-06-25T16:57:55Z",
        "closed": true,
        "labels": [
            "Bug"
        ],
        "milestone": 12,
        "assignee": "geertvanhorrik"
    },
    "comments": [
        {
            "created_at": "2014-06-25T17:00:09Z",
            "body": "Comment created by @geertvanhorrik:\n\nI think that if you install the .NET 4.5 compiler, it will work (even though compiling for .NET 4.0). I unfortunately cannot test this because I don't have a Windows XP virtual machine with Visual Studio 2010."
        },
        {
            "created_at": "2014-06-25T17:01:04Z",
            "body": "Comment created by @geertvanhorrik:\n\nI think you have several alternatives:\r\n\r\n1) Register manually at startup\r\n2) Use naming conventions to register the types\r\n\r\nI also recommend to try out the latest prerelease (4.0 beta) via NuGet, it is nearly build-complete."
        },
        {
            "created_at": "2014-06-25T17:05:42Z",
            "body": "Comment created by @geertvanhorrik:\n\nI know there are 2 classes:\r\n\r\n1) ServiceLocatorRegistration (that is actually used by the container)\r\n2) ServiceLocatorRegistrationAttribute\r\n\r\nMaybe it's not using the 2nd one. Can you try to explicitly use ServiceLocatorRegistrationAttribute?"
        },
        {
            "created_at": "2014-06-25T17:39:39Z",
            "body": "Comment created by ericyu:\n\nI test it under windows 7 with .net framework 4.0, it still doesn't work and shows same error message.\r\nIt looks I works under framework 4.0, this attribute doesn't work.\r\nI also check your test case, only I can find your test is under framework 4.5. if you have test case under 4.0, it should better.\r\n"
        },
        {
            "created_at": "2014-06-25T18:16:41Z",
            "body": "Comment created by @geertvanhorrik:\n\nI have a NET40 test project, but.... this is being compiled with the .NET 4.5 compiler. Did you try any of the alternatives?"
        },
        {
            "created_at": "2014-06-25T19:56:00Z",
            "body": "Comment created by ericyu:\n\nI don't know this is correct or not.\r\nI wrapped ServiceLocatorRegistrationAttribute like this\r\n\r\n```\r\npublic class MyAutoRegistrationAttribute:ServiceLocatorRegistrationAttribute\r\n{\r\n            public MyAutoRegistrationAttribute(Type interfacetype):base(interfacetype)\r\n{\r\n}\r\n}\r\n```\r\n\r\nin my program, I just use my attribute instead of catel's, then everything works fine.\r\n"
        },
        {
            "created_at": "2014-06-25T22:17:15Z",
            "body": "Comment created by @geertvanhorrik:\n\nThat's an excellent solution. It's probably a bug in the compiler that cannot make sense of the types with the same name (after Attribute has been stripped).\r\n\r\nI see no issues in the workaround that you have provided."
        },
        {
            "created_at": "2014-06-25T22:21:35Z",
            "body": "Comment created by ericyu:\n\nThe problem is I work under windows XP,  OS don't allow me install 4.5 framework."
        },
        {
            "created_at": "2016-01-19T08:25:31Z",
            "body": "Comment created by menno:\n\nI ran into this problem today - thanks for sharing the workaround."
        },
        {
            "created_at": "2014-06-25T22:17:15Z",
            "body": "Issue was closed with resolution \"Cannot Reproduce\""
        }
    ]
}