{
    "issue": {
        "title": "CTL-311: MessageMediator issues when removing subscription",
        "body": "Jira issue originally created by user @geertvanhorrik:\n\nWhen changing subscriptions inside the scope of a message receive method, an exception will occur:\r\n\r\nThe collection was modified",
        "created_at": "2014-01-26T17:26:27Z",
        "closed": true,
        "labels": [
            "Bug"
        ],
        "milestone": 13,
        "assignee": "geertvanhorrik"
    },
    "comments": [
        {
            "created_at": "2014-01-26T17:30:21Z",
            "body": "Comment created by @geertvanhorrik:\n\nDone!"
        },
        {
            "created_at": "2014-01-27T17:49:19Z",
            "body": "Comment created by Bitfiddler:\n\nInteresting, I didn't think I ever changed a subscription inside a message receive method.  As far as I can remember I only changed the subscriptions in the Initialize method of a model.  Well in the code I also unregistered them on close (because I was getting an exception when sending so I thought maybe this would fix it, but it didn't).  So was there a code change that you think might fix what was happening in my example? "
        },
        {
            "created_at": "2014-01-27T17:52:52Z",
            "body": "Comment created by @geertvanhorrik:\n\nIf you open another view and subscribe there, you change subscriptions. Anyway, I couldn't reproduce the issue after the fix."
        },
        {
            "created_at": "2014-01-27T17:52:53Z",
            "body": "Comment created by Bitfiddler:\n\nDoes sending a new message from inside another message received method also considered a 'registration change'?"
        },
        {
            "created_at": "2014-01-27T17:53:34Z",
            "body": "Comment created by Bitfiddler:\n\nOh, I see.  I will download latest then.  Great news!  Thanks again."
        },
        {
            "created_at": "2014-01-27T19:11:52Z",
            "body": "Comment created by Bitfiddler:\n\nHmmm, the exception seems to happen far less.  However I was still able to make it happen.  It's not very easy to reproduce since I think it's related to garbage collection or list management internal to Catel.  Using the sample code I sent you, if you put a breakpoint in the exception handling line of the \"Ugly Hack\", and then double click to edit a hedge, then cancel, then click add a hedge, then cancel, then edit a hedge, then immediately try to add one, then cancel... repeat this over and over in somewhat rapid succession and after about 20 seconds of this you should get an exception."
        },
        {
            "created_at": "2014-01-26T17:30:21Z",
            "body": "Issue was closed with resolution \"Fixed\""
        }
    ]
}