{
    "issue": {
        "title": "CTL-480: Memory Leaks in Catel.WeakEventListener",
        "body": "Jira issue originally created by user Stefan:\n\nPretty similar to [CTL-462](https:\/\/catelproject.atlassian.net\/browse\/CTL-462) I found another memory problem. The WeakEventListener holds instances which should no longer exist. I am not sure why it is still holding them, but the memory profiler shows, that this class is the only instance that holds the references the the viewmodel which should already be disposed.\r\n\r\nThe result is that our application allocates more and more memory over time. \r\n\r\nCould it be problem with the CommandBindings?\r\n\r\nUnfortunately I have no sample application yet, because I am not sure what exactly causes the \"illegal\" reference.",
        "created_at": "2014-07-08T13:32:43Z",
        "closed": true,
        "labels": [
            "Bug"
        ],
        "milestone": 12,
        "assignee": "geertvanhorrik"
    },
    "comments": [
        {
            "created_at": "2014-07-08T13:34:06Z",
            "body": "Comment created by @geertvanhorrik:\n\nInteresting, we have unit tests that cover all scenarios I could think of when I wrote that code. If you have more info, let me know please."
        },
        {
            "created_at": "2014-07-08T14:18:24Z",
            "body": "Comment created by Stefan:\n\nIt seems that the ViewModelCommandManager holds the instances. But I don't understand why. I replaced all Catel.Command-Instances with our own ReleayCommand, but no effect. Can you tell me when the instances are added to the command manager and is there a way to manually remove them?"
        },
        {
            "created_at": "2014-07-08T16:03:34Z",
            "body": "Comment created by @geertvanhorrik:\n\nAs you can see in the source (see https:\/\/github.com\/Catel\/Catel\/blob\/develop\/src\/Catel.MVVM\/Catel.MVVM.Shared\/MVVM\/Commands\/ViewModelCommandManager.cs#L277), the relation should be cleaned up as soon as the VM is closed. It looks like your VM's are not being closed."
        },
        {
            "created_at": "2014-07-08T18:29:31Z",
            "body": "Comment created by Stefan:\n\nI didn't know that I have to explicitly close the view model instances. But even if I explicitly close the viewmodel, the instances still remain. But maybe I am creating the ViewModels not in the \"Catel-Manner\". \r\n\r\nI have a MainViewModel which contain instances of ViewModels (exposed as simple properties) which themselfes hold some other ViewModels instances. Can this ViewModel hierarchy causing the problem?\r\n\r\nDo I really have to close the ViewModels explicitly? How to close the child view models in this hierarchy, when the root is closed?"
        },
        {
            "created_at": "2014-07-09T09:21:47Z",
            "body": "Comment created by @geertvanhorrik:\n\nIt's the whole point of Catel, it will automatically take care of nested hierarchies for you. No need to ever create VM's yourself or use them as nested members."
        },
        {
            "created_at": "2014-07-09T14:17:08Z",
            "body": "Comment created by Stefan:\n\nI finally solved the problem. The CloseViewModel() method does it's job. The problem in my code is achitcture based. The hierarchy did not close it's childs VMs correctly and the childs hold their parent (Not using the Catel properties in the ViewModelbase).\r\n\r\nMany thanks for the quick and helpful answers. I'll try to get more in depth to the main architecture of Catel.\r\n"
        },
        {
            "created_at": "2014-07-09T14:18:40Z",
            "body": "Comment created by @geertvanhorrik:\n\nThanks for the feedback. This is not an issue in Catel, thus closing issue."
        },
        {
            "created_at": "2014-07-09T14:18:40Z",
            "body": "Issue was closed with resolution \"Cannot Reproduce\""
        }
    ]
}