{
    "issue": {
        "title": "CTL-379: Cannot comment or update issues after creation",
        "body": "Jira issue originally created by user danielh:\n\nI can't seem to add another comment to the issue or attachments? The options under the more tab are: Stop Watching, Create sub task and Clone. ",
        "created_at": "2014-03-07T17:50:00Z",
        "closed": true,
        "milestone": 12,
        "assignee": "geertvanhorrik"
    },
    "comments": [
        {
            "created_at": "2014-03-07T17:54:15Z",
            "body": "Comment created by @geertvanhorrik:\n\nPlease try again."
        },
        {
            "created_at": "2014-03-07T17:59:22Z",
            "body": "Comment created by @geertvanhorrik:\n\nThis is an issue in jira that is introduced this month. I already opened an official ticket at Atlassian so they can solve this. It is about new users that are not put into default groups any longer."
        },
        {
            "created_at": "2014-03-07T17:59:41Z",
            "body": "Issue was closed with resolution \"Fixed\""
        }
    ]
}