{
    "issue": {
        "title": "CTL-31: Catel MVC needs more code to allow DI for ctor of controllers",
        "body": "Jira issue originally created by user maxim:\n\nAt the Global.asax - Application_Start() I put:\r\n\r\nCatel.Mvc.DependencyInjectionConfig.RegisterServiceLocatorAsDependencyResolver();\r\nthen I registered my services. Once going running the site it gave error that there needs to be an empty ctor of the controller. After alot of searching I found the solution. (Dunno or this is the best but here you ll be able to finalize the code for catel ofc :)).\r\n\r\nRegister 1 more Class for the IOC:\r\n          Catel.IoC.ServiceLocator.Default.RegisterType<IControllerActivator, MyCustomControllerActivator>();\r\n\r\nThe class I made:\r\n\r\n  public class MyCustomControllerActivator : IControllerActivator\r\n        {\r\n            public IController Create(RequestContext requestContext, Type controllerType)\r\n            {\r\n                return Catel.IoC.ServiceLocator.Default.GetService(controllerType) as IController;\r\n            }\r\n        }\r\n\r\nAfter this the IOC was also injecting the classes into the interfaces in the ctors of the controllers.\r\n\r\n",
        "created_at": "2013-03-26T00:24:28Z",
        "closed": true,
        "labels": [
            "Bug"
        ],
        "milestone": 17,
        "assignee": "geertvanhorrik"
    },
    "comments": [
        {
            "created_at": "2013-03-26T19:45:37Z",
            "body": "Comment created by @geertvanhorrik:\n\nFixed."
        },
        {
            "created_at": "2013-03-26T19:46:00Z",
            "body": "Comment created by @geertvanhorrik:\n\nThe reason was that the DependencyResolver only resolved types, but it should also create non-abstract non-interface types."
        },
        {
            "created_at": "2013-03-26T19:45:37Z",
            "body": "Issue was closed with resolution \"Fixed\""
        }
    ]
}