{
    "issue": {
        "title": "CTL-442: Weave Argument checks with expressions to argument checks with strings",
        "body": "Jira issue originally created by user @geertvanhorrik:\n\nExpression interpretations are slower than checks for strings. When someone writes this:\r\n\r\n```\r\nArgument.IsNotNull(() => myValue);\r\n```\r\n\r\nCatel.Fody should convert it to this:\r\n\r\n```\r\nArgument.IsNotNull(\"myValue\", myValue);\r\n```",
        "created_at": "2014-05-16T09:05:17Z",
        "closed": true,
        "labels": [
            "Improvement"
        ],
        "milestone": 11,
        "assignee": "geertvanhorrik"
    },
    "comments": [
        {
            "body": "empty body",
            "created_at": "2014-05-16T09:05:17Z"
        },
        {
            "created_at": "2014-09-11T17:19:37Z",
            "body": "Issue was closed with resolution \"Duplicate\""
        }
    ]
}