{
    "issue": {
        "title": "CTL-271: Support generic lists in ServiceLocator",
        "body": "Jira issue originally created by user @geertvanhorrik:\n\nWhen several registrations of `IService` exist in a container, many frameworks automatically provide `IService[]` (or `List<IService>` etc).\r\n\r\nThis is extremely important for open\/closed principle. For example,\r\nUserValidator can have dependency on `IUserValidationRule[]`. Then new rules can be transparently added to the system without any changes to UserValidator.",
        "created_at": "2013-12-14T13:42:41Z",
        "closed": false,
        "labels": [
            "Task"
        ],
        "milestone": 22,
        "assignee": "geertvanhorrik"
    },
    "comments": [
        {
            "created_at": "2014-04-06T20:45:01Z",
            "body": "Comment created by @geertvanhorrik:\n\nMoved to 4.1"
        }
    ]
}