{
    "issue": {
        "title": "CTL-389: Support MVC 5 (5.1.1) and update MVC 4 to 4.0.30506",
        "body": "Jira issue originally created by user @geertvanhorrik:\n\n",
        "created_at": "2014-03-15T18:03:26Z",
        "closed": true,
        "labels": [
            "Task"
        ],
        "milestone": 12,
        "assignee": "geertvanhorrik"
    },
    "comments": [
        {
            "created_at": "2014-03-15T23:22:36Z",
            "body": "Comment created by @geertvanhorrik:\n\nDone."
        },
        {
            "created_at": "2014-03-15T23:22:36Z",
            "body": "Issue was closed with resolution \"Fixed\""
        }
    ]
}