{
    "issue": {
        "title": "CTL-209: A new Windows Phone 7 Project doesn't start",
        "body": "Jira issue originally created by user fg_garda:\n\nI created a new Windows Phone 7 Application with Catel and added the NuGet Catel.MVVM 3.7 package from NuGet. \r\n\r\nOn startup, I get this error: \"The type 'Catel.MVVM.IViewModelLocator' is not registered, not even in an external container\".\r\n\r\nAfter I added \"Catel.MVVM.ModuleInitializer.Initialize();\" in OnApplicationLaunching, the application starts but exits immediately without any message.\r\n\r\nI have the same problem with the other WP7 project templates, but the WP8 version works fine.\r\n\r\nI think the problem is similar to this one: https:\/\/catelproject.atlassian.net\/browse\/[CTL-54](https:\/\/catelproject.atlassian.net\/browse\/CTL-54).\r\n\r\nThanks.\r\n",
        "created_at": "2013-10-23T10:15:24Z",
        "closed": true,
        "labels": [
            "Bug"
        ],
        "milestone": 15,
        "assignee": "geertvanhorrik"
    },
    "comments": [
        {
            "created_at": "2013-10-25T12:22:24Z",
            "body": "Comment created by @geertvanhorrik:\n\nThank you for posting this issue. We have dropped support for Windows Phone 7.x in 3.8, but I will see if I can do a hotfix.\r\n\r\nWhat you can do anytime is call this manually in your application startup:\r\n\r\n```\r\nViewModelServiceHelper.RegisterDefaultViewModelServices(ServiceLocator.Default);\r\n```"
        },
        {
            "created_at": "2013-10-26T10:50:30Z",
            "body": "Comment created by @geertvanhorrik:\n\nSolution given."
        },
        {
            "created_at": "2013-10-27T23:15:33Z",
            "body": "Comment created by fg_garda:\n\nThanks, I will test it. \r\n\r\nBased on the last AdDuplex Report, almost 30% of Windows Phones devices are running the 7.x version: why have you dropped this version? Could you mantain some sort of compatibly? Thanks again for you time."
        },
        {
            "created_at": "2013-10-28T18:01:47Z",
            "body": "Comment created by @geertvanhorrik:\n\nThe main reason is it is no longer supported by VS2013. As far as I know there are no more active updates to WP7.x. You can say the same about SL5, but a lot of Catel users are on SL5. The windows phone users mainly use WP7.x.\r\n\r\nWe always have to consider whether we should get ourselves in a lot of \"trouble\" to support the few WP7 developers that Catel has. Currently 3.7 is a very stable release and works on WP7 (with the above workaround). Dropping support means no more new features, which is the active state for WP7 anyway. And we needed so many workarounds on SL4 and WP7 that we decided to drop that.\r\n\r\nWe are however available for customized consultancy, but it is a free product we try to maintain the best we can and we have to manage our limited resources."
        },
        {
            "created_at": "2013-10-29T12:08:43Z",
            "body": "Comment created by fg_garda:\n\nThanks for the clarification and for your awesome project!"
        },
        {
            "created_at": "2013-10-26T10:50:30Z",
            "body": "Issue was closed with resolution \"Fixed\""
        }
    ]
}