{
    "issue": {
        "title": "CTL-441: Behaviors lost when switching tabs of AvalonDock",
        "body": "Jira issue originally created by user Andreas Meyer:\n\nI have a project where I am using Catel in combination with AvalonDock.\r\nIt appears that there is some bug in Catel that leads to detaching of CommandBehaviors when Avalon tabs are switched.\r\nI have added a sample project to this issue. You can reproduce the problem as follows:\r\n* Start the application.\r\n* On Tab1 set focus to the TextBox.\r\n* Leave the TextBox by pressing Space  => Content of Product field changes to some random value (this is triggered by the CommandBehavior)\r\n* Switch to Tab2\r\n* Switch back to Tab1\r\n* Set focus to the TextBox once more\r\n* Leave the TextBox by pressing Space  => Content of Product field does not change any more because the CommandBehavior is detached.\r\n\r\nThanks for you help in advance\r\n\r\nAndreas",
        "created_at": "2014-05-14T13:19:52Z",
        "closed": true,
        "labels": [
            "Bug"
        ],
        "milestone": 12,
        "assignee": "geertvanhorrik"
    },
    "comments": [
        {
            "created_at": "2014-05-14T13:24:09Z",
            "body": "Comment created by @geertvanhorrik:\n\nTip: if you use Catel.Fody, you don't have to write the properties as Catel properties but as regular properties."
        },
        {
            "created_at": "2014-05-14T13:41:04Z",
            "body": "Comment created by @geertvanhorrik:\n\nThe problem is that you are managing the states of the view models yourself. This means that when you have a tab-switch, the view model will be closed. Since you manage it yourself, a new view model will not be created for you.\r\n\r\nIf you put this on the controls code-behind, it works:\r\n\r\n```\r\nCloseViewModelOnUnloaded = false;\r\n```\r\n\r\nWhat I recommend is that you create the content in xaml and let Catel take care of the lifetime. It makes your code much cleaner and you will get the same results."
        },
        {
            "created_at": "2014-05-14T13:42:23Z",
            "body": "Comment created by @geertvanhorrik:\n\nAttached example where Catel manages the lifetime of the views \/ view models."
        },
        {
            "created_at": "2014-05-14T15:02:20Z",
            "body": "Comment created by Andreas Meyer:\n\nHallo Geert,\r\n\r\nthank you for your quick response.\r\nI reduced the sample application I provided to make it easier to show the issue.\r\nWith the refactoring you provided the view models will be thrown away and recreated when tabs are changed.\r\nThis would mean that the view model must not hold state. Within the real application I am developing state is hold within the view model (e.g. results of expensive server callbacks or intermediate state of the views like IsExpanded for nodes and so on). Would you suggest that these state information should be stored on the model?\r\n "
        },
        {
            "created_at": "2014-05-14T15:04:37Z",
            "body": "Comment created by @geertvanhorrik:\n\nSevices are responsible for the actual communication to the server (or doing expensive operations). I normally create caching in the services if the operations are expensive so I can use it on all view models (this also implements single responsibility which makes it easier to maintain your applications)."
        },
        {
            "created_at": "2014-05-14T15:05:21Z",
            "body": "Comment created by @geertvanhorrik:\n\nIf you don't want the VM to close, you have the option to set CloseViewModelOnUnloaded to false."
        },
        {
            "created_at": "2014-05-14T13:42:33Z",
            "body": "Issue was closed with resolution \"Fixed\""
        }
    ]
}