{
    "issue": {
        "title": "CTL-298: Nested view models with default constructor behave incorrectly",
        "body": "Jira issue originally created by user @geertvanhorrik:\n\nNested user controls in a nested scenario with default constructors for the view models cause the view models to be saved and canceled several times.",
        "created_at": "2014-01-14T21:18:34Z",
        "closed": true,
        "labels": [
            "Bug"
        ],
        "milestone": 13,
        "assignee": "geertvanhorrik"
    },
    "comments": [
        {
            "created_at": "2014-01-14T21:19:40Z",
            "body": "Comment created by @geertvanhorrik:\n\nWhen hosted in a window, the IViewModelContainer should let childs know that it is about to be closed and child view models should not handle anything specific from that moment on."
        },
        {
            "created_at": "2014-01-15T18:20:44Z",
            "body": "Comment created by @geertvanhorrik:\n\nDone!"
        },
        {
            "created_at": "2014-01-15T18:20:44Z",
            "body": "Issue was closed with resolution \"Fixed\""
        }
    ]
}