{
    "issue": {
        "title": "CTL-122: \"CanExecuteCommand\" method not invoked",
        "body": "Jira issue originally created by user j.saer:\n\nFor some reason, it seems that the \"CanExecuteCommand\" method for a command is not invoked after it returns false.\r\nI have a command bound to a button, The problem is that when the CanExecuteCommand method returns false, the button is disabled (as expected) but the CanExecuteCommand method is never invoked again.\r\nIf the method returns true... then it keeps getting called (because i'ts beign call after the button's  click event is fired. This never happened to me with previos versions of Catel (but I must be honest it was always under WPF, not Silverlight. Any suggestions? Thanks for your support",
        "created_at": "2013-07-14T20:51:42Z",
        "closed": true,
        "labels": [
            "Bug"
        ],
        "milestone": 16,
        "assignee": "geertvanhorrik"
    },
    "comments": [
        {
            "created_at": "2013-07-25T22:22:06Z",
            "body": "Comment created by @geertvanhorrik:\n\nIn silverlight, it all works a bit different. Commands aren't automatically invalidated like they are in WPF. In Catel we have a property which allows you to automatically invalidate commands on a property change. That property defaults to true in silverlight if I remember correctly. However, if you don't change a property, there is no way for the engine to determine when to call it again."
        },
        {
            "created_at": "2013-07-27T15:22:18Z",
            "body": "Comment created by @geertvanhorrik:\n\nClosing issue. Feel free to re-open if necessary."
        },
        {
            "created_at": "2013-07-27T15:22:18Z",
            "body": "Issue was closed with resolution \"Fixed\""
        }
    ]
}