{
    "issue": {
        "title": "CTL-270: Support Lazy<> in ServiceLocator",
        "body": "Jira issue originally created by user @geertvanhorrik:\n\nThe point of `Lazy<T>` is to delay creation of value until `Value` is requested. This test verifies that value is not created prematurely.\r\n\r\nWhen Lazy<T> is resolved from the ServiceLocator, it should call Lazy with resolving in the constructor.",
        "created_at": "2013-12-14T13:34:11Z",
        "closed": false,
        "labels": [
            "Task"
        ],
        "milestone": 22,
        "assignee": "geertvanhorrik"
    },
    "comments": [
        {
            "created_at": "2014-04-06T20:44:52Z",
            "body": "Comment created by @geertvanhorrik:\n\nMoved to 4.1"
        }
    ]
}