{
    "issue": {
        "title": "CTL-231: Cannot use attributes with default values in constructor: Error CS0182",
        "body": "Jira issue originally created by user jdehaan:\n\nThis is actually clearly a bug in the compiler with only a workaround that consists in providing overloads instead of a default value. This is not nice but the only way to be able to use the Expose weaving attribute for example under C# 4.\r\n\r\nThis sadly was and will not be solved for that version of C#... but only for the next version.\r\n\r\nEric Lippert wrote about this topic in StackOverflow\r\nhttp:\/\/stackoverflow.com\/questions\/8290853\/attribute-argument-must-be-a-constant-error-when-using-an-optional-parameter-in\r\n\r\nIMHO, for Catel it would be good to keep compatibility to the old development environment at least for a while. This seems to hit only the attributes in the projects that use them.\r\n\r\nThe error that appears on build is\r\n{quote}CSC : error CS0182: An attribute argument must be a constant expression, typeof expression or array creation expression of an attribute parameter type{quote}\r\n",
        "created_at": "2013-11-14T15:39:57Z",
        "closed": true,
        "labels": [
            "Bug"
        ],
        "milestone": 15,
        "assignee": "geertvanhorrik"
    },
    "comments": [
        {
            "created_at": "2013-11-14T19:20:42Z",
            "body": "Comment created by @geertvanhorrik:\n\nI will check this out. We already were bitten by this a few times in the base-views. I will check the attributes."
        },
        {
            "created_at": "2013-11-14T19:24:44Z",
            "body": "Comment created by @geertvanhorrik:\n\nGood to hear you already found out about the new features of Catel.Fody :-)"
        },
        {
            "created_at": "2013-11-14T19:44:27Z",
            "body": "Comment created by @geertvanhorrik:\n\nFixed. We will build this soon, we are also working on the argument weaving. Until that is implemented the unit tests will fail. We expect to finish that this weekend."
        },
        {
            "created_at": "2013-11-14T22:04:59Z",
            "body": "Comment created by jdehaan:\n\nI just begun with Catel.Fody, this is really working great! (well excepted for the Expose thing but I'm sure this is now on the way ;-) ). I struggled with this Error CS0182 by trying to use Catel ... I also crossed over the CS0182 issues inside the Catel.Core itself by trying to compile it for the unit tests and fixing the other issue [CTL-232](https:\/\/catelproject.atlassian.net\/browse\/CTL-232) Now I can run the code after some changes in the same style than this fix, but the learning curve for serialization is high for me!\r\n\r\n"
        },
        {
            "created_at": "2013-11-14T22:11:17Z",
            "body": "Comment created by @geertvanhorrik:\n\nYeah, serialization can be tough. It took me 2 rewrites to finally understand it and get it flexible, generic and extendible.\r\n\r\nWhat issues did you have during the compilation of the code? We compile this on several machines, never had any issues with it."
        },
        {
            "created_at": "2013-11-14T22:24:30Z",
            "body": "Comment created by jdehaan:\n\n1) For my build I had to uncomment the Initialization code for some EF stuff, but this is very likely due to some missing infrastructure.\r\n2) Furthermore there were some other Attributes with default values inside the Catel.Core causing the same headaches as for Catel.Fody Expose. I can commit the changes I had to do on my fork to make them visible to you for review. I have to switch the from this PC to another Laptop, moment please...."
        },
        {
            "created_at": "2013-11-14T22:43:13Z",
            "body": "Comment created by jdehaan:\n\n1) I believe this is not important\r\nhttps:\/\/github.com\/jdehaan\/Catel\/commit\/19d658ed54d9216f44c9cdd603c142272e7b173a\r\n\r\n2) Maybe some more CS0182 points in catel Core but should be fixed cleanly... not like it's done here (my primary goal was to dig into the serialization stuff)\r\nhttps:\/\/github.com\/jdehaan\/Catel\/commit\/618e617e6d4bed9d113714f8868b14fd858a89e7\r\n"
        },
        {
            "created_at": "2013-11-14T19:44:27Z",
            "body": "Issue was closed with resolution \"Fixed\""
        }
    ]
}