{
    "issue": {
        "title": "CTL-148: NumericTextBox buggy when using Copy\/Paste",
        "body": "Jira issue originally created by user JanD:\n\nWhen you define a numeric textbox it works as expected when you try to type none numeric values.\r\nWhen you copy a text into the clipboard though and paste it into the numeric textbox it possible to enter characters on that way.\r\n\r\nMy workaround so far is:\r\n\r\n bool IsDigitsOnly(string str)\r\n        {\r\n            foreach (char c in str)\r\n            {\r\n                if (c < '0' || c > '9')\r\n                    return false;\r\n            }\r\n\r\n            return true;\r\n        }\r\n\r\n        private void DataObject_OnPasting(object sender, DataObjectPastingEventArgs e)\r\n        {\r\n            if (e.DataObject.GetDataPresent(typeof(String)))\r\n            {\r\n                String text = (String)e.DataObject.GetData(typeof(String));\r\n                if (!IsDigitsOnly(text)) e.CancelCommand();\r\n            }\r\n            else e.CancelCommand();\r\n        }",
        "created_at": "2013-08-08T07:40:25Z",
        "closed": true,
        "labels": [
            "Bug"
        ],
        "milestone": 16,
        "assignee": "geertvanhorrik"
    },
    "comments": [
        {
            "created_at": "2013-08-09T10:34:16Z",
            "body": "Comment created by @geertvanhorrik:\n\nDone. Thank you very much for the fix."
        },
        {
            "created_at": "2013-08-09T10:34:16Z",
            "body": "Issue was closed with resolution \"Fixed\""
        }
    ]
}