{
    "issue": {
        "title": "CTL-327: ListCollectionView not supported in ChangeNotificationWrapper",
        "body": "Jira issue originally created by user @geertvanhorrik:\n\nWhen a ListCollectionView is used, it will throw a cast exception.",
        "created_at": "2014-02-06T14:05:39Z",
        "closed": true,
        "labels": [
            "Bug"
        ],
        "milestone": 12,
        "assignee": "geertvanhorrik"
    },
    "comments": [
        {
            "created_at": "2014-02-06T14:10:05Z",
            "body": "Comment created by @geertvanhorrik:\n\nFixed."
        },
        {
            "created_at": "2014-02-06T14:10:05Z",
            "body": "Issue was closed with resolution \"Fixed\""
        }
    ]
}