{
    "issue": {
        "title": "CTL-207: Improve performance on ModelBase instantiation",
        "body": "Jira issue originally created by user @geertvanhorrik:\n\nImprove the performance of creating a lot of ModelBase objects.",
        "created_at": "2013-10-21T18:33:45Z",
        "closed": true,
        "labels": [
            "Task"
        ],
        "milestone": 15,
        "assignee": "geertvanhorrik"
    },
    "comments": [
        {
            "created_at": "2013-10-21T20:30:53Z",
            "body": "Comment created by @geertvanhorrik:\n\nDone."
        },
        {
            "created_at": "2013-10-21T20:30:53Z",
            "body": "Issue was closed with resolution \"Fixed\""
        }
    ]
}