{
    "issue": {
        "title": "CTL-1025: ViewModelBase exception when running several tests from xunit",
        "body": "Jira issue originally created by user samirem:\n\nWhen running several tests with xunit, the ViewModelBase will throw an exception .\r\n\r\nThis is reproduced in the attachment. Just press \"Run All\" in MS Test Explorer",
        "created_at": "2017-03-21T15:32:28Z",
        "closed": true,
        "labels": [
            "Bug"
        ],
        "milestone": 1,
        "assignee": "geertvanhorrik"
    },
    "comments": [
        {
            "created_at": "2017-03-21T22:22:19Z",
            "body": "Comment created by @geertvanhorrik:\n\n*Next time, please upload as zip instead*\r\n\r\nI think this is caused by multithreaded usage of the ViewModelBase (VMB). If I remember correctly, the VMB has been optimized for multithreading support for v5."
        },
        {
            "created_at": "2017-03-21T22:35:47Z",
            "body": "Comment created by samirem:\n\nSorry about that. I will upload zip next time.\r\n\r\nOk so it is likely already fixed for v5 then? I also suspect that the issue is due to multithreading.\r\n\r\nAn interesting thing that I observed however was that I could not reproduce this issue with an MSTest project, I had to create an xunit test project. Probably has to do with how the different test frameworks handle running multiple tests?"
        },
        {
            "created_at": "2017-03-21T23:13:29Z",
            "body": "Comment created by @geertvanhorrik:\n\nProbably because xunit uses multiple threads by default to execute the tests? For example, NUnit allows you to use the RequiresSTA attribute to enforce this behavior on unit tests."
        },
        {
            "created_at": "2017-03-22T10:14:00Z",
            "body": "Comment created by samirem:\n\nYou are right, that's obviously the case. I'm quite new to xunit and unit testing in general.\r\n\r\nI disabled test parallelization with the following assembly-attribute:\r\n```\r\n[assembly: CollectionBehavior(DisableTestParallelization = true)]\r\n```\r\n\r\nThat solved my issue as well. Anyway, it is nice if the multithreading is fixed in v5 so I can speed up my tests ;)"
        },
        {
            "created_at": "2017-03-22T12:21:29Z",
            "body": "Comment created by @geertvanhorrik:\n\nThanks for the updating, closing this ticket."
        },
        {
            "created_at": "2017-03-22T12:21:38Z",
            "body": "Issue was closed with resolution \"Fixed\""
        }
    ]
}