{
    "issue": {
        "title": "CTL-472: Catel.Fody Sequence contains no elements error",
        "body": "Jira issue originally created by user facos:\n\nHi Geert,\r\n\r\ni think the automatic logging weaving is causing this error.\r\nCould you please take a look? Thanks!\r\n",
        "created_at": "2014-06-23T15:50:10Z",
        "closed": true,
        "labels": [
            "Bug"
        ],
        "milestone": 12,
        "assignee": "geertvanhorrik"
    },
    "comments": [
        {
            "created_at": "2014-06-23T15:53:46Z",
            "body": "Comment created by @geertvanhorrik:\n\nDid you create a custom LogManager to apply the ILog instance? \r\n\r\nIn Fody I do this:\r\n\r\n```\r\n            return (from method in typeDefinition.Methods\r\n                    where method.IsStatic && string.Equals(method.Name, \"GetLogger\") && method.Parameters.Count == 1\r\n                    select method).Single();\r\n```\r\n\r\nIt means you have no GetLogger(type) method on the class that retrieves the logger."
        },
        {
            "created_at": "2014-06-23T15:54:07Z",
            "body": "Comment created by @geertvanhorrik:\n\nAs a fallback I will just ignore it when it cannot be found instead of throwing. At the time of writing, I though throwing was better."
        },
        {
            "created_at": "2014-06-23T16:01:50Z",
            "body": "Comment created by @geertvanhorrik:\n\nCan you please try this prerelease version?\r\n\r\nhttp:\/\/www.nuget.org\/packages\/Catel.Fody\/2.2.0-Unstable0001"
        },
        {
            "created_at": "2014-06-23T16:20:19Z",
            "body": "Comment created by facos:\n\nJust tried Catel.fody 2.2.0-Unstable0001.\r\nSequence contains no elements error is gone (info message in vs output window) but i get a new error:\r\nFody\/Catel: Object reference not set to an instance of an object."
        },
        {
            "created_at": "2014-06-23T16:21:59Z",
            "body": "Comment created by @geertvanhorrik:\n\nAll unit tests succeed. Can you show me how you initalize the logging?"
        },
        {
            "created_at": "2014-06-23T16:22:46Z",
            "body": "Comment created by @geertvanhorrik:\n\nI can do an ugly try catch, that would at least solve the issue for now."
        },
        {
            "created_at": "2014-06-23T16:26:12Z",
            "body": "Comment created by @geertvanhorrik:\n\nAdding logging so you know what field is failing."
        },
        {
            "created_at": "2014-06-23T16:26:30Z",
            "body": "Comment created by facos:\n\nexample: private static readonly ILog Log = ServiceLocator.Default.ResolveType<ILogService>().GetCurrentClassLogger();\r\n\r\nit's legacy code..."
        },
        {
            "created_at": "2014-06-23T16:27:46Z",
            "body": "Comment created by @geertvanhorrik:\n\nAh, ok. I will ignore this in the next version. Thanks for sharing."
        },
        {
            "created_at": "2014-06-23T16:35:09Z",
            "body": "Comment created by facos:\n\nThanks for including the workaround."
        },
        {
            "created_at": "2014-06-23T16:35:14Z",
            "body": "Comment created by @geertvanhorrik:\n\nPlease try this:\r\n\r\nhttp:\/\/www.nuget.org\/packages\/Catel.Fody\/2.2.0-Unstable0003\r\n\r\nIt should also allow you to double click the warning to see the log call that previously caused the error."
        },
        {
            "created_at": "2014-06-23T21:06:23Z",
            "body": "Comment created by facos:\n\nCatel.Fody 2.2.0-Unstable0003 generates the same error:\r\n\r\nFody\/Catel: Object reference not set to an instance of object\r\n\r\nI also get the messages:\r\n\r\nWarning: Fody\/Catel: Cannot change method call for log '....', the GetLogger(type) method does not exist on the calling type (try use....)\r\n"
        },
        {
            "created_at": "2014-06-24T19:26:56Z",
            "body": "Comment created by @geertvanhorrik:\n\nI have even wrote unit tests around this. Let me figure out what is going wrong then."
        },
        {
            "created_at": "2014-06-24T19:52:48Z",
            "body": "Comment created by @geertvanhorrik:\n\nEach feature can now be disabled \/ enable via configuration:\r\n\r\nhttps:\/\/catelproject.atlassian.net\/wiki\/display\/CTL\/Catel.Fody\r\n\r\nThis way it should never cause breaking changes (or at least provide a workaround via configuration)"
        },
        {
            "created_at": "2014-06-24T19:57:07Z",
            "body": "Comment created by @geertvanhorrik:\n\nDo you have non-static ILog fields?"
        },
        {
            "created_at": "2014-06-24T20:04:56Z",
            "body": "Comment created by @geertvanhorrik:\n\nPlease try http:\/\/www.nuget.org\/packages\/Catel.Fody\/2.2.0-Unstable0006"
        },
        {
            "created_at": "2014-06-25T16:54:07Z",
            "body": "Comment created by @geertvanhorrik:\n\nWe are now using Catel.Fody in Catel itself to weave logging as well. The issue should be gone. Can you test the latest prerelease and let me know?"
        },
        {
            "created_at": "2014-06-25T20:00:05Z",
            "body": "Comment created by facos:\n\nHi Geert,\r\n\r\nsorry for the delay. Just tested Catel.Fody 2.2.0-Unstable0008. Works fine with all options (nice improvment) enabled! Good job!\r\nMaybe one suggestion: How about logging to the output what Fody is doing with the build, e.g:\r\n'Catel.Fody is now weaving properties... ' or something similar just to get a visual feedback...\r\n\r\nThanks!"
        },
        {
            "created_at": "2014-06-25T22:17:56Z",
            "body": "Comment created by @geertvanhorrik:\n\nI already log several things, I will find out how you can enable this in the output window."
        },
        {
            "created_at": "2014-07-08T11:35:41Z",
            "body": "Comment created by @geertvanhorrik:\n\nSee discussion here:\r\n\r\nhttps:\/\/github.com\/Fody\/Fody\/issues\/106\r\n\r\nI will try to get it working with Simon (from Fody). This issue can be closed now."
        },
        {
            "created_at": "2014-07-08T15:15:35Z",
            "body": "Comment created by facos:\n\nThanks for your effort!"
        },
        {
            "created_at": "2014-07-08T11:35:46Z",
            "body": "Issue was closed with resolution \"Fixed\""
        }
    ]
}