{
    "issue": {
        "title": "CTL-412: ModelEqualityComparer StackOverflowException",
        "body": "Jira issue originally created by user Towelie:\n\nHello.\r\nI've attached smal repro. So it's better to look at it.\r\nIf short, the problem with comparing models with circular references.",
        "created_at": "2014-04-13T19:49:10Z",
        "closed": false,
        "labels": [
            "Bug"
        ],
        "milestone": 23,
        "assignee": "geertvanhorrik"
    },
    "comments": [
        {
            "created_at": "2014-04-14T16:13:13Z",
            "body": "Comment created by @geertvanhorrik:\n\nThis is going to be complex. As you show in the example you enable all the features of the ModelEqualityComparer. This means that all entries will also be checked.\r\n\r\nThe only way to solve this is to use a ScopeManager to see if an object accesses the same scope for a second time (and is being compared against the same object). I am afraid this will have too much impact on the performance."
        },
        {
            "created_at": "2014-04-14T16:19:34Z",
            "body": "Comment created by Towelie:\n\nYou can add new flag (like UseCircularReferenceProtection) and if it's true then use ScopeManager. "
        },
        {
            "created_at": "2014-04-14T16:22:11Z",
            "body": "Comment created by @geertvanhorrik:\n\nHmmm, might be a good idea. Interested in a pull request?"
        },
        {
            "created_at": "2014-04-14T16:47:26Z",
            "body": "Comment created by Towelie:\n\nYes, but i have no idea how to use ScopeManager, so there is still no pull request."
        },
        {
            "created_at": "2014-04-14T16:55:04Z",
            "body": "Comment created by @geertvanhorrik:\n\nThe ScopeManager is really easy: https:\/\/catelproject.atlassian.net\/wiki\/display\/CTL\/Scoping\r\n\r\nFor example:\r\n\r\n```\r\nvar scopeName = string.Format(\"Thread_{0}\", ThreadHelper.GetCurrentThreadId());\r\nusing (var scopeManager = ScopeManager<ConditionalWeakTable<object, object>>.GetScopeManager(scopeName))\r\n{\r\n    var conditionalWeakTable = scopeManager.ScopeObject;\r\n    \r\n    \/\/ TODO: Check if conditionalWeakTable already contains reference => already checked\r\n}\r\n```"
        },
        {
            "created_at": "2014-04-14T17:27:07Z",
            "body": "Comment created by Towelie:\n\nSo it's something like ServiceLocator but when all references to ScopeObject is gone, the ScopeObject also got disposed?\r\nOk i'll look at it and try to do something, but a bit later (weekend), now i have to focus on my project."
        },
        {
            "created_at": "2014-04-22T14:25:52Z",
            "body": "Comment created by @geertvanhorrik:\n\nDelayed to 4.1. Trying to keep scope for 4.0 small (need to release it sometime)."
        },
        {
            "created_at": "2014-12-15T17:39:21Z",
            "body": "Comment created by @geertvanhorrik:\n\n[~Towelie] is this still required \/ revelant? If so, interested in a pull request?"
        }
    ]
}