{
    "issue": {
        "title": "CTL-478: InfoBarMessageControl does not respect Horizontal\/Vertical- (Content)Alignment",
        "body": "Jira issue originally created by user facos:\n\nHi Geert,\r\n\r\ni cannot get the InfoBarMessageControl to stretch itself and its content (in a window). If i skip the InfoBarMessageControl, the mainContent resizes without any troubles...\r\n\r\n```\r\n var window = new RadWindow();\r\n var grid = new Grid();\r\n var mainContent = new Grid();\r\n var infoBarMessageControl = new InfoBarMessageControl\r\n                                                {\r\n                                                    Name =\r\n                                                        Catel.Windows.WrapControlHelper\r\n                                                        .InfoBarMessageControlName,\r\n                                                    HorizontalAlignment = HorizontalAlignment.Stretch,\r\n                                                    VerticalAlignment = VerticalAlignment.Stretch,\r\n                                                    HorizontalContentAlignment = HorizontalAlignment.Stretch,\r\n                                                    VerticalContentAlignment = VerticalAlignment.Stretch,\r\n                                                    Content = mainContent\r\n                                                };\r\n grid.Children.Add(infoBarMessageControl);\r\n window.Content = grid;\r\n```\r\n\r\nThanks!",
        "created_at": "2014-07-01T02:11:21Z",
        "closed": true,
        "labels": [
            "Bug"
        ],
        "milestone": 12,
        "assignee": "geertvanhorrik"
    },
    "comments": [
        {
            "created_at": "2014-07-01T08:46:43Z",
            "body": "Comment created by @geertvanhorrik:\n\nAt my side it stretches by default. But I have added this to the style anyway:\r\n\r\n```\r\n<Grid x:Name=\"rootGrid\" Width=\"{TemplateBinding Width}\" Height=\"{TemplateBinding Height}\"\r\n                          HorizontalAlignment=\"{TemplateBinding HorizontalAlignment}\" VerticalAlignment=\"{TemplateBinding VerticalAlignment}\">\r\n```"
        },
        {
            "created_at": "2014-07-01T20:50:24Z",
            "body": "Comment created by facos:\n\nThanks for the style addition!\r\n\r\nIf i resize (enlarge) the window (sizeToContent=true) with the mouse the InfoBarMessageControl does not stretches (its content) to the available space.\r\nMaybe the ContentPresenter needs the Horizontal\/VerticalContentAlignment too? \r\n\r\n```\r\n<ControlTemplate TargetType=\"local:InfoBarMessageControl\">\r\n                    <Grid x:Name=\"rootGrid\" Width=\"{TemplateBinding Width}\" Height=\"{TemplateBinding Height}\"\r\n                       HorizontalAlignment=\"{TemplateBinding HorizontalAlignment}\" VerticalAlignment=\"{TemplateBinding VerticalAlignment}\">\r\n\r\n                        <Grid>\r\n                            <Grid.RowDefinitions>\r\n                                <RowDefinition Height=\"Auto\" \/>\r\n                                <RowDefinition Height=\"*\" \/>\r\n                            <\/Grid.RowDefinitions>\r\n\r\n                            <Grid.ColumnDefinitions>\r\n                                <ColumnDefinition Width=\"Auto\" \/>                 \/\/ Width=\"*\" ?\r\n                            <\/Grid.ColumnDefinitions>   \r\n\r\n                            <!-- Actual content -->\r\n                                         <ContentPresenter Grid.Row=\"1\" x:Name=\"contentPresenter\"\r\n                                          Margin=\"{TemplateBinding Padding}\"\r\n                                          HorizontalAlignment=\"{TemplateBinding HorizontalContentAlignment}\"\r\n                                          VerticalAlignment=\"{TemplateBinding VerticalContentAlignment}\"\r\n                                          Content=\"{TemplateBinding Content}\"\r\n                                          ContentTemplate=\"{TemplateBinding ContentTemplate}\"\r\n                                          Cursor=\"{TemplateBinding Cursor}\" \/>\r\n```"
        },
        {
            "created_at": "2014-07-01T22:16:41Z",
            "body": "Comment created by @geertvanhorrik:\n\nOk, added as well."
        },
        {
            "created_at": "2014-07-02T17:11:15Z",
            "body": "Comment created by facos:\n\nThanks a lot!"
        },
        {
            "created_at": "2014-07-08T11:13:42Z",
            "body": "Issue was closed with resolution \"Fixed\""
        }
    ]
}