{
    "issue": {
        "title": "CTL-433: WindowBehavior and InfoBarMessageControl can't find System.Core version 2.0.5.0",
        "body": "Jira issue originally created by user Silvercircle:\n\nIf I add a WindowBehavior or the InfoBarMessageControl to my control, the designer shows an error message \"A instance of \"InfoBarMessageControl\" could not be created\"\r\nand if I hover over the behavior or the infobar, the popup told me that it can not find System.Core 2.0.5.0 or a dependecy. (see screenshots)\r\nDuring runtime it is working, but the designer crashes and i can't see my control. ",
        "created_at": "2014-05-05T11:51:50Z",
        "closed": true,
        "labels": [
            "Bug"
        ],
        "milestone": 12,
        "assignee": "geertvanhorrik"
    },
    "comments": [
        {
            "created_at": "2014-05-05T12:12:25Z",
            "body": "Comment created by Silvercircle:\n\nOk can be closed :)\r\nUpdated my catel beta to the latest version and no the error is gone."
        },
        {
            "created_at": "2014-05-05T12:14:12Z",
            "body": "Comment created by @geertvanhorrik:\n\nThanks for letting us know!"
        },
        {
            "created_at": "2014-05-05T12:14:10Z",
            "body": "Issue was closed with resolution \"Fixed\""
        }
    ]
}