{
    "issue": {
        "title": "CTL-491: SplashScreenService must be changed due to changes\/improvements to the UIVisualizerService",
        "body": "Jira issue originally created by user @geertvanhorrik:\n\nSee PR https:\/\/github.com\/Catel\/Catel\/pull\/27",
        "created_at": "2014-07-16T13:48:42Z",
        "closed": true,
        "labels": [
            "Bug"
        ],
        "milestone": 12,
        "assignee": "geertvanhorrik"
    },
    "comments": [
        {
            "created_at": "2014-07-16T13:58:12Z",
            "body": "Issue was closed with resolution \"Fixed\""
        }
    ]
}