{
    "issue": {
        "title": "CTL-366: Exception raised by Catel.Core when using ICollectionView",
        "body": "Jira issue originally created by user lbui:\n\nI have an old project which uses Catel 3.6.0.0.\r\nIn this project i did not use dependency injection. Today i want to upgrade Catel to version 3.9.0.0 because i want to  use the newer version of Catel in a new project and i also want to refactor the codes of the old project for the sake of maintainability.\r\n\r\nBut it didnt work. \r\nCatel.Core raises an exception.\r\n\r\nThis code section caused the problem: \r\n\r\nCustomersView = CollectionViewSource.GetDefaultView(Customers);\r\n(line 29 in \"MainWindowViewModel.cs\" in the attached files)\r\n\r\nWhen i switch the Catel assembly back to version 3.6.0.0 the problem will disappear.",
        "created_at": "2014-02-25T11:05:56Z",
        "closed": true,
        "labels": [
            "Bug"
        ],
        "milestone": 12,
        "assignee": "geertvanhorrik"
    },
    "comments": [
        {
            "created_at": "2014-02-25T15:04:09Z",
            "body": "Comment created by @geertvanhorrik:\n\nI think we already fixed this in the latest nightly build. Can you verify this?"
        },
        {
            "created_at": "2014-02-26T08:45:32Z",
            "body": "Comment created by lbui:\n\nHi Gerrt, \r\n\r\nyes i will check it out now."
        },
        {
            "created_at": "2014-02-26T10:14:36Z",
            "body": "Comment created by lbui:\n\nHi Geert,\r\n\r\nit's fixed in the nightly build."
        },
        {
            "created_at": "2014-02-26T11:06:43Z",
            "body": "Comment created by @geertvanhorrik:\n\nAlready fixed."
        },
        {
            "created_at": "2014-02-26T11:06:43Z",
            "body": "Issue was closed with resolution \"Duplicate\""
        }
    ]
}