{
    "issue": {
        "title": "CTL-304: Add CatelR# support for R#8.1",
        "body": "Jira issue originally created by user @alexfdezsauco:\n\n",
        "created_at": "2014-01-21T18:40:36Z",
        "closed": true,
        "labels": [
            "New Feature"
        ],
        "milestone": 12
    },
    "comments": [
        {
            "created_at": "2014-01-22T22:01:24Z",
            "body": "Comment created by @alexfdezsauco:\n\nDone"
        },
        {
            "created_at": "2014-01-22T22:01:24Z",
            "body": "Issue was closed with resolution \"Fixed\""
        }
    ]
}