{
    "issue": {
        "title": "CTL-490: Remove parameters from BehaviorBase.OnAssociatedObjectLoaded",
        "body": "Jira issue originally created by user @geertvanhorrik:\n\nThe parameters make it complex to create behaviors that are applicable to all platforms (WPF, Silverlight, WinRT). It would be easier if they are removed.",
        "created_at": "2014-07-15T13:26:52Z",
        "closed": true,
        "labels": [
            "Improvement"
        ],
        "milestone": 12,
        "assignee": "geertvanhorrik"
    },
    "comments": [
        {
            "created_at": "2014-07-15T13:29:45Z",
            "body": "Comment created by @geertvanhorrik:\n\nDocumented breaking change."
        },
        {
            "created_at": "2014-07-16T12:21:00Z",
            "body": "Comment created by @geertvanhorrik:\n\nDone."
        },
        {
            "created_at": "2014-07-16T12:21:00Z",
            "body": "Issue was closed with resolution \"Fixed\""
        }
    ]
}