{
    "issue": {
        "title": "CTL-112: ViewToViewModel mappings do not work in WPF",
        "body": "Jira issue originally created by user @geertvanhorrik:\n\nTo fix another bug (which only occurs when only NET 40 is installed, not reproducable in any other ways), the PropertyChanged event is not being called in the base views for WPF.\r\n\r\nThis has broken the ViewToViewModel mappings. This can probably be fixed by directly subscribing to the DependencyProperty changes in the view (because that is easy in WPF, not in other languages).",
        "created_at": "2013-07-07T21:22:12Z",
        "closed": true,
        "labels": [
            "Bug"
        ],
        "milestone": 16,
        "assignee": "geertvanhorrik"
    },
    "comments": [
        {
            "created_at": "2013-07-08T19:32:05Z",
            "body": "Comment created by @geertvanhorrik:\n\nFixed. Hopefully this won't re-enable the bug we turned this off for."
        },
        {
            "created_at": "2013-07-08T19:32:04Z",
            "body": "Issue was closed with resolution \"Fixed\""
        }
    ]
}