{
    "issue": {
        "title": "CTL-30: Remove reference to Catel.MVVM in Catel.Extensions.FluentValidation",
        "body": "Jira issue originally created by user @geertvanhorrik:\n\nReference should be removed. It is only referenced for ViewModelBase which can be replaced by ModelBase.",
        "created_at": "2013-03-20T20:21:23Z",
        "closed": true,
        "labels": [
            "Task"
        ],
        "milestone": 18,
        "assignee": "geertvanhorrik"
    },
    "comments": [
        {
            "created_at": "2013-03-20T20:25:06Z",
            "body": "Comment created by @geertvanhorrik:\n\nDone."
        },
        {
            "created_at": "2013-03-20T20:25:06Z",
            "body": "Issue was closed with resolution \"Fixed\""
        }
    ]
}