{
    "issue": {
        "title": "CTL-455: Clean up all DependencyObjectExtensions",
        "body": "Jira issue originally created by user @geertvanhorrik:\n\nThere are a lot of overloads, we need to simplify.",
        "created_at": "2014-06-04T15:20:01Z",
        "closed": false,
        "labels": [
            "Task"
        ],
        "milestone": 1,
        "assignee": "geertvanhorrik"
    },
    "comments": [
        {
            "created_at": "2014-06-04T15:21:54Z",
            "body": "Comment created by @geertvanhorrik:\n\nDescendant should be child. Ancestor should be parent."
        }
    ]
}