{
    "issue": {
        "title": "CTL-503: Create extension methods to store \/ restore view model state",
        "body": "Jira issue originally created by user @geertvanhorrik:\n\nSaving a state should be very simple:\r\n\r\n```\r\nviewModel.StoreState();\r\n```\r\n\r\nRestoring should be:\r\n\r\n```\r\nviewModel.RestoreState();\r\n```\r\n\r\nIt should go through all Catel properties and store them in a dictionary (weakreference) based on the vm id.",
        "created_at": "2014-08-07T10:15:16Z",
        "closed": false,
        "labels": [
            "Task"
        ],
        "milestone": 22,
        "assignee": "geertvanhorrik"
    }
}