{
    "issue": {
        "title": "CTL-25: Add events to ServiceLocator",
        "body": "Jira issue originally created by user @geertvanhorrik:\n\nResolvingType\r\nResolvedType\r\n\r\nRegisteringType\r\nRegisteredType\r\n\r\nInstantiatingType\r\nInstantiatedType\r\n\r\nTypeFactory should also have events:\r\nInstantiatingType\r\nInstantiatedType",
        "created_at": "2013-03-11T15:58:29Z",
        "closed": true,
        "labels": [
            "Task"
        ],
        "assignee": "geertvanhorrik"
    },
    "comments": [
        {
            "created_at": "2013-10-21T18:38:21Z",
            "body": "Comment created by @geertvanhorrik:\n\nNo longer required since it is now possible to fully replace components of Catel."
        },
        {
            "created_at": "2013-10-21T18:38:21Z",
            "body": "Issue was closed with resolution \"Won't Fix\""
        }
    ]
}