{
    "issue": {
        "title": "CTL-187: Allow PropertyDataManager for public access",
        "body": "Jira issue originally created by user @geertvanhorrik:\n\nSo it is possible to loop loop over all properties, and do something with these properties.",
        "created_at": "2013-10-09T17:19:09Z",
        "closed": true,
        "labels": [
            "Task"
        ],
        "milestone": 16,
        "assignee": "geertvanhorrik"
    },
    "comments": [
        {
            "created_at": "2013-10-10T22:43:21Z",
            "body": "Comment created by @geertvanhorrik:\n\nDone."
        },
        {
            "created_at": "2013-10-10T22:43:21Z",
            "body": "Issue was closed with resolution \"Fixed\""
        }
    ]
}