{
    "issue": {
        "title": "CTL-303: Collections don't get injected",
        "body": "Jira issue originally created by user pgross:\n\nConstructor injection of e.g. IEnumerable<ISomeFactory> or ISomeFactory[] does not work when using Castle Windsor with the CollectionResolver.\r\n\r\nI guess it's not correctly forwarded by Catel's ServiceLocator.\r\n\r\nMy current (dirty) Workaround: Inject IWindsorContainer and use the ResolveAll<ISomeFactory>() method.\r\n",
        "created_at": "2014-01-21T14:11:59Z",
        "closed": true,
        "labels": [
            "Bug"
        ],
        "milestone": 13,
        "assignee": "geertvanhorrik"
    },
    "comments": [
        {
            "body": "empty body",
            "created_at": "2014-01-21T14:11:59Z"
        },
        {
            "created_at": "2014-01-21T20:28:47Z",
            "body": "Comment created by @geertvanhorrik:\n\nDid you implement your own version of the ServiceLocator \/ Dependency Resolver? Note that we are dropping support for the external container registration in 3.9 and that you should implement your own version of IServiceLocator \/ IDependencyResolver to support other containers."
        },
        {
            "created_at": "2014-01-21T22:06:34Z",
            "body": "Comment created by pgross:\n\nHi Geert, thanks for the reply.\r\n\r\nNo I didn't. I was not aware, that the the support for external containers will be dropped.\r\nI thought Catel's ServiceLocator is responsible for injecting ViewModel's into the View, too? I'm not exactly clear about what behavior I would have to implement and what's done by Catel.\r\nIs there any documentation available?"
        },
        {
            "created_at": "2014-01-22T08:14:04Z",
            "body": "Comment created by @geertvanhorrik:\n\nYes, internally it's the ViewModelFactory calling the TypeFactory (which will use the DependencyResolver \/ ServiceLocator to query missing dependencies)."
        },
        {
            "created_at": "2014-01-22T08:14:55Z",
            "body": "Comment created by @geertvanhorrik:\n\nTo find more information on how to replace the default components for IoC, see this documentation:\r\n\r\nhttps:\/\/catelproject.atlassian.net\/wiki\/display\/CTL\/Replacing<ins>the<\/ins>default+components"
        },
        {
            "created_at": "2014-01-22T16:44:49Z",
            "body": "Comment created by pgross:\n\nOkay, thanks.\r\nI`ll have a look into it."
        },
        {
            "created_at": "2014-01-22T16:55:13Z",
            "body": "Comment created by @geertvanhorrik:\n\nConsidering this closed. If you have follow-up questions, feel free to ask."
        },
        {
            "created_at": "2014-01-27T22:16:59Z",
            "body": "Comment created by pgross:\n\nSorry for re-opening.\r\nI didn't really want to implement my own ServiceLocator and I thought I could simply implement my own IDependencyResolver and decide whether I resolve from Catel's ServiceLocator or from my Castle Windsor container. Like so:\r\n\r\nif(type is CatelType)\r\n  ResolveCatelServiceLocator(type)\r\nelse\r\n  ResolveWindsorContainer(type)\r\n\r\nIs anything wrong with this idea?\r\n\r\nNevertheless, it didn't work. The Resolve or CanResolve method of my DependencyResolver is not called for any type I want to inject.\r\n\r\n\r\n"
        },
        {
            "created_at": "2014-01-31T14:43:57Z",
            "body": "Comment created by @geertvanhorrik:\n\nDo you have examples of types (and how you are trying to resolve them) which are not being resolved via the dependency resolver? Note that we have changed this for the upcoming 3.9 release, so please try the latest prerelease."
        },
        {
            "created_at": "2014-01-31T15:05:20Z",
            "body": "Comment created by pgross:\n\nI'm currently on vacation and don't have access to any sourcecode nor can I try the pre-release (so my statements might only concern v3.8.1).\r\nBut basically, my thought was to have a view model constructor:\r\npublic MyViewModel(IMyInterface instance)\r\n\r\nAnd I thought that TypeFactory should try to resolve this type (IMyInterface) using the DependencyResolver. But neither CanResolve nor Resolve is called for this type.\r\n\r\nIf it would have been called, I wanted to implement kind of a junction there - decide whether to resolve from ServiceLocator (default behavior) or from my Castle Windsor container.\r\n\r\nHope this helps."
        },
        {
            "created_at": "2014-01-31T15:20:03Z",
            "body": "Comment created by @geertvanhorrik:\n\nThanks for getting back to me, even in your vacation. In the latest version (3.9 prerelease), the TypeFactory does use the DependencyResolver. So this issue is probably already solved."
        },
        {
            "created_at": "2014-01-31T15:20:25Z",
            "body": "Comment created by @geertvanhorrik:\n\nAlready solved in 3.9. If the issue still occurs in 3.9, feel free to re-open this ticket."
        },
        {
            "created_at": "2014-01-31T15:20:25Z",
            "body": "Issue was closed with resolution \"Fixed\""
        }
    ]
}