{
    "issue": {
        "title": "CTL-165: MessageRecipient attribute does not work",
        "body": "Jira issue originally created by user Essig:\n\n```\r\npublic partial class App : Application\r\n    {\r\n        protected override void OnStartup(StartupEventArgs e)\r\n        {\r\n            StyleHelper.CreateStyleForwardersForDefaultStyles();\r\n\r\n            var mediator = ServiceLocator.Default.ResolveType<IMessageMediator>();\r\n            mediator.SendMessage(\"Come on!\");\r\n            base.OnStartup(e);\r\n        }\r\n\r\n        [MessageRecipient]\r\n        private void foo(string s)\r\n        {\r\n            Debug.WriteLine(s + \" message received\");\r\n        }\r\n    }\r\n```",
        "created_at": "2013-08-26T20:34:21Z",
        "closed": true,
        "labels": [
            "Bug"
        ],
        "assignee": "geertvanhorrik"
    },
    "comments": [
        {
            "created_at": "2013-08-26T20:38:58Z",
            "body": "Comment created by Essig:\n\nI mean the message doesn't arrive to method foo. It works when I manualy register for the message, but i wanted to use this Attribute feature, because it is declarative."
        },
        {
            "created_at": "2013-09-02T18:44:12Z",
            "body": "Comment created by @geertvanhorrik:\n\nYou'll need to manually call MessageMediatorHelper.SubscribeRecipient(this, mediator); in the ctor of an object. The reason is that it will be too bad (and impossible) to check every created object for messages.\n\nBelow is a test that fully works:\n\n```\nnamespace CTL165\n{\n    using System.Diagnostics;\n    using Catel.IoC;\n    using Catel.Messaging;\n\n    internal class Program\n    {\n        #region Methods\n\n        private static void Main(string[] args)\n        {\n            var messageTest = new MessageTest();\n\n            messageTest.Manual();\n\n            Debug.Assert(messageTest.ManualReceived);\n            Debug.Assert(messageTest.ManualReceived);\n        }\n\n        #endregion\n    }\n\n    public class MessageTest\n    {\n        public MessageTest()\n        {\n            var mediator = ServiceLocator.Default.ResolveType<IMessageMediator>();\n\n            MessageMediatorHelper.SubscribeRecipient(this, mediator);\n\n            mediator.SendMessage(\"Automatic\");\n        }\n\n        public void Manual()\n        {\n            var mediator = ServiceLocator.Default.ResolveType<IMessageMediator>();\n            mediator.SendMessage(\"Manual\");\n        }\n\n        public bool ManualReceived { get; private set; }\n        public bool AutomaticReceived { get; private set; }\n\n        [MessageRecipient]\n        private void Foo(string s)\n        {\n            Debug.WriteLine(s + \" message received\");\n\n            if (s == \"Automatic\")\n            {\n                AutomaticReceived = true;\n            }\n\n            if (s == \"Manual\")\n            {\n                ManualReceived = true;\n            }\n        }\n    }\n}\n```"
        },
        {
            "created_at": "2013-09-02T18:50:38Z",
            "body": "Issue was closed with resolution \"Won't Fix\""
        }
    ]
}