{
    "issue": {
        "title": "CTL-429: Call to StyleHelper.CreateStyleForwardersForDefaultStyles(); leads to exception",
        "body": "Jira issue originally created by user jdehaan:\n\nThis is quite unbelievable but reproducible on my machine. Seems something corrupts the stack? or why would the local variable become null after having been checked for null before.\r\n\r\nHere is the list of versions and packages I use. The call to StyleHelper is performed in the App OnStartup override.\r\n\r\nI curious if you have experience the same behavior... Ok I'm old scool with .NET 4.0, but I need to let the code run on XP & Server 2003 machines :-( \r\n\r\n```\r\n  <package id=\"Catel.Core\" version=\"3.9.0.1404241954-beta\" targetFramework=\"net40\" \/>\r\n  <package id=\"Catel.Extensions.Controls\" version=\"3.9.0.1404241954-beta\" targetFramework=\"net40\" \/>\r\n  <package id=\"Catel.Extensions.FluentValidation\" version=\"3.9.0.1404241954-beta\" targetFramework=\"net40\" \/>\r\n  <package id=\"Catel.Fody\" version=\"1.12.0\" targetFramework=\"net40\" developmentDependency=\"true\" \/>\r\n  <package id=\"Catel.MVVM\" version=\"3.9.0.1404241954-beta\" targetFramework=\"net40\" \/>\r\n  <package id=\"Fody\" version=\"1.23.2\" targetFramework=\"net40\" developmentDependency=\"true\" \/>\r\n```",
        "created_at": "2014-04-29T15:35:51Z",
        "closed": true,
        "labels": [
            "Bug"
        ],
        "milestone": 12,
        "assignee": "geertvanhorrik"
    },
    "comments": [
        {
            "created_at": "2014-04-29T15:37:33Z",
            "body": "Comment created by jdehaan:\n\nStupid me, I forgot to mention: the exception is triggered by Argument.IsNotNull(\"style\", style); in CompleteStyleWithAdditionalInfo"
        },
        {
            "created_at": "2014-04-30T12:03:44Z",
            "body": "Comment created by @geertvanhorrik:\n\nWe support 4.0, we won't let corporate users stand in the cold."
        },
        {
            "created_at": "2014-04-30T12:06:32Z",
            "body": "Comment created by @geertvanhorrik:\n\nI think this is null:\r\n\r\n```\r\nresourceDictionaryDefiningStyle[targetType] as Style\r\n```\r\n\r\nI think this is a valid bug and need to be fixed (but never had this myself before). Are you customizing resource dictionaries or something like that?"
        },
        {
            "created_at": "2014-04-30T12:11:52Z",
            "body": "Comment created by @geertvanhorrik:\n\nI have committed a fix, can you test it (will need to build it yourself, not released a NB yet)."
        },
        {
            "created_at": "2014-04-30T17:20:48Z",
            "body": "Comment created by jdehaan:\n\nOh great! Yes I have several pre-Catel Style overrides notably overriding defaults for ListView and TreeView...\r\nI am a bit under pressure now at work but will check tomorrow, until then the NuGet pre-release will be available right?\r\nIt sounds you're on the right track."
        },
        {
            "created_at": "2014-04-30T17:37:23Z",
            "body": "Comment created by @geertvanhorrik:\n\nJust hit the start build button, should be ready in about 20 minutes."
        },
        {
            "created_at": "2014-04-30T18:14:32Z",
            "body": "Comment created by jdehaan:\n\nOk I'll go home now and check from home. What a service! pre-releases on demand ;-)"
        },
        {
            "created_at": "2014-04-30T23:39:50Z",
            "body": "Comment created by jdehaan:\n\nGreat one small step further. Now I get next exception, seems the track you follow is correct.\r\n\r\nException: \r\n\r\nbq. Item has already been added. Key in dictionary: 'System.Windows.Controls.ListView'  Key being added: 'System.Windows.Controls.ListView'\r\n\r\nStack trace:\r\n\r\n{quote}\r\n   at System.Collections.Hashtable.Insert(Object key, Object nvalue, Boolean add)\r\n   at System.Collections.Hashtable.Add(Object key, Object value)\r\n   at System.Windows.ResourceDictionary.AddWithoutLock(Object key, Object value)\r\n   at System.Windows.ResourceDictionary.Add(Object key, Object value)\r\n   at Catel.Windows.StyleHelper.CreateStyleForwardersForDefaultStyles(ResourceDictionary rootResourceDictionary, ResourceDictionary sourceResources, ResourceDictionary targetResources, Boolean forceForwarders, String defaultPrefix, Boolean recreateStylesBasedOnTheme) in c:\\CI_WS\\Ws\\1488\\Source\\Catel\\src\\Catel.Extensions.Controls\\Catel.Extensions.Controls.NET40\\Windows\\Helpers\\StyleHelper.cs:line 292\r\n{quote}"
        },
        {
            "created_at": "2014-04-30T23:48:30Z",
            "body": "Comment created by jdehaan:\n\nJust as a confirmation I removed\r\n\r\n```\r\n                    <Style TargetType=\"ListView\">\r\n                        <Style.Resources>\r\n                            <SolidColorBrush x:Key=\"{x:Static SystemColors.HighlightBrushKey}\" Color=\"Wheat\" \/>\r\n                            <SolidColorBrush x:Key=\"{x:Static SystemColors.HighlightTextBrushKey}\" Color=\"Black\" \/>\r\n                        <\/Style.Resources>\r\n                    <\/Style>\r\n                    <Style TargetType=\"TreeView\">\r\n                        <Style.Resources>\r\n                            <SolidColorBrush x:Key=\"{x:Static SystemColors.HighlightBrushKey}\" Color=\"Wheat\" \/>\r\n                            <SolidColorBrush x:Key=\"{x:Static SystemColors.HighlightTextBrushKey}\" Color=\"Black\" \/>\r\n                        <\/Style.Resources>\r\n                    <\/Style>\r\n```\r\n\r\nfrom the merged dictionaries in the App.xaml file. After that no exception anymore. So the bug is really triggered only if overriding styles."
        },
        {
            "created_at": "2014-04-30T23:52:52Z",
            "body": "Comment created by jdehaan:\n\nTo not get bored another related issue is in:\r\n\r\n```\r\n        public static void EnsureThemeIsLoaded(Uri resourceUri)\r\n        {\r\n            Argument.IsNotNull(() => resourceUri);\r\n\r\n            try\r\n            {\r\n                var application = Application.Current;\r\n                if (application != null)\r\n                {\r\n                    bool containsCatelDictionary = false;\r\n\r\n                    var resources = application.Resources;\r\n                    foreach (var resource in resources.MergedDictionaries)\r\n                    {\r\n                        if (resource.Source.ToString().Contains(\"Catel\"))\r\n```\r\n\r\n`resource.Source` can be null... and in my case a null ref exception is triggered at this last line."
        },
        {
            "created_at": "2014-05-01T16:51:20Z",
            "body": "Comment created by @geertvanhorrik:\n\nCommitted more code fixes. If more issues arise, please build \/ debug the code yourself and create a pull request."
        },
        {
            "created_at": "2014-05-01T19:45:08Z",
            "body": "Comment created by @geertvanhorrik:\n\nNB with fix has been released. Does that work for you?"
        },
        {
            "created_at": "2014-05-01T23:05:28Z",
            "body": "Comment created by jdehaan:\n\nI rechecked with the latest package, problem is away, seems to be solved. Sorry for late answer but today was a holiday."
        },
        {
            "created_at": "2014-05-02T10:00:50Z",
            "body": "Issue was closed with resolution \"Fixed\""
        }
    ]
}