{
    "issue": {
        "title": "CTL-288: Additionnal ProcessAsync methods on IExceptionService",
        "body": "Jira issue originally created by user rajiv.mounguengue:\n\nAdd addtionnal ProcessAsync methods on IExceptionService",
        "created_at": "2013-12-31T22:01:38Z",
        "closed": true,
        "labels": [
            "Improvement"
        ],
        "milestone": 13
    },
    "comments": [
        {
            "created_at": "2013-12-31T22:08:24Z",
            "body": "Comment created by rajiv.mounguengue:\n\nImplemented"
        },
        {
            "created_at": "2013-12-31T22:08:47Z",
            "body": "Comment created by rajiv.mounguengue:\n\nDone"
        },
        {
            "created_at": "2013-12-31T22:08:24Z",
            "body": "Issue was closed with resolution \"Fixed\""
        }
    ]
}