{
    "issue": {
        "title": "CTL-320: IModelEqualityComparer not registered",
        "body": "Jira issue originally created by user pgross:\n\nModelBase throws an NullReferenceException, because no instance of IModelEqualityComparer can't be resolved.\r\n\r\nReason: The type is not being registered to ServiceLocator.\r\nCoreModule.RegisterServices(IServiceLocator) is not called by IoCConfiguration.UpdateDefaultComponents() by default (but <ins>presumably<\/ins> should be).\r\n\r\nExample:\r\n{quote}\r\n[STAThread]\r\npublic static void Main()\r\n{\r\n\/\/ Bootstrap Castle Windsor Container\r\nIWindsorContainer windsorContainer = Bootstrapper.BootstrapContainer();\r\n\r\n\/\/ Tell Catel to use custom dependency resolver\r\nIoCFactory.CreateDependencyResolverFunc = (serviceLocator) => new SplitDependencyResolver(windsorContainer, serviceLocator);\r\n\r\nIoCConfiguration.UpdateDefaultComponents();\r\n            CoreModule.RegisterServices(IoCConfiguration.DefaultServiceLocator);   MVVMModule.RegisterServices(IoCConfiguration.DefaultServiceLocator);\r\n...\r\n{quote}\r\n\r\nThe issue resulted from changes due to [[CTL-313](https:\/\/catelproject.atlassian.net\/browse\/CTL-313)].\r\n----\r\nThanks for the great work you're doing here!",
        "created_at": "2014-02-02T12:36:06Z",
        "closed": true,
        "labels": [
            "Bug"
        ],
        "milestone": 13,
        "assignee": "geertvanhorrik"
    },
    "comments": [
        {
            "created_at": "2014-02-02T12:51:47Z",
            "body": "Comment created by @geertvanhorrik:\n\nAccording to the docs, you must call the registrations yourself, but I think it's a valid case that we can do that for you ;-)"
        },
        {
            "created_at": "2014-02-02T12:53:37Z",
            "body": "Comment created by @geertvanhorrik:\n\nHmm, the problem is that the ServiceLocator is in the Core, so I cannot call extensions directly. Maybe introduce some sort of discovery protocol."
        },
        {
            "created_at": "2014-02-02T13:02:20Z",
            "body": "Comment created by pgross:\n\nOkay. The part where the documentation stated that the registration needs to be re-triggered has not been adopted to v2 of [Replacing the default components](https:\/\/catelproject.atlassian.net\/wiki\/pages\/viewpage.action?pageId=21299252). That is why I thought it should be done automatically.\r\n\r\nSo I guess the easiest way is to leave it as it is (and maybe extend the documentation to make that clear)?"
        },
        {
            "created_at": "2014-02-02T13:04:03Z",
            "body": "Comment created by @geertvanhorrik:\n\nNo, I am currently implementing the *IServiceLocatorInitializer*. All modules of Catel will implement that so default services are registered automatically."
        },
        {
            "created_at": "2014-02-02T14:41:12Z",
            "body": "Comment created by @geertvanhorrik:\n\nAll unit tests succeed, seems to work great."
        },
        {
            "created_at": "2014-02-02T14:47:58Z",
            "body": "Comment created by @geertvanhorrik:\n\n(*) [CTL-320](https:\/\/catelproject.atlassian.net\/browse\/CTL-320) All initialization modules in Catel now implement the IServiceLocatorInitializer interface. This allows developers to create IServiceLocator initializers which will automatically be called when creating a service locator"
        },
        {
            "created_at": "2014-02-02T14:48:33Z",
            "body": "Comment created by @geertvanhorrik:\n\nStarting new nightly build, should be ready in about 20 minutes."
        },
        {
            "created_at": "2014-02-02T14:56:08Z",
            "body": "Issue was closed with resolution \"Fixed\""
        }
    ]
}