{
    "issue": {
        "title": "CTL-217: Create on-line project templates for Catel",
        "body": "Jira issue originally created by user @geertvanhorrik:\n\n",
        "created_at": "2013-10-30T17:28:06Z",
        "closed": true,
        "labels": [
            "Task"
        ],
        "milestone": 15,
        "assignee": "geertvanhorrik"
    },
    "comments": [
        {
            "created_at": "2013-10-30T21:27:11Z",
            "body": "Comment created by @geertvanhorrik:\n\nProjects created, templates updated. Unfortunately I get vague errors when uploading the vsix to the visual studio gallery:\r\n\r\n```\r\nIf you see this page, it is because an error occurred in the system while trying to process your request. We apologize for the inconvenience. This error has been reported to our team for analysis. \r\n\r\nError Log Reference #2f143425-e3cb-4d7b-8182-7d4ead14cfb5 \r\n```"
        },
        {
            "created_at": "2013-11-02T17:08:30Z",
            "body": "Comment created by @geertvanhorrik:\n\nFirst C# WPF template is now available online. Next are the item templates, then we can start the \"getting started with WPF\"-guide."
        },
        {
            "created_at": "2013-11-05T19:33:43Z",
            "body": "Comment created by @geertvanhorrik:\n\nCan't find ANY way to combine project templates and vsix files. The documentation is very unclear. Have to create a separate vsix for every template :("
        },
        {
            "created_at": "2013-11-05T20:16:51Z",
            "body": "Comment created by @geertvanhorrik:\n\nSeparate project templates created and published. Up to the item templates."
        },
        {
            "created_at": "2013-11-05T21:49:29Z",
            "body": "Comment created by @geertvanhorrik:\n\nItem templates for WPF and Silverlight are also created and published. Only store and windows phone left."
        },
        {
            "created_at": "2013-11-05T22:19:18Z",
            "body": "Comment created by @geertvanhorrik:\n\nWindows Store item templates done."
        },
        {
            "created_at": "2013-11-06T17:54:56Z",
            "body": "Comment created by @geertvanhorrik:\n\nDone."
        },
        {
            "created_at": "2015-02-03T14:50:28Z",
            "body": "Comment created by piotr:\n\nHi @geertvanhorrik,\r\n\r\nI have been following steps in \"Getting started with WPF\" -> \"Creating the project\" section and found some issue. I don't know whether this is my environment problem or not.\r\n\r\nIssue occurs in following scenario:\r\n1) I've created a new project -> \"WPF Application with Catel\"\r\n2) Compile and run created project\r\n\r\nResult:\r\nApplication has compiled successfully but window didn't show up.\r\n\r\nTo resolve issue I had to add in App class following code:\r\n#region Constructors\r\n        public App():base()\r\n        {\r\n\r\n        }\r\n        #endregion\r\n\r\nPiotr"
        },
        {
            "created_at": "2015-02-04T10:59:00Z",
            "body": "Comment created by @geertvanhorrik:\n\nThanks for reporting, please see [CTL-590](https:\/\/catelproject.atlassian.net\/browse\/CTL-590)"
        },
        {
            "created_at": "2013-11-06T17:54:56Z",
            "body": "Issue was closed with resolution \"Fixed\""
        }
    ]
}