{
    "issue": {
        "title": "CTL-347: WP8: View is empty after Deactivation\/Activation",
        "body": "Jira issue originally created by user AvelN:\n\n1) MainPage is loaded. Title and data are present.\r\n2) Navigate away from the app (switch) then return back. Then navigate one more time and again return back.\r\nExpected result: View is filled with data\r\nReal result: View is empty",
        "created_at": "2014-02-16T17:50:41Z",
        "closed": true,
        "labels": [
            "Bug"
        ],
        "milestone": 12,
        "assignee": "geertvanhorrik"
    },
    "comments": [
        {
            "created_at": "2014-02-17T17:33:14Z",
            "body": "Comment created by @geertvanhorrik:\n\nSee attached gif. Do I need to do anything else to reproduce the issue?"
        },
        {
            "created_at": "2014-02-17T18:23:53Z",
            "body": "Comment created by AvelN:\n\nAnd then return back to this instance of app. May be needed 2 times to reproduce"
        },
        {
            "created_at": "2014-02-17T19:33:52Z",
            "body": "Comment created by @geertvanhorrik:\n\nI tried like 40 times, cannot reproduce. What emulator are you using?"
        },
        {
            "created_at": "2014-02-17T19:44:21Z",
            "body": "Comment created by AvelN:\n\nI'm testing directly on my device. I'll try to fully remove nuget packages and download again"
        },
        {
            "created_at": "2014-02-17T20:02:08Z",
            "body": "Comment created by @geertvanhorrik:\n\nCan't reproduce on my device neither."
        },
        {
            "created_at": "2014-02-17T20:43:36Z",
            "body": "Comment created by AvelN:\n\nIt seams that was really some kind of bug with versions as now it works fine. Sorry for false alarm"
        },
        {
            "created_at": "2014-02-17T20:45:07Z",
            "body": "Comment created by @geertvanhorrik:\n\nGreat :-)"
        },
        {
            "created_at": "2014-02-17T20:45:13Z",
            "body": "Issue was closed with resolution \"Fixed\""
        }
    ]
}