{
    "issue": {
        "title": "CTL-3: SavableModelBase: how to serialize not-serializable properties?",
        "body": "Jira issue originally created by user @geertvanhorrik:\n\nHi Geert, \r\n\r\ncannot get it to work.Please check this sample (.NET console app) \r\n\r\nProblems:1) when the NotSerializableUsingClassProperty exists, no instance of the Settings class is creatable.2) when the NotSerializableUsingInterface != null, serialization fails.3) the serialization should use the string-convert properties SerializeNotSerializableUsingInterface and SerializeNotSerializableUsingClass \r\n\r\nthanks, alex. \r\n\r\n\r\n\r\nusing System; \r\nusing System.Collections.Generic; \r\nusing System.Linq; \r\nusing System.Runtime.Serialization; \r\nusing System.Text; \r\nusing Catel.Data; \r\n\r\nnamespace CatelNotSerializableSpike \r\n{\r\nclass Program\r\n{\r\n    static void Main(string[] args)\r\n    {\r\n        var saveFileDPNE = System.Reflection.Assembly.GetExecutingAssembly().Location <ins> \".settings.xml\";\r\n\r\n        \/\/ create settings\r\n        var settings = new Settings();\r\n        settings.Name = \"Test\";\r\n        settings.NotSerializableUsingInterface = new NotSerializable { Content = \"some content on NotSerializableUsingInterface\" };\r\n        settings.NotSerializableUsingClass = new NotSerializable { Content = \"some content on NotSerializableUsingClass\" };\r\n\r\n        \/\/ save it\r\n        System.Diagnostics.Debug.WriteLine(\"Saving settings to: [\" <\/ins> saveFileDPNE + \"]\");\r\n        settings.Save(saveFileDPNE, SerializationMode.Xml);\r\n\r\n        \/\/ load it\r\n        var loadedSettings = Settings.Load(saveFileDPNE);\r\n        Console.WriteLine(\"Should be the same: {0}={1}\",\r\n                          settings.NotSerializableUsingInterface.Content,\r\n                          loadedSettings.NotSerializableUsingInterface.Content);\r\n        Console.WriteLine(\"Should be the same: {0}={1}\",\r\n                          settings.NotSerializableUsingClass.Content,\r\n                          loadedSettings.NotSerializableUsingClass.Content);\r\n        Console.ReadLine();\r\n\r\n    }\r\n}\r\n\r\n[AllowNonSerializableMembers]\r\nclass Settings : Catel.Data.SavableModelBase<Settings>\r\n{\r\n    #region Constructors\r\n\r\n    public Settings()\r\n    {\r\n    }\r\n\r\n    public Settings(SerializationInfo info, StreamingContext context)\r\n        : base(info, context)\r\n    {\r\n    }\r\n\r\n    #endregion\r\n\r\n    #region simple serializable property\r\n\r\n    \/\/ Name\r\n    public static readonly PropertyData\r\n        NameProperty = RegisterProperty(@\"Name\",\r\n                                        typeof(string),\r\n                                        default(string));\r\n\r\n    public string Name\r\n    {\r\n        get { return GetValue<string>(NameProperty); }\r\n        set { SetValue(NameProperty, value); }\r\n    }\r\n\r\n    #endregion\r\n\r\n\r\n    #region NotSerializableUsingInterface\r\n\r\n    \/\/ NotSerializableUsingInterface\r\n    public static readonly PropertyData\r\n        NotSerializableUsingInterfaceProperty = RegisterProperty(@\"NotSerializableUsingInterface\",\r\n                                                                 typeof(INotSerializable),\r\n                                                                 default(INotSerializable),\r\n                                                                 includeInSerialization: false);\r\n\r\n    public INotSerializable NotSerializableUsingInterface\r\n    {\r\n        get { return GetValue<INotSerializable>(NotSerializableUsingInterfaceProperty); }\r\n        set { SetValue(NotSerializableUsingInterfaceProperty, value); }\r\n    }\r\n\r\n    \/\/ alternate POCO property for serializing the NotSerializableUsingInterface type\r\n    public string SerializeNotSerializableUsingInterface\r\n    {\r\n        get { return this.NotSerializableUsingInterface != null ? this.NotSerializableUsingInterface.Content : null; }\r\n        set { this.NotSerializableUsingInterface = new NotSerializable {Content = value}; }\r\n    }\r\n\r\n    #endregion\r\n\r\n\r\n    #region NotSerializableUsingClass\r\n\r\n    \/\/ NotSerializableUsingClass\r\n    public static readonly PropertyData\r\n        NotSerializableUsingClassProperty = RegisterProperty(@\"NotSerializableUsingClass\",\r\n                                                             typeof(NotSerializable),\r\n                                                             default(NotSerializable),\r\n                                                             includeInSerialization: false);\r\n\r\n    public NotSerializable NotSerializableUsingClass\r\n    {\r\n        get { return GetValue<NotSerializable>(NotSerializableUsingClassProperty); }\r\n        set { SetValue(NotSerializableUsingClassProperty, value); }\r\n    }\r\n\r\n    \/\/ alternate POCO property for serializing the NotSerializableUsingClass type\r\n    public string SerializeNotSerializableUsingClass\r\n    {\r\n        get { return this.NotSerializableUsingClass != null ? this.NotSerializableUsingClass.Content : null; }\r\n        set { this.NotSerializableUsingClass = new NotSerializable {Content = value}; }\r\n    }\r\n\r\n    #endregion\r\n\r\n}\r\n\r\ninterface INotSerializable\r\n{\r\n    string Content { get; set; }\r\n}\r\n\r\nclass NotSerializable : INotSerializable\r\n{\r\n    public string Content { get; set; }\r\n}\r\n}",
        "created_at": "2013-03-02T11:42:35Z",
        "closed": true,
        "labels": [
            "Task"
        ],
        "milestone": 16,
        "assignee": "geertvanhorrik"
    },
    "comments": [
        {
            "created_at": "2013-07-26T14:54:16Z",
            "body": "Comment created by @geertvanhorrik:\n\nThis is now solved by the brand new serialization engine. "
        },
        {
            "created_at": "2013-07-26T14:56:02Z",
            "body": "Issue was closed with resolution \"Fixed\""
        }
    ]
}