{
    "issue": {
        "title": "CTL-22: Create ITypeFactoryInitializer",
        "body": "Jira issue originally created by user @geertvanhorrik:\n\nA custom initializer that allows custom initialization of types created by the TypeFactory.",
        "created_at": "2013-03-10T15:49:58Z",
        "closed": true,
        "labels": [
            "Task"
        ],
        "milestone": 18,
        "assignee": "geertvanhorrik"
    },
    "comments": [
        {
            "created_at": "2013-03-10T18:22:47Z",
            "body": "Comment created by @geertvanhorrik:\n\nAdded INeedCustomInitialization interface. Also added unit tests."
        },
        {
            "created_at": "2013-03-10T18:22:58Z",
            "body": "Comment created by @geertvanhorrik:\n\nWritten documentation."
        },
        {
            "created_at": "2013-03-10T18:30:02Z",
            "body": "Comment created by @geertvanhorrik:\n\nDone."
        },
        {
            "created_at": "2013-03-10T18:30:02Z",
            "body": "Issue was closed with resolution \"Fixed\""
        }
    ]
}