{
    "issue": {
        "title": "CTL-350: TypeCache initialize perfomance",
        "body": "Jira issue originally created by user Towelie:\n\nHello.\r\nCatel.Core have ModuleInitializer class where TypeCache first time called in App so it's being constructed during ModuleInitializer.Initialize call which called automatically when Catel.Core assembly get loaded.\r\nAs I understand it's only scanning App.config to find LogListeners.\r\nBut it consumes process time a lot.\r\nIt would be awesome to let user control this, for example parse app.config in BootStrapper or even don't parse it and etc.\r\n",
        "created_at": "2014-02-17T20:02:36Z",
        "closed": true,
        "labels": [
            "Improvement"
        ],
        "milestone": 12,
        "assignee": "geertvanhorrik"
    },
    "comments": [
        {
            "created_at": "2014-02-17T20:04:28Z",
            "body": "Comment created by @geertvanhorrik:\n\nWe will consider this."
        },
        {
            "created_at": "2014-03-08T17:12:26Z",
            "body": "Comment created by @geertvanhorrik:\n\nThe TypeCache is required for more things than just reading the config. But maybe we can do something like lazy loading. The problem is that some types will not be available then."
        },
        {
            "created_at": "2014-03-09T12:20:46Z",
            "body": "Comment created by @geertvanhorrik:\n\nImproved performance of TypeCache by around 50 %."
        },
        {
            "created_at": "2014-03-09T12:30:31Z",
            "body": "Comment created by @geertvanhorrik:\n\nWill not be disabled, but is much faster now."
        },
        {
            "created_at": "2014-03-09T20:49:31Z",
            "body": "Comment created by Towelie:\n\nGreat, thank you, i will test it on 4.0 official release."
        },
        {
            "created_at": "2014-03-09T20:57:00Z",
            "body": "Comment created by @geertvanhorrik:\n\nI recommend to do that in the nightly build. It is near 4.0 complete anyway."
        },
        {
            "created_at": "2014-03-09T12:30:31Z",
            "body": "Issue was closed with resolution \"Fixed\""
        }
    ]
}