{
    "issue": {
        "title": "CTL-177: TypeFactory scoping too strict to allow inner type construction",
        "body": "Jira issue originally created by user nicolo:\n\nModel serialization is working fine with catel 3.6 but fails with the latest prerelease. Attached solution is functional, try it out. Then update to latest catel prerelase and it fails (at least within my environment).",
        "created_at": "2013-09-20T07:01:09Z",
        "closed": true,
        "labels": [
            "Bug"
        ],
        "milestone": 16,
        "assignee": "geertvanhorrik"
    },
    "comments": [
        {
            "created_at": "2013-09-20T13:39:47Z",
            "body": "Comment created by @geertvanhorrik:\n\nWe are indeed introducing a brand new serialization engine in versiopn 3.7. It should be much faster and easier to customize to your needs. It shouldn't introduce breaking changes though. I will look into this."
        },
        {
            "created_at": "2013-09-20T13:53:35Z",
            "body": "Comment created by @geertvanhorrik:\n\n{Catel.IoC.CircularDependencyException: Found a circular dependency while resolving 'SerializationTest.ViewModels.MainWindowViewModel (tag = null)', \r\n\r\n{MainWindowViewModel => XmlSerializer => SerializationManager => DataContractSerializerFactory => DataContractNameResolver => Settings => ReferenceManager => Settings => ReferenceManager}"
        },
        {
            "created_at": "2013-09-20T13:56:34Z",
            "body": "Comment created by @geertvanhorrik:\n\nOk, the reason is that you are trying to load the type inside the ctor of the MainViewModel. Then the TypeFactory is still thinking you are in the scope of the MainWindowViewModel constructor.\r\n\r\nTo solve this issue for now, load the settings in the Initialize method."
        },
        {
            "created_at": "2013-09-20T15:00:18Z",
            "body": "Comment created by nicolo:\n\nThanks!"
        },
        {
            "created_at": "2013-09-20T15:05:03Z",
            "body": "Comment created by @geertvanhorrik:\n\nIssue is fixed, you can now even create types inside the constructor. The typefactory is now less strict about types already instantiated successfully.\r\n\r\nCurrently building a new nightly release, then you won't even need the workaround."
        },
        {
            "created_at": "2013-09-20T15:05:10Z",
            "body": "Issue was closed with resolution \"Fixed\""
        }
    ]
}