{
    "issue": {
        "title": "CTL-117: Title property on ViewModelBase must have a setter as well",
        "body": "Jira issue originally created by user @geertvanhorrik:\n\nThis will be a non-breaking change. Adding a setter allows the user to dynamically update the title which will automatically implement INotifyPropertyChanged.",
        "created_at": "2013-07-11T17:43:38Z",
        "closed": true,
        "labels": [
            "Improvement"
        ],
        "milestone": 16,
        "assignee": "geertvanhorrik"
    },
    "comments": [
        {
            "created_at": "2013-07-11T17:53:03Z",
            "body": "Comment created by @geertvanhorrik:\n\nDone."
        },
        {
            "created_at": "2013-07-11T17:53:03Z",
            "body": "Issue was closed with resolution \"Fixed\""
        }
    ]
}