{
    "issue": {
        "title": "CTL-500: Async Task support",
        "body": "Jira issue originally created by user Towelie:\n\nHi.\r\nAs far as Catel now uses async and Tasks it would be awesome to add some helperts for it. Because its hard to handle exception in tasks.\r\nSo i found this solution and i think you should include it to catel:\r\nhttps:\/\/gist.github.com\/rizal-almashoor\/2818038",
        "created_at": "2014-08-01T23:52:42Z",
        "closed": true,
        "labels": [
            "Improvement"
        ],
        "assignee": "geertvanhorrik"
    },
    "comments": [
        {
            "created_at": "2014-08-04T12:54:42Z",
            "body": "Comment created by rajiv.mounguengue:\n\nHi, \r\nHave you try to use the IExceptionService for yours exceptions on task?"
        },
        {
            "created_at": "2014-08-20T22:06:14Z",
            "body": "Comment created by @geertvanhorrik:\n\n[<sub>Towelie] Did you try the IExceptionService as [<\/sub>rajiv.mounguengue] said?"
        },
        {
            "created_at": "2014-09-11T18:21:23Z",
            "body": "Issue was closed with resolution \"Won't Fix\""
        }
    ]
}