{
    "issue": {
        "title": "CTL-313: TypeFactory not replaceable",
        "body": "Jira issue originally created by user pgross:\n\nIt does not seem to be possible to replace the TypeFactory (like described [here](https:\/\/catelproject.atlassian.net\/wiki\/display\/CTL\/Replacing<ins>the<\/ins>default+components#Replacingthedefaultcomponents-ReplacingthedefaultTypeFactory)) without replacing the default ServiceLocator. The constructor of ServiceLocator always instanciates a new instance of TypeFactory, which is stored privately.\r\n\r\nIt however seems possible to re-register ITypeFactory to ServiceLocator to achieve the desired behavior.\r\n\r\nI'm not sure if this is wanted or unwanted behavior. Nevertheless, the Documentation seems to be wrong. I wanted to clarify this before changing the documentation on my own.\r\n\r\n",
        "created_at": "2014-01-27T22:52:26Z",
        "closed": true,
        "labels": [
            "Bug"
        ],
        "milestone": 13,
        "assignee": "geertvanhorrik"
    },
    "comments": [
        {
            "created_at": "2014-02-01T14:37:04Z",
            "body": "Comment created by @geertvanhorrik:\n\nThanks for the issue report. We will look into this."
        },
        {
            "created_at": "2014-02-01T14:48:48Z",
            "body": "Comment created by @geertvanhorrik:\n\nThe problem is that the ServiceLocator is dependent on the TypeFactory. I want to be able to introduce scoping in the future, so I cannot just simply re-use the registered TypeFactory.\r\n\r\nI think there is a solution: create methods on the IoCConfiguration:\r\n\r\n```\r\npublic static Func<IServiceLocator> CreateServiceLocatorFunc { get; set; }\r\n\r\npublic static Func<IDependencyResolver, ITypeFactory> CreateTypeFactoryFunc { get; set; }\r\n\r\npublic static Func<IServiceLocator, IDependencyResolver> CreateDependencyResolverFunc { get; set; }\r\n```\r\n\r\nThis way, we will be very flexible because the Catel components can use these methods to create their required types."
        },
        {
            "created_at": "2014-02-01T14:59:31Z",
            "body": "Comment created by @geertvanhorrik:\n\nThe recommended new way will be that you must customize the factory methods. Then Catel will take care of the rest."
        },
        {
            "created_at": "2014-02-01T15:19:21Z",
            "body": "Comment created by @geertvanhorrik:\n\nUpdated the docs.\r\n\r\nhttps:\/\/catelproject.atlassian.net\/wiki\/display\/CTL\/Replacing<ins>the<\/ins>default+components"
        },
        {
            "created_at": "2014-02-01T17:20:03Z",
            "body": "Comment created by @geertvanhorrik:\n\nIt's a breaking change, but it will make it much easier to implement your own types."
        },
        {
            "created_at": "2014-02-01T17:20:17Z",
            "body": "Issue was closed with resolution \"Fixed\""
        }
    ]
}