{
    "issue": {
        "title": "CTL-34: WP7: NullReferenceException unhandled in Catel.Core.dll",
        "body": "Jira issue originally created by user @geertvanhorrik:\n\nToday I updated the Catel NuGet packages for my WP7 project, and the ServiceLocator.Default property throws a NullReferenceException. \r\n\r\nPartial stacktrace: \r\n\r\nat Catel.EnvironmentHelper.get_IsProcessHostedByVisualStudio() \r\nat Catel.EnvironmentHelper.get_IsProcessHostedByTool() \r\nat Catel.Reflection.StaticHelper.GetCallingType() \r\nat Catel.Logging.LogManager.GetCurrentClassLogger() \r\nat Catel.Argument..cctor() \r\nat System.Lazy1..ctor(Func1 valueFactory) \r\nat Catel.EnvironmentHelper..cctor() \r\nat Catel.Reflection.StaticHelper.GetCallingType() \r\nat Catel.Logging.LogManager.GetCurrentClassLogger() \r\nat Catel.Logging.LogManager..cctor() \r\nat Catel.Phone.Controls.PhoneApplicationPage..cctor()",
        "created_at": "2013-03-30T06:44:29Z",
        "closed": true,
        "labels": [
            "Bug"
        ],
        "milestone": 17,
        "assignee": "geertvanhorrik"
    },
    "comments": [
        {
            "created_at": "2013-04-07T15:14:01Z",
            "body": "Comment created by @geertvanhorrik:\n\nUpdating the examples repository to the latest version for a test."
        },
        {
            "created_at": "2013-04-07T16:39:16Z",
            "body": "Comment created by @geertvanhorrik:\n\nI can reproduce the issue, currently fixing it."
        },
        {
            "created_at": "2013-04-07T16:54:20Z",
            "body": "Comment created by @geertvanhorrik:\n\nFixed, please try the latest nightly build."
        },
        {
            "created_at": "2013-04-07T16:54:20Z",
            "body": "Issue was closed with resolution \"Fixed\""
        }
    ]
}