{
    "issue": {
        "title": "CTL-188: What is the ecommended MVVM strategy for filtering a observable collection in catel ",
        "body": "Jira issue originally created by user RossCoeH:\n\nWhat is the recommended strategy for filtering an observable collection in MVVM?\r\n\r\nAn example task would be filtering people names in your Master-detail example to show only those names containing a particular letter.\r\n\r\nA web search is not that clear on method- some suggesting filtering via viewmodel code that modifies collectionview with filters either in xaml or code behind- .but then how do you handle cases where the currently selected model becomes invisible because of filter chosen\r\n\r\nAnother method would be to pass the filter back to the model and use the catel replaceange to replace current range with a filtered range.  This seems to be a brute force method that might lead to performance issues but I am too new to know.  \r\n\r\nWhat is your typical or recommended strategy for filtering a collection of observableObject.  Perhaps add this to your documentation & example.",
        "created_at": "2013-10-10T07:42:01Z",
        "closed": true,
        "labels": [
            "Improvement"
        ],
        "milestone": 16,
        "assignee": "geertvanhorrik"
    },
    "comments": [
        {
            "created_at": "2013-10-10T20:56:51Z",
            "body": "Comment created by @geertvanhorrik:\n\nmost of the time I don't want to filter an in-memory collection, then I do this in the VM. For simple filtering you can use the CollectionView."
        },
        {
            "created_at": "2013-10-14T18:34:41Z",
            "body": "Issue was closed with resolution \"Fixed\""
        }
    ]
}