{
    "issue": {
        "title": "CTL-159: Resharper plugin resets visual studio hotkeys and toolbars settings",
        "body": "Jira issue originally created by user IvanKupriyanov:\n\nI already opened issue on official codeplex bugtracker, but got no response.\r\n\r\nThis issue is very annoying. If i enable plugin - after VS restarts i get part or even all my settings reseted. Sometimes after restart settings are fine. But in the end after few restarts they will be wiped. If i disable plugin - settings stay alive.\r\n\r\nWe have that issue on 2 PC's with resharper, can't say about third PC.",
        "created_at": "2013-08-20T09:50:51Z",
        "closed": true,
        "labels": [
            "Bug"
        ],
        "milestone": 9
    },
    "comments": [
        {
            "created_at": "2013-08-20T10:02:31Z",
            "body": "Comment created by IvanKupriyanov:\n\nSettings - hotkeys, tollbars position, toolbars visibility, tool windows position. Simplest way to test it - add another toolbar, move it to other position. After restart i can't see that toolbar nor in new position, nor in default position. Toolbar just disappers."
        },
        {
            "created_at": "2013-09-10T11:05:26Z",
            "body": "Comment created by IvanKupriyanov:\n\nFound interesting moment. If i start VS instance from system bar(pinned icon) and then open project from history - i can see my customized toolbars and hotkeys. If i open project from that icon (RMB -> FooProject) toolbars wiped, as hotkeys."
        },
        {
            "created_at": "2013-11-14T22:21:56Z",
            "body": "Comment created by @geertvanhorrik:\n\nWe will first add Catel.ReSharper to the automatic build server so we can easily release new versions automatically."
        },
        {
            "created_at": "2014-09-11T17:22:51Z",
            "body": "Comment created by @geertvanhorrik:\n\nIs this still relevant?"
        },
        {
            "created_at": "2014-09-12T09:24:06Z",
            "body": "Comment created by IvanKupriyanov:\n\nYes, still happening. We have workaround - import settings everytime we start VS. Annoying, but at least it works."
        },
        {
            "created_at": "2015-09-01T17:00:36Z",
            "body": "Comment created by @geertvanhorrik:\n\nSo wondering if this still happens since we recently released new resharper versions via NuGet. The good news is that it's all automated now so we can easily deploy new fixes from now on."
        },
        {
            "created_at": "2015-09-17T13:58:31Z",
            "body": "Comment created by @geertvanhorrik:\n\nClosing as fixed. Let me know if this needs to be reopened."
        },
        {
            "created_at": "2015-09-17T13:58:31Z",
            "body": "Issue was closed with resolution \"Fixed\""
        }
    ]
}