{
    "issue": {
        "title": "CTL-241: WP8: after the first creation, ViewModels are created twice for each call.",
        "body": "Jira issue originally created by user fg_garda:\n\nI created a simple App to test this issue. The attached project has three ViewModels and Views and I use NavigationService.Navigate<xxxViewModel>() and NavigationService.GoBack() to navigate through the pages. \r\n\r\nThis is the sequence: \r\n\r\nMain -> First -> Second -> First -> Main -> First -> Second -> First -> Main -> Exit.\r\n\r\nThe attached output shows that at the third passage on the First page the ViewModel is created twice, so OnInitializing, OnInitialized and OnNavigationCompleted are called more that one time. \r\n\r\nI'm using the 3.7.1311181747-beta version.\r\n\r\nThnaks.",
        "created_at": "2013-11-20T18:01:26Z",
        "closed": true,
        "labels": [
            "Bug"
        ],
        "milestone": 15,
        "assignee": "geertvanhorrik"
    },
    "comments": [
        {
            "created_at": "2013-11-20T19:55:10Z",
            "body": "Comment created by @geertvanhorrik:\n\nWe had this issue before. I will look into this, but if you have any chance to find the issue in the source, that would be great (we are really busy ATM)."
        },
        {
            "created_at": "2013-11-21T17:12:19Z",
            "body": "Comment created by fg_garda:\n\nI'm trying to figure out the problem. This is the navigation sequence:\r\n\r\n```\r\nMainPage\r\nGo to FirstPage\r\nGo to SecondPage (A)\r\nReturn to FirstPage\r\nGo to SecondPage (B)\r\n```\r\n\r\nFor the last call to SecondPage the ViewModel is created twice.\r\n\r\nThe first time I navigate to the SecondPage I get this call stack:\r\n\r\n```\r\nSecondPage()\r\n\tPhoneApplicationPage()\r\n\t\tPhoneApplicationPageLogic()\r\n\t\t\tNavigationLogicBase:EnsureViewModel\r\n\t\t\t\tViewModel == null --> Request SecondViewModel()\r\n\t\t\r\nHandleNavigated\r\n\tNavigationLogicBase:CompleteNavigation\r\n\t\tNavigationLogicBase:EnsureViewModel\r\n\t\t\tViewModel != null\r\n```\r\n\r\nThe second time I navigate to the same page, the ViewModel property in EnsureViewModel is not null, so the method requests a new SecondViewModel. \r\nViewModel is null because the instance of PhoneApplicationPageLogic is not the same of the page where EnsureViewModel is called the first time: it is the Logic created for SecondPage (A). \r\n\r\nNow I'm trying to undestand why. "
        },
        {
            "created_at": "2013-11-22T12:38:19Z",
            "body": "Comment created by @geertvanhorrik:\n\nThanks, I will try to fix this. If you have any more info, please let me know."
        },
        {
            "created_at": "2013-11-22T23:09:25Z",
            "body": "Comment created by @geertvanhorrik:\n\nGoing to prevent double subscription using ConditionalWeakTable. Windows Phone uses weak events to subscribe to events (to keep pages alive if needed to by Windows Phone). We might even move all target frameworks to this technology if this works out."
        },
        {
            "created_at": "2013-11-22T23:15:52Z",
            "body": "Comment created by @geertvanhorrik:\n\nDouble subscriptions were already protected, so that is not the issue. It's probably because there are really 2 instances of the SecondPage alive by WP."
        },
        {
            "created_at": "2013-11-22T23:20:52Z",
            "body": "Comment created by @geertvanhorrik:\n\nThis is what happens during the VM creation:\r\n\r\nFirst navigation:\r\n1st time == Logic.Id = 3\r\n\r\nSecond navigation:\r\n2nd time == Logic.Id = 4\r\n3rd time == Logic.Id = 3"
        },
        {
            "created_at": "2013-11-22T23:40:08Z",
            "body": "Comment created by @geertvanhorrik:\n\nGot it fixed. It is handling events for all the pages with the same uri, but it should only handle events for the pages with the same instance."
        },
        {
            "created_at": "2013-11-23T00:01:51Z",
            "body": "Comment created by fg_garda:\n\nI saw that and I've just resolved it using a GUID on Page... Thanks!"
        },
        {
            "created_at": "2013-11-22T23:40:13Z",
            "body": "Issue was closed with resolution \"Fixed\""
        }
    ]
}