{
    "issue": {
        "title": "CTL-42: Wcf IoC support",
        "body": "Jira issue originally created by user rajiv.mounguengue:\n\nWrite a ServiceHostFactory and an InstanceProviderBehaviorAttribute for Wcf will use ServiceLocator in instanciation process.",
        "created_at": "2013-04-05T11:55:55Z",
        "closed": true,
        "labels": [
            "Task"
        ]
    },
    "comments": [
        {
            "created_at": "2013-11-06T17:57:16Z",
            "body": "Comment created by @geertvanhorrik:\n\nFirst create the projects:\r\n\r\n* Catel.Extensions.Wcf.Server.NET40\r\n* Catel.Extensions.Wcf.Server.NET45\r\n\r\nWe might consider this in the future:\r\n\r\n* Catel.Extensions.Wcf.Client.NET40\r\n* Catel.Extensions.Wcf.Client.NET45\r\n* Catel.Extensions.Wcf.Client.SL5"
        },
        {
            "created_at": "2013-11-06T19:55:03Z",
            "body": "Comment created by @geertvanhorrik:\n\nAdded placeholder for documentation:\r\n\r\nhttps:\/\/catelproject.atlassian.net\/wiki\/display\/CTL\/Catel.Extensions.Wcf.Server"
        },
        {
            "created_at": "2013-11-06T19:56:55Z",
            "body": "Comment created by @geertvanhorrik:\n\nProjects created."
        },
        {
            "created_at": "2013-11-06T20:11:29Z",
            "body": "Comment created by @geertvanhorrik:\n\nProjects created, NuGet packages prepared, Build scripts modified."
        },
        {
            "created_at": "2013-11-06T20:11:43Z",
            "body": "Comment created by @geertvanhorrik:\n\nBack to Rajiv."
        },
        {
            "created_at": "2013-11-08T09:39:10Z",
            "body": "Comment created by rajiv.mounguengue:\n\nFiles added, Unit tests and doc left."
        },
        {
            "created_at": "2013-11-14T22:22:28Z",
            "body": "Comment created by @geertvanhorrik:\n\nMoved to 3.9."
        },
        {
            "created_at": "2014-05-14T09:56:16Z",
            "body": "Comment created by @geertvanhorrik:\n\nWon't fix."
        },
        {
            "created_at": "2014-05-14T09:56:16Z",
            "body": "Issue was closed with resolution \"Won't Fix\""
        }
    ]
}