{
    "issue": {
        "title": "CTL-302: Add TextToUpperCaseConverter and TextToLowerCaseConverter",
        "body": "Jira issue originally created by user @geertvanhorrik:\n\nAdd two new converters.",
        "created_at": "2014-01-17T20:48:58Z",
        "closed": true,
        "labels": [
            "Task"
        ],
        "milestone": 13,
        "assignee": "geertvanhorrik"
    },
    "comments": [
        {
            "created_at": "2014-01-17T20:53:46Z",
            "body": "Comment created by @geertvanhorrik:\n\nImplemented."
        },
        {
            "created_at": "2014-01-17T20:53:46Z",
            "body": "Issue was closed with resolution \"Fixed\""
        }
    ]
}