{
    "issue": {
        "title": "CTL-287: resharper plugin has unhandled exception when refactoring property",
        "body": "Jira issue originally created by user jsimmons:\n\nTrying to follow the documentation https:\/\/catelproject.atlassian.net\/wiki\/display\/CTL\/UserControl \r\n\r\nI created this class, and tried to refactor it's property.\r\n\r\npublic class CompanyViewModel : ViewModelBase \r\n{\r\n  public CompanyViewModel(Models.Company company)\r\n  {\r\n     Company = company;\r\n  }\r\n\r\n  public Company Company { get; set; }\r\nPositioned cursor on Property Name, Pressed Alt + Enter to activate refactor menu. \r\n\r\nSelected option To Catel Property with Property Changed notification method\r\n\r\nSummary of exception (anchor == null || anchor.Parent == parent) is false.\r\n\r\nAlso posted here: https:\/\/catelresharper.codeplex.com\/workitem\/12, but it appears that you're using Jira, not codeplex for bugs. Also, no component for the Resharper Plugin.",
        "created_at": "2013-12-28T21:11:18Z",
        "closed": true,
        "labels": [
            "Bug"
        ]
    },
    "comments": [
        {
            "created_at": "2014-01-09T04:12:13Z",
            "body": "Comment created by jsimmons:\n\nHi Igr, I noticed this ticket has been assigned to you. Is there any additional information I can give you to help recreate this issue? I was able to recreated it on another machine today."
        },
        {
            "created_at": "2014-01-09T04:50:01Z",
            "body": "Comment created by @alexfdezsauco:\n\nThanks, but don't worry. I'm downloading the specific R# version\r\n(7.1.3) to recreate the issue. I hope solve this issue asap.\r\n\r\n"
        },
        {
            "created_at": "2014-01-10T16:19:09Z",
            "body": "Comment created by @alexfdezsauco:\n\nHi jeremy, \r\n\r\nI tested the scenario with Visual Studio 2012 Ultimate Release 4,  Resharper 7.1.3 and it works. \r\n\r\nDid you try with the latest version?\r\n\r\nYou can get the full installer from http:\/\/t.co\/6xYnuvVWvs"
        },
        {
            "created_at": "2014-01-10T19:59:51Z",
            "body": "Comment created by jsimmons:\n\nHi Igr.\r\nI just tested on a clean install of VS 2012 Ultimate \/w Release 4, Resharper 7.1.3. and got the same exception.\r\nI submitted to JetBrains using their automatic report utility. http:\/\/youtrack.jetbrains.com\/issue\/RSRP-401400\r\n\r\nI could be wrong, but the stack-trace doesn't appear to originate from the plugin, it seems to come from Resharper.\r\n\r\nWhat else can I do or supply you with to help reproduce this issue?"
        },
        {
            "created_at": "2014-01-10T22:18:01Z",
            "body": "Comment created by @alexfdezsauco:\n\nPlease also try with the the ReShaper version available\r\nhttp:\/\/resharper-support.jetbrains.com\/entries\/21206508-Where-can-I-download-an-old-previous-ReSharper-version-\r\n\r\n"
        },
        {
            "created_at": "2014-01-10T22:51:41Z",
            "body": "Comment created by jsimmons:\n\nIgr - I was using ReSharperSetup.7.1.3000.2259 - which version did you want\/need me to try with?\r\n"
        },
        {
            "created_at": "2014-01-15T16:07:02Z",
            "body": "Comment created by @alexfdezsauco:\n\nPlease try with this one\r\nhttp:\/\/download.jetbrains.com\/resharper\/ReSharperSetup.7.1.3000.2254.msi\r\n\r\n"
        },
        {
            "created_at": "2014-01-18T04:25:24Z",
            "body": "Comment created by jsimmons:\n\nIgr, I will try with this version and let you know."
        },
        {
            "created_at": "2014-01-20T15:22:11Z",
            "body": "Comment created by @alexfdezsauco:\n\nThanks\r\n\r\n"
        },
        {
            "created_at": "2014-01-30T04:27:01Z",
            "body": "Comment created by jsimmons:\n\nIgr. I appologize for not getting to this sooner. I have been busy with work and a side project.\r\nAt this point, I've upgraded to R# 8.1, and VS2013. In addition, I'm using Catel.Fody that largely makes this refactoring unecessary for the work I'm doing. I'd suggest changing the priority from Blocker to Low or something else."
        },
        {
            "created_at": "2014-01-30T15:02:08Z",
            "body": "Comment created by @alexfdezsauco:\n\nOk, thanks.\r\n\r\nBut, the exception is raised with the latest version of R# and CatelR#?"
        },
        {
            "created_at": "2014-01-30T15:33:34Z",
            "body": "Comment created by @alexfdezsauco:\n\nBtw Catel.Fody vs. CatelR# is a matter of taste. Actually we are also thinking in put CateR# to work together with Catel.Fody. For instace if Catel.Fody is enable then some refactoring behaviors CatelR# will be turned to write some attributes instead the full required code. But now it is just an idea.\r\n\r\nPlease check if you have the error with the lastest version of R# and CatelR#."
        },
        {
            "created_at": "2014-01-30T16:14:43Z",
            "body": "Comment created by jsimmons:\n\n1.4.0.25-Beta-1401221318 with VS2012UltimateSP4, and R# 8.1. \r\n\r\nAfter loading the extension via ReSharper manage extensions, I have errors in the plugin.\r\n\r\nThe feature I expected to work, refactoring a property with automatic backing field does work as I expect it to.\r\n\r\nI don't know when I'd have time to do a reinstall of R# 7.1 to test.\r\nthanks for your help."
        },
        {
            "created_at": "2014-01-31T14:37:40Z",
            "body": "Comment created by @geertvanhorrik:\n\nThanks for the screenshot, this provides much more information. It looks like it's the multilingual assemblies causing the issue. It shouldn't be a problem for ReSharper to load these. Could you try to delete all the language folders in the installation folder of the installer (no matter which resharper version you are using). Maybe ReSharper (or Visual Studio) is not compatible with the localizations we provide."
        },
        {
            "created_at": "2014-08-11T12:12:22Z",
            "body": "Comment created by @geertvanhorrik:\n\nIs this issue still relevant?"
        },
        {
            "created_at": "2014-08-11T14:02:42Z",
            "body": "Comment created by jsimmons:\n\nNot relevant\r\n\r\n"
        },
        {
            "created_at": "2014-08-11T14:03:48Z",
            "body": "Comment created by @geertvanhorrik:\n\nNo longer relevant."
        },
        {
            "created_at": "2014-08-11T14:03:48Z",
            "body": "Issue was closed with resolution \"Won't Fix\""
        }
    ]
}