{
    "issue": {
        "title": "CTL-371: HideValidationResults must also hide HasErrors and HasWarnings",
        "body": "Jira issue originally created by user @geertvanhorrik:\n\nHideValidationResults does not hide the HasErrors and HasWarnings properties.\r\n\r\nIf people want to know about the current validation when hiding the validation, they should use the ValidationContext.",
        "created_at": "2014-02-28T12:51:39Z",
        "closed": true,
        "labels": [
            "Bug"
        ],
        "milestone": 12,
        "assignee": "geertvanhorrik"
    },
    "comments": [
        {
            "created_at": "2014-02-28T13:00:01Z",
            "body": "Comment created by @geertvanhorrik:\n\nFixed."
        },
        {
            "created_at": "2014-02-28T13:00:01Z",
            "body": "Issue was closed with resolution \"Fixed\""
        }
    ]
}