{
    "issue": {
        "title": "CTL-496:  <catel:UserControlBehavior does not work with UserControl",
        "body": "Jira issue originally created by user Dmitry_Ekimov:\n\nI cannot use behaviour as described in the documentation \r\n(https:\/\/catelproject.atlassian.net\/wiki\/display\/CTL\/MVVM+behaviors)\r\nbug: IView interface is not implemented.\r\n\r\nBut in 3.9 version this code works well",
        "created_at": "2014-07-21T12:04:20Z",
        "closed": true,
        "labels": [
            "Bug"
        ],
        "milestone": 12,
        "assignee": "geertvanhorrik"
    },
    "comments": [
        {
            "created_at": "2014-07-27T11:30:59Z",
            "body": "Comment created by @geertvanhorrik:\n\nWe will look into this. We recommend using base classes instead of behaviors, but it should work anyway."
        },
        {
            "created_at": "2014-08-08T16:31:17Z",
            "body": "Comment created by @geertvanhorrik:\n\nIt was quite some work to update all the examples to the latest version, but it's now done. The example **Catel.Examples.WPF.AdvancedDemo** shows how to use it as behavior, and it works correctly in the examples.\r\n\r\nCan you please try the latest version to see if this issue is fixed?"
        },
        {
            "created_at": "2014-08-11T12:06:43Z",
            "body": "Issue was closed with resolution \"Cannot Reproduce\""
        }
    ]
}