{
    "issue": {
        "title": "CTL-405: NPE when initializing TextBox with AutoCompletionBehavior",
        "body": "Jira issue originally created by user clicht:\n\nWhen initializing a TextBox binding with AutoCompletionBehavior attached but disabled, an exception is thrown in OnTextChanged because _availableSuggestions is null. The current code only tests for an empty array.\r\n\r\nPossible solution attached.",
        "created_at": "2014-04-02T12:12:22Z",
        "closed": true,
        "labels": [
            "Bug"
        ],
        "milestone": 12,
        "assignee": "geertvanhorrik"
    },
    "comments": [
        {
            "created_at": "2014-04-02T12:32:17Z",
            "body": "Comment created by @geertvanhorrik:\n\nThank you very much. We will look into this."
        },
        {
            "created_at": "2014-04-02T17:04:58Z",
            "body": "Comment created by @geertvanhorrik:\n\nFixed."
        },
        {
            "created_at": "2014-04-02T17:04:58Z",
            "body": "Issue was closed with resolution \"Fixed\""
        }
    ]
}