{
    "issue": {
        "title": "CTL-244: Replacement suggestion for Catel.Fody DefaultValueAttribute",
        "body": "Jira issue originally created by user jdehaan:\n\nSuggestion: reuse System.ComponentModel.DefaultValueAttribute instead.\r\n\r\nThe only difference I could see (beside the namespace) is that the System.Component's version applies to all kind of elements, not only attributes like in Catel.Fody. But using System.ComponentModel is more natural and already available in System.dll.\r\n\r\nThe possible argument in favor of Catel.Fody must explicitly state the default value is not IMHO a good argument because anyway Code Weaving involved structural implicit changes that the author should know about. Having Catel.Fody.DefaultValue is therefore not value adding. I suggest to remove it and re-use the system version which has also the nice side effect to cause less ambiguities.\r\n\r\nPS: And it won't hurt me anymore by not noticing that I used the wrong attribute (Resharper autoresolved without noticing the ambiguity, of course to System.Component... :-) )\r\n",
        "created_at": "2013-11-21T08:38:00Z",
        "closed": true,
        "labels": [
            "Improvement"
        ],
        "milestone": 15,
        "assignee": "geertvanhorrik"
    },
    "comments": [
        {
            "created_at": "2013-11-21T09:12:27Z",
            "body": "Comment created by jdehaan:\n\n\"not only attributes like in Catel.Fody\" -> Should read \"not only **properties** like in Catel.Fody\""
        },
        {
            "created_at": "2013-11-21T12:39:27Z",
            "body": "Comment created by @geertvanhorrik:\n\nCatel.Fody does remove the attribute. Would you want the attribute to stay there after weaving?"
        },
        {
            "created_at": "2013-11-22T00:36:32Z",
            "body": "Comment created by jdehaan:\n\nNo it should not remain, I see, I was not aware of this aspect. Ok forget about what I said... This is due to my lack of knowledge on how Fody is working. I saw with ILSpy that it does not simply generate things but also removes others... Sorry for wasting your precious time."
        },
        {
            "created_at": "2013-11-22T12:05:53Z",
            "body": "Comment created by @geertvanhorrik:\n\nWell, it's always good to have a discussion. What we can do is keep the DefaultValue attribute, but I don't know exactly where it is used for (wasn't it introduced for the propertygrid or something like that?)."
        },
        {
            "created_at": "2013-11-22T12:07:20Z",
            "body": "Comment created by @geertvanhorrik:\n\nQuote from http:\/\/stackoverflow.com\/questions\/269017\/about-usage-of-defaultvalueattribute-class-in-net\r\n\r\n\"DefaultValue does NOT set the value.\r\n\r\nWhat it does is tell VisualStudio what the default value is. When a visual element (Button, listbox etc) is selected on a form, and the Property panel is displayed, VS will bold the values of properties which are set to something besides the value given in DefaultValue.\"\r\n\r\nI don't think it's worth defaulting to this since we want to have a difference between the Catel and .NET one. But if you think differently and these should always be the same, just let me know. We can always discuss this ;-)"
        },
        {
            "created_at": "2013-11-22T15:00:05Z",
            "body": "Comment created by jdehaan:\n\nI used the System.Component also in my pre-WPF controls, for the framework itself it has no meaning, that's true, it's just a tooling helper. But you're right, there is a behavioral difference between something that just examines this attribute to display something and Fody which takes over the value to inject it into code and remove the attribute afterwards. At a first glance it looks like redundant now I'm not sure anymore. At least what is clear is that Fody should not remove the System.ComponentModel.DefaultValueAttribute as it is potentially used by others. In the official MSDN doc http:\/\/msdn.microsoft.com\/en-us\/library\/system.componentmodel.defaultvalueattribute.aspx\r\n\r\n{quote}\r\nYou can create a DefaultValueAttribute with any value. A member's default value is typically its initial value. A visual designer can use the default value to reset the member's value. Code generators can use the default values also to determine whether code should be generated for the member.\r\n{quote}\r\n\r\nFor me sounds quite good but if used by Catel.Fody, the attribute shall remain. I think therefore in the end it is redundant to have Catel.Fody even if it looks cleaner to have all Catel.Fody Attributes alltogether in an assembly... Hard to say what's better. Practically I would see some irritations upcoming with your users\/customers. The future will prove what's best, and you proved to be flexible in obsoleting outdated stuff and removing it completely in the overnext version => I appreciate this handling totally (to not carry over unpractical and outdated stuff and keep the codebase clean while having a smooth transition)!"
        },
        {
            "created_at": "2013-11-22T15:55:32Z",
            "body": "Comment created by @geertvanhorrik:\n\nI can just pick the DefaultValue attribute of system.net. Then I won't remove it with Fody. If that won't be sufficient, we can add the attribute anyway."
        },
        {
            "created_at": "2013-11-22T16:08:54Z",
            "body": "Comment created by @geertvanhorrik:\n\nChanged and new nightly build is released."
        },
        {
            "created_at": "2013-11-22T16:08:54Z",
            "body": "Issue was closed with resolution \"Fixed\""
        }
    ]
}