{
    "issue": {
        "title": "CTL-111: Create BootstrapperTaskFactory for Prism",
        "body": "Jira issue originally created by user @geertvanhorrik:\n\nCreate a bootstrappertaskfactory which can be replaced via the ServiceLocator.",
        "created_at": "2013-07-04T21:14:24Z",
        "closed": true,
        "labels": [
            "Task"
        ],
        "milestone": 16,
        "assignee": "geertvanhorrik"
    },
    "comments": [
        {
            "body": "empty body",
            "created_at": "2013-07-04T21:14:24Z"
        },
        {
            "created_at": "2013-07-05T11:06:53Z",
            "body": "Comment created by @geertvanhorrik:\n\nAll done, documentation must be written now."
        },
        {
            "created_at": "2013-07-05T14:20:37Z",
            "body": "Comment created by @geertvanhorrik:\n\nWritten documentation"
        },
        {
            "created_at": "2013-07-05T14:20:49Z",
            "body": "Issue was closed with resolution \"Fixed\""
        }
    ]
}