{
    "issue": {
        "title": "CTL-398: ModelBase in a WCF DataContract with net.tcp binding",
        "body": "Jira issue originally created by user t0ms3n:\n\nFrom: http:\/\/stackoverflow.com\/questions\/22673233\/using-wcf-with-net-tcp-binding-in-catel-and-modelbase\r\n\r\nI'm working on an WPF \/ WCF application. On the WCF side I want to use \"DataContracts\" inheriting from the Catel.Data.ModelBase class. So far so good.\r\n\r\nIf im using an wsHttpBinding everything runs \"fine\" and in the client application the data is deserialized correctly. As soon as im swapping into a netTcpBinding nothing is deserialized (execept default values :) i guess).\r\n\r\nIs there any way to get this working in combination with net.tcp binding? Or is there a better way to ultilize the catel modelbase at client side while still using a shared model assembly?\r\n\r\nmany thanks in advance.\r\n ",
        "created_at": "2014-03-27T09:34:46Z",
        "closed": true,
        "labels": [
            "Improvement"
        ],
        "assignee": "geertvanhorrik"
    },
    "comments": [
        {
            "created_at": "2014-03-27T10:50:14Z",
            "body": "Comment created by @geertvanhorrik:\n\nWe will look into this for 4.1 (we are currently implementing xamarin support which is a **lot** of work and don't want to delay the 4.0 release too long)."
        },
        {
            "created_at": "2015-07-29T12:02:02Z",
            "body": "Comment created by @geertvanhorrik:\n\nClosing issue as \"won't fix\". Feel free to re-open, but will only be implemented via PR \/ commercial support."
        },
        {
            "created_at": "2015-07-29T12:02:10Z",
            "body": "Issue was closed with resolution \"Won't Fix\""
        }
    ]
}