{
    "issue": {
        "title": "CTL-249: Possible deadlock in TypeFactory",
        "body": "Jira issue originally created by user @geertvanhorrik:\n\nIt seems that in very rare cases, the TypeFactory might cause a deadlock. I will be investigating this issue.",
        "created_at": "2013-11-27T17:19:50Z",
        "closed": true,
        "labels": [
            "Bug"
        ],
        "milestone": 15,
        "assignee": "geertvanhorrik"
    },
    "comments": [
        {
            "created_at": "2013-11-28T14:53:53Z",
            "body": "Comment created by @geertvanhorrik:\n\nIs an issue in Entity Framework, not Catel."
        },
        {
            "created_at": "2013-11-28T14:53:53Z",
            "body": "Issue was closed with resolution \"Fixed\""
        }
    ]
}