{
    "issue": {
        "title": "CTL-130: Add FileLogListener",
        "body": "Jira issue originally created by user @geertvanhorrik:\n\nAdd a simple file log listener.",
        "created_at": "2013-07-24T17:19:08Z",
        "closed": true,
        "labels": [
            "Task"
        ],
        "milestone": 16,
        "assignee": "geertvanhorrik"
    },
    "comments": [
        {
            "created_at": "2013-07-24T22:12:25Z",
            "body": "Issue was closed with resolution \"Fixed\""
        }
    ]
}