{
    "issue": {
        "title": "CTL-47: Rebind view with ViewModel in tabcontrol",
        "body": "Jira issue originally created by user castaingregis:\n\nHi,\r\n\r\nI am still struggling when implementing a tabcontrol.\r\nI provided a sample for the problem I have.\r\nIn the sample provided, there are 2 tabs: home and settings.\r\nwhen I select the settings tab for the first time, I can click the button and the command associated is executed (the break point is hit correctly). But if then I select the home tab and get back to the setting tab again, the button is not bind to the command any more and nothing happen when it's clicked.\r\n\r\nCould you please let me know if I am missing a setting or if there is anything in MVVM pattern I am missing when dealing with tabControl.\r\n\r\nPS: would you have prefered me to first post this question on the discussion forum on codeplex?\r\n\r\nThank you\r\nRegis",
        "created_at": "2013-04-17T00:42:39Z",
        "closed": true,
        "labels": [
            "Bug"
        ],
        "milestone": 17,
        "assignee": "geertvanhorrik"
    },
    "comments": [
        {
            "created_at": "2013-04-17T17:55:47Z",
            "body": "Comment created by @geertvanhorrik:\n\nNo, posting it here is preferred. Jira provides much better workflow handling and much more than codeplex does."
        },
        {
            "created_at": "2013-04-19T12:24:31Z",
            "body": "Comment created by @geertvanhorrik:\n\nI can reproduce the behavior in your app. Now trying to see why it happens."
        },
        {
            "created_at": "2013-04-19T13:37:28Z",
            "body": "Comment created by @geertvanhorrik:\n\nIt's strange that the actual DataContext of the SettingsWindow is the view model. The DataContext should remain nothing, the inner grid datacontext should be the SettingsViewModel. Maybe it has to do with the fact that these are data templates. Still figuring out."
        },
        {
            "created_at": "2013-04-19T13:40:22Z",
            "body": "Comment created by @geertvanhorrik:\n\nYes, that is the issue. They are DataTemplates and are selected based on their datacontext. The SelectedItem is the CurrentViewModel which then works a bit different.\n\nIt is best to simply create 2 tabs with different views and let the views take care of the view model construction."
        },
        {
            "created_at": "2013-04-19T14:00:43Z",
            "body": "Comment created by @geertvanhorrik:\n\nTo fix this, please use the following steps:\n\n1) Clear all code-behind in MainWindowViewModel\n2) Change your MainWindow xaml to:\n\n        <TabControl >\n            <TabItem Header=\"{Binding RelativeSource={RelativeSource Self}, Path=Content.ViewModel.Title}\">\n                <views:HomeWindow \/>\n            <\/TabItem>\n\n            <TabItem Header=\"{Binding RelativeSource={RelativeSource Self}, Path=Content.ViewModel.Title}\">\n                <views:SettingsWindow \/>\n            <\/TabItem>\n        <\/TabControl>\n\n"
        },
        {
            "created_at": "2014-10-28T17:23:35Z",
            "body": "Comment created by ericyu:\n\nDo you meaning this case has been fixed?\r\nActually, I have same issue. My case is first tab is list data, when i click one of this list, program should  create new tab with selected item data, since tab item added base on click,  I can't pre-set tabitem.\r\nCould you give me some suggestion?\r\n\r\nEnvironment:\r\n.NET 4.0, VS2010, Catel 3.9"
        },
        {
            "created_at": "2014-10-28T17:25:26Z",
            "body": "Comment created by @geertvanhorrik:\n\nIt was a bug in the user code. Try using the 2 hints I gave in my last comment."
        },
        {
            "created_at": "2014-10-28T21:12:43Z",
            "body": "Comment created by ericyu:\n\nbeside this option, any another idea?\r\nI would like locate viewmodel first then get view,\r\nit looks you release view everytime when I switch to another tabitem, but when switch back new view lost binding."
        },
        {
            "created_at": "2014-11-11T13:08:40Z",
            "body": "Comment created by @geertvanhorrik:\n\nThe TabControl provided by Catel (see Catel.Extensions.Controls) has several different options to control the behavior. If you think you found a bug in the latest prerelease (note we fixed a lot from 3.90 => current state), please provide a repro."
        },
        {
            "created_at": "2013-04-22T19:18:43Z",
            "body": "Issue was closed with resolution \"Fixed\""
        }
    ]
}