{
    "issue": {
        "title": "CTL-380: EventToCommand stopped working after upgrading from 3.8.1 to 3.9",
        "body": "Jira issue originally created by user Essig:\n\nHi,\r\n\r\nI used catel 3.8.1 before and EventToCommand worked perfectly, but when I upgraded to 3.9 it's functionality broke. The Command never executes. In this special case it is the Window LocationChanged and ContentRendered event. The window is a simple WPF window, it is NOT catel's DataWindow. \r\n\r\n```\r\n <Window.Resources>\r\n        <FrameworkElement x:Key=\"CursorFlashLight\" Cursor=\"\/Resources\/Images\/FlashLight_64.cur\"\/>\r\n    <\/Window.Resources>\r\n    <i:Interaction.Behaviors>\r\n        <communicationMvvm:AlwaysOnTopBehavior\/>\r\n    <\/i:Interaction.Behaviors>\r\n    <i:Interaction.Triggers>\r\n        <i:EventTrigger EventName=\"ContentRendered\" >\r\n            <catel:EventToCommand Command=\"{Binding ContentRenderedCommand, Mode=OneWay}\" \/>\r\n        <\/i:EventTrigger>\r\n        <i:EventTrigger EventName=\"LocationChanged\">\r\n            <catel:EventToCommand Command=\"{Binding LocationChangedCommand, Mode=OneWay}\"\/>\r\n        <\/i:EventTrigger>\r\n    <\/i:Interaction.Triggers>\r\n```\r\n\r\n",
        "created_at": "2014-03-08T00:12:50Z",
        "closed": true,
        "labels": [
            "Bug"
        ],
        "milestone": 12,
        "assignee": "geertvanhorrik"
    },
    "comments": [
        {
            "created_at": "2014-03-08T10:43:54Z",
            "body": "Comment created by @geertvanhorrik:\n\nI cannot reproduce the issue in the latest version.\r\n\r\nI think the error is a misunderstood datacontext. You are binding to \"ContentRenderedCommand\", but it is part of the Window. It will **only** work if the Window.DataContext == ViewModel."
        },
        {
            "created_at": "2014-03-08T11:12:49Z",
            "body": "Comment created by Essig:\n\nYes, you are right. At this time I also figured it out by myself. But it worked perfectly before upgrading to the latest version. The problem is that somehow the window doesn't get its DataContext, it is null. It is a normal WPF Window, not a DataWindow.\r\n\r\nThe window gets it's DataContext by setting it on the Window element in XAML\r\nDataContext=\"{Binding Capture, Source={StaticResource Locator}}\"\r\n\r\nLocator is a global ServiceLocator which is initiated in App.xaml:\r\n<serviceLocation:ScreenLightServiceLocator x:Key=\"Locator\" \/> \r\n\r\nIn the constructor of ScreenLightServiceLocator I register the CaptureViewModel tpye:\r\nServiceLocator.Default.RegisterType<CaptureViewModel>(RegistrationType.Singleton);\r\n\r\nAnd it also has a property called Capture, which I reference at the Windows DataContext\r\n\r\n```\r\npublic CaptureViewModel Capture\r\n        {\r\n            get\r\n            {\r\n                return ServiceLocator.Default.ResolveType<CaptureViewModel>();\r\n            }\r\n        }\r\n```\r\n\r\nAnd off course I had ContentRenderedCommand and LocationChangedCommand public properties in CaptureViewModel.\r\n\r\nAfter upgrading to the latest version somehow the DataContext become null or never got set. I checked that CaptureViewModel initiates before the Window constructor, so the DataContext should be set, but it's not. I don't have any idea what could happen in the latest versions which broke my application. Maybe timing issues? I don't think so... Do you have any idea? What do you mean on \"ContentRenderedCommand is part of the Window\"?\r\n\r\nI would really use the latest version with its great new features, but I had to rollback the upgrade and go back to 3.8.1 to get my app work again."
        },
        {
            "created_at": "2014-03-08T11:33:32Z",
            "body": "Comment created by @geertvanhorrik:\n\nA question: why are you handling the construction of the view models yourself? It is best to let Catel handle this for you. Saves you a lot of component registrations and handling of instances.\r\n\r\nWhat is the ScreenLightServiceLocator, is it a customized ServiceLocator?\r\n"
        },
        {
            "created_at": "2014-03-08T12:01:55Z",
            "body": "Comment created by Essig:\n\nI don't create any viewmodels by myself. I let Catel to create it, I just introduced public properties like (Capture) which I can reach in any XAML code.\r\nOr you mean that I should use DataWindow instead?\r\nAt times I had some problem with DataWindow and its default buttons which I don't needed. Now I know how to switch the off.\r\nThe other reason is that I also use this package http:\/\/mahapps.com\/MahApps.Metro\/  to have a metro styled window. To use its theme I have to use MetroWindow which inherits from Window. There is no multiply inheritance in c#. But maybe I can find a solution for this inheritance problem: While you are open sourced, and mahapps is also opensourced, I can create my own window class (MetroDataWindow) inheriting from DataWindow, and then paste mahapps window's special code in this class. Or maybe it can be done in the other direction if there aren't any conflicting methods.\r\n\r\nServiceLocator is not a customized ServiceLocator. I just use it to register Services, ViewModels, and other Models, that later Catel have to be able to construct those, and inject them by constructor injection. It's constructor contains only type registrations (a lot of ServiceLocator.Default.RegisterType<>() calls ). Besides its constructor, it has only propertyes like Capture, that you can see in my previous post."
        },
        {
            "created_at": "2014-03-08T13:48:44Z",
            "body": "Comment created by @geertvanhorrik:\n\nI don't recommend that you store the viewmodels as singleton in the ServiceLocator. Catel should decided when and how a view model should be created. If you want to introduce the Capture property, use the **IViewModelManager.GetFirstOrDefaultInstance** method instead.\r\n\r\nThe DataWindow can be fully customized. If you use the Catel WPF application template, it will actually create a DataWindow for you without any buttons. You can do this by calling the base constructor with **DataWindowMode.Custom**.\r\n\r\nThe solution to the multiple inheritance problem is described in the documentation:\r\n\r\nhttps:\/\/catelproject.atlassian.net\/wiki\/display\/CTL\/Using<ins>a<\/ins>custom+window\r\n\r\n"
        },
        {
            "created_at": "2014-03-09T12:27:54Z",
            "body": "Comment created by @geertvanhorrik:\n\nClosing this as \"cannot reproduce\". If you have any questions, feel free to ask."
        },
        {
            "created_at": "2014-03-09T12:27:54Z",
            "body": "Issue was closed with resolution \"Cannot Reproduce\""
        }
    ]
}