{
    "issue": {
        "title": "CTL-238: Building with the newest Catel.Fody does not work cleanly",
        "body": "Jira issue originally created by user jdehaan:\n\nException that occurs on build (It happens that the Weaver doesn't find Catel.MVVM, because it's not looking in that directory). As a workaround for me copying the Catel.MVVM dlls into the Catel.Core directory at the right place fixes the problem (until next upgrade ;-) ) \r\n\r\n```\r\nException:\r\nThe type initializer for 'Catel.Fody.Weaving.ExposedProperties.ExposedPropertiesWeaver' threw an exception.\r\nStackTrace:\r\n   at Catel.Fody.Weaving.ExposedProperties.ExposedPropertiesWeaver..ctor(CatelTypeNodeBuilder catelTypeNodeBuilder)\r\n   at Catel.Fody.Services.ExposedPropertiesWeaverService.Execute()\r\n   at Catel.Fody.ModuleWeaver.Execute()\r\n   at lambda_method(Closure , Object )\r\n   at InnerWeaver.ExecuteWeavers(List`1 weaverInstances) in c:\\TeamCity\\buildAgent\\work\\7495521761d392b9\\FodyIsolated\\InnerWeaver.cs:line 90\r\n   at InnerWeaver.Execute() in c:\\TeamCity\\buildAgent\\work\\7495521761d392b9\\FodyIsolated\\InnerWeaver.cs:line 31\r\nSource:\r\nCatel.Fody\r\nTargetSite:\r\nVoid .ctor(Catel.Fody.CatelTypeNodeBuilder)\r\nCan not find 'Catel.MVVM, Culture=neutral, PublicKeyToken=null'.\r\nTried:\r\nC:\\Windows\\Microsoft.Net\\assembly\\GAC*MSIL\\System.Core\\v4.0_4.0.0.0_*b77a5c561934e089\\System.Core.dll\r\nC:\\Windows\\Microsoft.Net\\assembly\\GAC*MSIL\\System.Runtime.Serialization\\v4.0_4.0.0.0_*b77a5c561934e089\\System.Runtime.Serialization.dll\r\nC:\\Windows\\Microsoft.Net\\assembly\\GAC*MSIL\\System.Xml.Linq\\v4.0_4.0.0.0_*b77a5c561934e089\\System.Xml.Linq.dll\r\nC:\\Windows\\Microsoft.Net\\assembly\\GAC*MSIL\\System.Xml\\v4.0_4.0.0.0_*b77a5c561934e089\\System.Xml.dll\r\nC:\\Windows\\Microsoft.Net\\assembly\\GAC*MSIL\\System\\v4.0_4.0.0.0_*b77a5c561934e089\\System.dll\r\nC:\\Windows\\Microsoft.NET\\Framework\\v4.0.30319\\mscorlib.dll\r\nC:\\Work\\UUM\\src\\packages\\Catel.Core.3.7.1311161446-beta\\lib\\net40\\Catel.Core.dll\r\nC:\\Work\\UUM\\src\\packages\\Catel.Fody.1.5.3.1311161652-beta\\lib\\net40\\Catel.Fody.Attributes.dll\r\nStackTrace:\r\n   at InnerWeaver.TryToReadFromDirs(AssemblyNameReference assemblyNameReference, ReaderParameters parameters) in c:\\TeamCity\\buildAgent\\work\\7495521761d392b9\\FodyIsolated\\AssemblyResolver.cs:line 72\r\n   at InnerWeaver.Resolve(AssemblyNameReference assemblyNameReference, ReaderParameters parameters) in c:\\TeamCity\\buildAgent\\work\\7495521761d392b9\\FodyIsolated\\AssemblyResolver.cs:line 52\r\n   at InnerWeaver.Resolve(AssemblyNameReference assemblyNameReference) in c:\\TeamCity\\buildAgent\\work\\7495521761d392b9\\FodyIsolated\\AssemblyResolver.cs:line 36\r\n   at InnerWeaver.Resolve(String fullName) in c:\\TeamCity\\buildAgent\\work\\7495521761d392b9\\FodyIsolated\\AssemblyResolver.cs:line 85\r\n   at Catel.Fody.CecilExtensions.FindType(ModuleDefinition moduleDefinition, String assemblyName, String typeName)\r\n   at Catel.Fody.Weaving.ExposedProperties.ExposedPropertiesWeaver..cctor()\r\n```",
        "created_at": "2013-11-18T11:47:36Z",
        "closed": true,
        "labels": [
            "Bug"
        ],
        "milestone": 15,
        "assignee": "geertvanhorrik"
    },
    "comments": [
        {
            "created_at": "2013-11-18T11:51:48Z",
            "body": "Comment created by @geertvanhorrik:\n\nWe should just skip that feature if it is not found. We will look into this."
        },
        {
            "created_at": "2013-11-18T12:02:17Z",
            "body": "Comment created by jdehaan:\n\nI forgot to precise Catel.MVVM is present on disk under `C:\\Work\\UUM\\src\\packages\\Catel.MVVM.*****` but not referenced in that project, because it's not containing GUI. So to solve the problem the thing is probably more difficult as there should be no need for the weaver to examine the Expose attributes. This seems to be present in the contructor of the weaver. This needs to be done optionally IMHO depending on if the MVVM is actually referenced or not.\r\n\r\nHope this helps."
        },
        {
            "created_at": "2013-11-18T17:28:37Z",
            "body": "Comment created by @geertvanhorrik:\n\nFixed."
        },
        {
            "created_at": "2013-11-18T17:28:36Z",
            "body": "Issue was closed with resolution \"Fixed\""
        }
    ]
}