{
    "issue": {
        "title": "CTL-392: Update Entity Framework to 6.1.0",
        "body": "Jira issue originally created by user @geertvanhorrik:\n\n",
        "created_at": "2014-03-15T23:24:18Z",
        "closed": true,
        "labels": [
            "Task"
        ],
        "milestone": 12,
        "assignee": "geertvanhorrik"
    },
    "comments": [
        {
            "created_at": "2014-03-15T23:25:59Z",
            "body": "Comment created by @geertvanhorrik:\n\nDone."
        },
        {
            "created_at": "2014-03-19T11:38:21Z",
            "body": "Comment created by @geertvanhorrik:\n\nDone, updated to 6.1.0"
        },
        {
            "created_at": "2014-03-19T11:38:21Z",
            "body": "Issue was closed with resolution \"Fixed\""
        }
    ]
}