{
    "issue": {
        "title": "CTL-1003: Closing event of window cam later the canceling of ViewModel",
        "body": "Jira issue originally created by user gofrogi:\n\ni have been trying to catch the window Closing event, see below.\r\n\r\n```\r\npublic partial class MainWindow\r\n{\r\n\tpublic MainWindow()\r\n\t{\r\n\t\tInitializeComponent();\r\n\t        Closing += MainWindowClosing;\r\n\t}\r\n\r\n  private void MainWindowClosing(object sender, CancelEventArgs e)\r\n  {\r\n  }\r\n}\r\n```\r\n\r\n...\r\nbut why the event is raising twice and more times?\r\nwhy when the event have been raised, the windowviewmodel and the embeded view models already canceled.\r\nI would like to catch the event and perhabs cancel the closing depends on user responce.\r\nFor this reason i have created a behavior class and inserted in the mainwindow.xaml these lines:\r\n\r\n```\r\n<catel:Window x:Class...\r\nxmlns:vm=\"clr-namespace:CatelMVVMTest\"\r\nvm:WindowClosingBehavior.Closed=\"{Binding WindowClosedCommand}\"\r\nvm:WindowClosingBehavior.Closing=\"{Binding WindowClosingCommand}\"\r\nvm:WindowClosingBehavior.CancelClosing=\"{Binding CancelClosingCommand}\"\r\n>\r\n```\r\n....\r\n\r\nIt works well with the wpf window class and self created viewmodel but not with catel window.\r\nThe problem is that when WindowClosingCommand will rais more the one time and the viewmodels already canceld.\r\n\r\nWe are using Catel 4.5.4 for productive development. It is importent for us to find a solution for this issue. Perhaps have somebody an idea.",
        "created_at": "2017-01-05T15:06:16Z",
        "closed": true,
        "labels": [
            "Question"
        ],
        "milestone": 3,
        "assignee": "geertvanhorrik"
    },
    "comments": [
        {
            "created_at": "2017-01-12T14:48:16Z",
            "body": "Comment created by @geertvanhorrik:\n\nBecause the view model closing methods inside Catel are async, we immediately cancel the first try when trying to close a window. Then if the Save \/ Cancel allow the window to be closed, we call\u00a0Close again and don't prevent it from closing.\r\n\r\nOne thing you could easily do is check if the Window\u00a0derives from DataWindow. If so, you can safely ignore the first call."
        },
        {
            "created_at": "2017-01-12T14:49:04Z",
            "body": "Issue was closed with resolution \"Fixed\""
        }
    ]
}