{
    "issue": {
        "title": "CTL-383: Support COM objects in TypeFactory",
        "body": "Jira issue originally created by user @geertvanhorrik:\n\nCOM objects (such as Visual Studio objects) cannot be used in the typefactory as dependency injection. ",
        "created_at": "2014-03-09T19:04:27Z",
        "closed": true,
        "labels": [
            "Improvement"
        ],
        "milestone": 12,
        "assignee": "geertvanhorrik"
    },
    "comments": [
        {
            "created_at": "2014-03-10T07:49:47Z",
            "body": "Comment created by @geertvanhorrik:\n\nDone."
        },
        {
            "created_at": "2014-03-10T07:49:47Z",
            "body": "Issue was closed with resolution \"Fixed\""
        }
    ]
}