{
    "issue": {
        "title": "CTL-48: Move to GitHub",
        "body": "Jira issue originally created by user @geertvanhorrik:\n\nMove all repositories to github for better integration with JIRA. And it seems the world has chosen git over mercurial.",
        "created_at": "2013-04-17T21:39:46Z",
        "closed": true,
        "labels": [
            "Task"
        ],
        "milestone": 17,
        "assignee": "geertvanhorrik"
    },
    "comments": [
        {
            "created_at": "2013-04-18T19:57:03Z",
            "body": "Comment created by @geertvanhorrik:\n\nCopied all repositories over to github:\n\nhttps:\/\/github.com\/Catel"
        },
        {
            "created_at": "2013-04-18T19:57:52Z",
            "body": "Comment created by @geertvanhorrik:\n\nLinked JIRA to GitHub (JIRA will remain the issue tracker)."
        },
        {
            "created_at": "2013-04-18T20:16:29Z",
            "body": "Comment created by @geertvanhorrik:\n\nAdded logo for Catel organization on github. Also updated all readme files with the right urls."
        },
        {
            "created_at": "2013-04-18T20:21:39Z",
            "body": "Comment created by @geertvanhorrik:\n\nPublished tweet and updated all documentation regarding codeplex."
        },
        {
            "created_at": "2013-04-18T20:21:43Z",
            "body": "Issue was closed with resolution \"Fixed\""
        }
    ]
}