{
    "issue": {
        "title": "CTL-335: Minus sign not working in Catel:NumericTextBox Is NegativeAllowed=\"True\" ",
        "body": "Jira issue originally created by user JohnnyBeatnik:\n\nThe \"-\" sign isn't being recognized. \r\n\r\nI checked out the source code for the Catel:NumericTextBox.\r\n\r\nIn the  GetKeyValue(KeyEventArgs e) method is an  is an \"if\" statement :  \r\n\r\n```\r\n       if (e.Key == Key.OemMinus)  { keyValue = _minusCharacter;  }\r\n```\r\n\r\nWhen I enter \"-\" into a textbox, e.Key resolves to Key.Subtract and not Key,OemMinus. \r\n\r\nI added: \r\n\r\n```\r\n     if (e.Key == Key.Subtract) { keyValue = _minusCharacter; }\r\n```\r\n\r\nAnd to catch all that, in the method, OnAssociatedObjectKeyDown(object sender, KeyEventArgs e), i added\r\n\r\n```\r\n else if (keyValue == _minusCharacter && IsNegativeAllowed && ((TextBox)sender).CaretIndex == 0)\r\n            {    handled = false;    }\r\n```",
        "created_at": "2014-02-11T23:06:17Z",
        "closed": true,
        "labels": [
            "Bug"
        ],
        "milestone": 12,
        "assignee": "geertvanhorrik"
    },
    "comments": [
        {
            "body": "empty body",
            "created_at": "2014-02-11T23:06:17Z"
        },
        {
            "created_at": "2014-02-13T13:39:58Z",
            "body": "Comment created by @geertvanhorrik:\n\nI added this code in the GetKeyValue method:\r\n\r\n```\r\n            if (e.Key == Key.OemMinus || e.Key == Key.Subtract)\r\n            {\r\n                keyValue = MinusCharacter;\r\n            }\r\n```"
        },
        {
            "created_at": "2014-02-13T13:46:13Z",
            "body": "Comment created by @geertvanhorrik:\n\nThank you very much for noticing this and providing the fix."
        },
        {
            "created_at": "2014-02-13T19:06:11Z",
            "body": "Comment created by JohnnyBeatnik:\n\nThis line must still be added in the private void OnAssociatedObjectKeyDown(object sender, KeyEventArgs e) method, because the minus sign should only work for the first character (caret position of zero).\r\n\r\n```\r\n      else if (keyValue == _minusCharacter && IsNegativeAllowed && ((TextBox)sender).CaretIndex == 0)\r\n            {\r\n\r\n                handled = false;\r\n            }\r\n```\r\n\r\nI wasn't completely comfortable with changing this line:\r\n\r\n```\r\n     else if (AllowedKeys.Contains(e.Key) || IsDigit(e.Key))\r\n            {\r\n                handled = (e.Key == Key.OemMinus && ((TextBox)sender).CaretIndex > 0 && IsNegativeAllowed);\r\n            };\r\n        \r\n```\r\n\r\nto, by changing the  \">\"  to \"=\"\r\n\r\n```\r\n else if (AllowedKeys.Contains(e.Key) || IsDigit(e.Key))\r\n            {\r\n                handled = (e.Key == Key.OemMinus && ((TextBox)sender).CaretIndex == 0 && IsNegativeAllowed);\r\n            }\r\n```\r\n\r\n\r\n"
        },
        {
            "created_at": "2014-02-13T19:47:44Z",
            "body": "Comment created by @geertvanhorrik:\n\nI also added that line (but with a small modification). Can you see the \"Commits\" tab? Then you see exactly what I changed for this feature."
        },
        {
            "created_at": "2014-02-13T22:55:01Z",
            "body": "Comment created by JohnnyBeatnik:\n\nGotcha."
        },
        {
            "created_at": "2014-02-13T13:46:19Z",
            "body": "Issue was closed with resolution \"Fixed\""
        }
    ]
}