{
    "issue": {
        "title": "CTL-477: catel:LanguageBinding Display Default in Designtime",
        "body": "Jira issue originally created by user jens_weller:\n\nIf you use catel:LanguageBinding you can not see any more any content of any control.\r\n\r\nSo its difficult to design the view with a lots of empty labels, button, textblocks and so on.",
        "created_at": "2014-06-30T14:45:43Z",
        "closed": true,
        "labels": [
            "Bug"
        ],
        "milestone": 12,
        "assignee": "geertvanhorrik"
    },
    "comments": [
        {
            "created_at": "2014-07-09T13:09:51Z",
            "body": "Comment created by @geertvanhorrik:\n\nSee http:\/\/geertvanhorrik.com\/2014\/03\/06\/running-code-xaml-designer-design-time\/, especially the gif at the bottom. I wrote it especially for this feature, so I find it strange that it's not working."
        },
        {
            "created_at": "2014-07-09T13:24:37Z",
            "body": "Comment created by jens_weller:\n\nIs LanguageBinding used in the example. Can not see the xaml code their.\r\n"
        },
        {
            "created_at": "2014-07-09T13:36:42Z",
            "body": "Comment created by @geertvanhorrik:\n\nYep, as explained in the article and the attached workflow diagram.\r\n"
        },
        {
            "created_at": "2014-07-10T07:28:44Z",
            "body": "Comment created by jens_weller:\n\nDo I have to add the code from the articel to my project. Or is this already added in catel. Its not really clear."
        },
        {
            "created_at": "2014-07-10T17:12:25Z",
            "body": "Comment created by @geertvanhorrik:\n\nNo, it should work out of the box, but have not received this from other users. Can you double check that it's not something on your side and provide a repro?\r\n\r\nI have to admit that design-time support has very, very low priority over runtime features."
        },
        {
            "created_at": "2014-07-14T12:59:51Z",
            "body": "Comment created by @geertvanhorrik:\n\nCannot reproduce."
        },
        {
            "created_at": "2014-07-15T08:53:29Z",
            "body": "Comment created by jens_weller:\n\nSorry. To much to do. \r\nHow do the designtime knows about my own registered language sources at the languageService?"
        },
        {
            "created_at": "2014-07-15T09:35:23Z",
            "body": "Comment created by @geertvanhorrik:\n\nBecause it will run ModuleInitializer (where you should register your language resources) as explained in the article."
        },
        {
            "created_at": "2014-09-11T11:43:07Z",
            "body": "Comment created by jens_weller:\n\nSorry forget this task:\r\n\r\nI ask do I have to add any code you answered:  No, it should work out of the box,\r\nBut below you write: \"where you should register your language resources\"\r\n\r\nOk I have to add any code.\r\n\r\nI registered my resource files in this way:\r\n\r\n```\r\nvar resourcesSource = new LanguageResourceSource(\"ConfiguratorControl\", \"ConfiguratorControl.Properties\",\"Resources\");\r\nlanguageService.RegisterLanguageSource(resourcesSource);\r\n```\r\n\r\nBut when is this code called.\r\n\r\nDoes it work out of the box or do I have to add more code from the article?\r\n\r\n\r\n\r\n"
        },
        {
            "created_at": "2014-07-14T12:59:51Z",
            "body": "Issue was closed with resolution \"Cannot Reproduce\""
        }
    ]
}