{
    "issue": {
        "title": "CTL-264: Reset FileServiceBase.ValidateNames default value to true",
        "body": "Jira issue originally created by user DanielKuehner:\n\nThe current FileServiceBase.ValidateNames default value (false) prevents the overwrite prompt of the SaveFileService from being shown. This broke the default behavior of Catel v3.6 and prior.\r\n\r\nSetting this value explicit to true restores the old behavior.\r\n```\r\n            var service = ServiceLocator.Default.ResolveType<ISaveFileService>();\r\n            service.ValidateNames = true;\r\n```\r\n\r\nThe only hint I found why this needs to be set is within [Microsoft\u00ae Visual C#\u00ae 2010 Step by Step](http:\/\/books.google.de\/books?id=JYM6Yy0WqWQC&pg=PT947&lpg=PT947&dq=c%23<ins>overwriteprompt<\/ins>validatenames&source=bl&ots=v6c8XLG1Kf&sig=WtMFS47_2DcYUQgrxuyuibtBISc&hl=de&sa=X&ei=2FuoUsikDMOD4ATT-YHQDw&ved=0CE8Q6AEwAw).",
        "created_at": "2013-12-11T13:39:09Z",
        "closed": true,
        "labels": [
            "Improvement"
        ],
        "milestone": 13
    },
    "comments": [
        {
            "created_at": "2013-12-11T20:54:47Z",
            "body": "Comment created by @geertvanhorrik:\n\nThe reason why it was set to *false* is because it is the default value according to the MSDN documentation:\r\n\r\nhttp:\/\/msdn.microsoft.com\/en-us\/library\/microsoft.win32.filedialog.validatenames(v=vs.110).aspx"
        },
        {
            "created_at": "2013-12-11T21:13:48Z",
            "body": "Comment created by BertrandR:\n\nFixed"
        },
        {
            "created_at": "2013-12-11T22:27:14Z",
            "body": "Comment created by DanielKuehner:\n\nThat is very strange because when I create a SaveFileDialog the debugger says this:\r\n```\r\n((Microsoft.Win32.FileDialog)(s)).ValidateNames = true\r\n```"
        },
        {
            "created_at": "2013-12-13T10:28:13Z",
            "body": "Comment created by @geertvanhorrik:\n\nThen their documentation must be out of date... Or it is automatically set to true based on other values (but that is really bad design then...). Anyway, it's fixed, we will soon release a new nightly build with this fix."
        },
        {
            "created_at": "2013-12-11T21:13:48Z",
            "body": "Issue was closed with resolution \"Fixed\""
        }
    ]
}