{
    "issue": {
        "title": "CTL-381: LanguageService.GetResourceManager() method retrieves wrong assembly and therefor cannot find resource",
        "body": "Jira issue originally created by user holger:\n\nIn a special naming constellation of assemblies the LanguageService.GetResourceManager() method retrieves the wrong assembly because it uses Contains() and this leads to an unpredicted result.\r\n```var assembly = loadedAssemblies.FirstOrDefault(x => Contains(x, containingAssemblyName));```\r\n\r\nIn this case it tries to get the resource from the wrong assembly.\r\nThis results in the following exception:\r\n{panel}Xyz.vshost.exe Error: 0 : 11:43:35:759 => [ERROR] [Catel.Services.LanguageService] Failed to get string for resource name 'AbcTest' from resource file 'Catel.Services.Models.LanguageResourceSource' ]( [MissingManifestResourceException) System.Resources.MissingManifestResourceException: Could not find any resources appropriate for the specified culture or the neutral culture.  Make sure \"Aaa.Bbb.Xyz.Resources.CaptionsApp.resources\" was correctly embedded or linked into assembly \"Aaa.Bbb.Xyz\" at compile time, or that all the satellite assemblies required are loadable and fully signed.\r\n   at System.Resources.ManifestBasedResourceGroveler.HandleResourceStreamMissing(String fileName)\r\n   at System.Resources.ManifestBasedResourceGroveler.GrovelForResourceSet(CultureInfo culture, Dictionary`2 localResourceSets, Boolean tryParents, Boolean createIfNotExists, StackCrawlMark& stackMark)\r\n   at System.Resources.ResourceManager.InternalGetResourceSet(CultureInfo requestedCulture, Boolean createIfNotExists, Boolean tryParents, StackCrawlMark& stackMark)\r\n   at System.Resources.ResourceManager.InternalGetResourceSet(CultureInfo culture, Boolean createIfNotExists, Boolean tryParents)\r\n   at System.Resources.ResourceManager.GetString(String name, CultureInfo culture)\r\n   at Catel.Services.LanguageService.GetString(ILanguageSource languageSource, String resourceName, CultureInfo cultureInfo)\r\n   at Catel.Services.LanguageService.GetStringInternal(String resourceName, CultureInfo cultureInfo){panel}\r\n\r\nPlease see the repro in the attachement and let me know if I can provide any further assistance.",
        "created_at": "2014-03-08T11:46:40Z",
        "closed": true,
        "labels": [
            "Bug"
        ],
        "milestone": 12,
        "assignee": "geertvanhorrik"
    },
    "comments": [
        {
            "created_at": "2014-03-08T12:13:07Z",
            "body": "Comment created by @geertvanhorrik:\n\nThanks for the great repro. I was able to fix the issue."
        },
        {
            "created_at": "2014-03-08T12:20:06Z",
            "body": "Comment created by holger:\n\nYou are welcome. Thanks for the quick fix. :)"
        },
        {
            "created_at": "2014-03-08T12:15:00Z",
            "body": "Issue was closed with resolution \"Fixed\""
        }
    ]
}