{
    "issue": {
        "title": "CTL-509: Add EventLogListener",
        "body": "Jira issue originally created by user rajiv.mounguengue:\n\nProvide a Event log listener",
        "created_at": "2014-08-20T08:47:43Z",
        "closed": true,
        "labels": [
            "New Feature"
        ],
        "milestone": 12
    },
    "comments": [
        {
            "created_at": "2014-08-20T09:47:06Z",
            "body": "Comment created by rajiv.mounguengue:\n\nDone."
        },
        {
            "created_at": "2014-08-20T09:47:06Z",
            "body": "Issue was closed with resolution \"Fixed\""
        }
    ]
}