{
    "issue": {
        "title": "CTL-102: Support xamarin",
        "body": "Jira issue originally created by user @geertvanhorrik:\n\nSupport xamarin.",
        "created_at": "2013-06-25T21:00:12Z",
        "closed": true,
        "labels": [
            "Task"
        ],
        "milestone": 15,
        "assignee": "geertvanhorrik"
    },
    "comments": [
        {
            "body": "empty body",
            "created_at": "2013-06-25T21:00:12Z"
        },
        {
            "created_at": "2013-06-25T21:04:20Z",
            "body": "Comment created by @geertvanhorrik:\n\nSee http:\/\/components.xamarin.com\/"
        },
        {
            "created_at": "2013-07-11T17:48:08Z",
            "body": "Comment created by @geertvanhorrik:\n\nXamarin will support PCL in the near future."
        },
        {
            "created_at": "2013-07-13T14:57:12Z",
            "body": "Comment created by @geertvanhorrik:\n\nMoved to 3.8, 3.7 will add the support for PCL."
        },
        {
            "created_at": "2013-10-18T20:01:19Z",
            "body": "Comment created by @geertvanhorrik:\n\nWe support PCL, that's it for now."
        },
        {
            "created_at": "2013-10-18T20:01:19Z",
            "body": "Issue was closed with resolution \"Fixed\""
        }
    ]
}