{
    "issue": {
        "title": "CTL-5: Interception library",
        "body": "Jira issue originally created by user @geertvanhorrik:\n\nWe will implement Interception levered through the ServiceLocator.",
        "created_at": "2013-03-03T16:16:27Z",
        "closed": true,
        "labels": [
            "Task"
        ],
        "milestone": 16
    },
    "comments": [
        {
            "created_at": "2013-07-03T16:08:34Z",
            "body": "Comment created by rajiv.mounguengue:\n\nWill be created the NET40 and NET45 libraries for the moment."
        },
        {
            "created_at": "2013-07-03T17:15:38Z",
            "body": "Comment created by @geertvanhorrik:\n\nDocumentation must be written here: https:\/\/catelproject.atlassian.net\/wiki\/display\/CTL\/Catel.Extensions.Interception"
        },
        {
            "created_at": "2013-07-04T20:58:02Z",
            "body": "Comment created by @geertvanhorrik:\n\nAdded interception projects for NET40 and NET45"
        },
        {
            "created_at": "2013-08-22T11:08:20Z",
            "body": "Comment created by rajiv.mounguengue:\n\nImplemented."
        },
        {
            "created_at": "2013-08-22T11:08:20Z",
            "body": "Issue was closed with resolution \"Fixed\""
        }
    ]
}