{
    "issue": {
        "title": "CTL-114: System.Threading.ThreadAbortException on call to pleaseWaitService.UpdateStatus()",
        "body": "Jira issue originally created by user paco1863:\n\nEvery time a make a call to\r\n\r\npleaseWaitService.UpdateStatus(currentProcess, processCount, string);\r\n\r\nI get the following messages showing up in the Output window of Visual Studio\r\n\r\n```\r\nA first chance exception of type 'System.Threading.ThreadAbortException' occurred in WindowsBase.dll\r\nA first chance exception of type 'System.Threading.ThreadAbortException' occurred in Catel.MVVM.dll\r\nAn exception of type 'System.Threading.ThreadAbortException' occurred in Catel.MVVM.dll but was not handled in user code\r\n```\r\n",
        "created_at": "2013-07-08T14:44:32Z",
        "closed": true,
        "labels": [
            "Bug"
        ],
        "assignee": "geertvanhorrik"
    },
    "comments": [
        {
            "created_at": "2013-11-01T14:52:42Z",
            "body": "Comment created by @geertvanhorrik:\n\nCurrently refactoring so the PleaseWaitService creates the window on a separate thread."
        },
        {
            "created_at": "2014-04-06T20:46:19Z",
            "body": "Comment created by @geertvanhorrik:\n\nMoved to 4.1"
        },
        {
            "created_at": "2015-01-22T12:06:28Z",
            "body": "Comment created by faze79:\n\nI have the same error on .NET40 target with Catel 4.0"
        },
        {
            "created_at": "2015-01-22T12:07:43Z",
            "body": "Comment created by @geertvanhorrik:\n\nInterested in doing the research and PR?"
        },
        {
            "created_at": "2015-01-22T13:57:27Z",
            "body": "Comment created by faze79:\n\nYes sure, what can I do?"
        },
        {
            "created_at": "2015-01-22T14:47:06Z",
            "body": "Comment created by faze79:\n\nThis is the exception details:\r\n\r\nManaged Debugging Assistant 'AsynchronousThreadAbort' has detected a problem in '....exe'.\r\nAdditional information: User code running on thread 12976 has attempted to abort thread 6284. This may result in a corrupt state or resource leaks if the thread being aborted was in the middle of an operation that modifies global state or uses native resources. Aborting threads other than the currently running thread is strongly discouraged.\r\n"
        },
        {
            "created_at": "2015-01-28T11:14:10Z",
            "body": "Comment created by @geertvanhorrik:\n\nTo be honest, I think this is the thread running the circle that lives in a separate thread (so it will keep spinning while UI thread is busy). We have the same thing in Orchestra where we have a splash screen that needs to animate while the UI thread is actually busy. I think this is a first change exception, right? You can try to fix it in Catel if you like."
        },
        {
            "created_at": "2015-05-05T13:13:01Z",
            "body": "Comment created by @geertvanhorrik:\n\nIt's a first chance exception being handled correctly. Won't fix."
        },
        {
            "created_at": "2015-05-05T13:13:01Z",
            "body": "Issue was closed with resolution \"Won't Fix\""
        }
    ]
}