{
    "issue": {
        "title": "CTL-113: PropertyHelper.GetPropertyName",
        "body": "Jira issue originally created by user facos:\n\nPlease add PropertyHelper.GetPropertyName(Expression propertyExpression, bool allowNested = false) as public function to allow untyped expressions... Many thanks!",
        "created_at": "2013-07-08T14:24:15Z",
        "closed": true,
        "labels": [
            "Improvement"
        ],
        "milestone": 16,
        "assignee": "geertvanhorrik"
    },
    "comments": [
        {
            "created_at": "2013-07-08T19:50:20Z",
            "body": "Comment created by @geertvanhorrik:\n\nFixed."
        },
        {
            "created_at": "2013-07-08T19:50:20Z",
            "body": "Issue was closed with resolution \"Fixed\""
        }
    ]
}