{
    "issue": {
        "title": "CTL-404: Documentation not changed from EntityFramework5 extension.",
        "body": "Jira issue originally created by user Silvercircle:\n\nSummary should start with Extensions.EntityFramework6\r\n\r\n{quote}\r\n\/\/\/ <summary>\r\n    \/\/\/ Extensions.EntityFramework5 module which allows the registration of default services in the service locator.\r\n    \/\/\/ <\/summary>\r\n    public class ExtensionsEntityFramework6Module : IServiceLocatorInitializer\r\n{quote}\r\n",
        "created_at": "2014-04-02T09:39:40Z",
        "closed": true,
        "labels": [
            "Task"
        ],
        "milestone": 12,
        "assignee": "geertvanhorrik"
    },
    "comments": [
        {
            "created_at": "2014-04-02T09:42:26Z",
            "body": "Comment created by Silvercircle:\n\nThis my first post here, so please give me a hit if i'm doing it wrong ;)"
        },
        {
            "created_at": "2014-04-02T09:44:27Z",
            "body": "Comment created by @geertvanhorrik:\n\nThanks for this comment. I will fix this. You can also create a pull request next time, then I can just hit the accept button.\r\n\r\nps. You are doing it great :-)"
        },
        {
            "created_at": "2014-04-02T09:48:02Z",
            "body": "Comment created by Silvercircle:\n\nOk, I thought it's to trivial for a pull request, next time I will create one. \r\n\r\nps. Thanks :)"
        },
        {
            "created_at": "2014-04-02T17:06:16Z",
            "body": "Comment created by @geertvanhorrik:\n\nFixed."
        },
        {
            "created_at": "2014-04-02T17:06:16Z",
            "body": "Issue was closed with resolution \"Fixed\""
        }
    ]
}