{
    "issue": {
        "title": "CTL-489: Allow property unregistration via ModelBase.UnregisterProperty",
        "body": "Jira issue originally created by user @geertvanhorrik:\n\n",
        "created_at": "2014-07-15T09:52:29Z",
        "closed": true,
        "labels": [
            "Task"
        ],
        "milestone": 12,
        "assignee": "geertvanhorrik"
    },
    "comments": [
        {
            "created_at": "2014-07-15T10:11:26Z",
            "body": "Comment created by @geertvanhorrik:\n\nWritten unit tests."
        },
        {
            "created_at": "2014-07-15T10:12:45Z",
            "body": "Comment created by @geertvanhorrik:\n\nFeature complete."
        },
        {
            "created_at": "2014-07-15T10:12:53Z",
            "body": "Issue was closed with resolution \"Fixed\""
        }
    ]
}