{
    "issue": {
        "title": "CTL-518: Make Initialize Model notification",
        "body": "Jira issue originally created by user Towelie:\n\nHi.\r\n\r\nIt would be nice to have some virtual method in ViewModelBase witch called on (un)initialize model in cases when user want to create custom mapping (not with ViewModelToModelMapping).\r\nTo solve it you can rename (Un)InitializeModel in VMBase to InitializeModelInternal, make protected virtual InitializeModel and make InitializeModelInternal in the end under the lock call InitializeModel.",
        "created_at": "2014-08-29T03:07:51Z",
        "closed": true,
        "labels": [
            "Improvement"
        ],
        "milestone": 12,
        "assignee": "geertvanhorrik"
    },
    "comments": [
        {
            "created_at": "2014-08-29T10:11:20Z",
            "body": "Comment created by @geertvanhorrik:\n\nIt looks like you already found out what to do. Can you create a pull request?"
        },
        {
            "created_at": "2014-08-29T14:18:54Z",
            "body": "Comment created by Towelie:\n\nOk i'll"
        },
        {
            "created_at": "2014-08-30T06:03:01Z",
            "body": "Comment created by @geertvanhorrik:\n\nThanks for the PR, it has been accepted."
        },
        {
            "created_at": "2014-08-30T06:03:01Z",
            "body": "Issue was closed with resolution \"Fixed\""
        }
    ]
}