{
    "issue": {
        "title": "CTL-142: Support WIN81 platform",
        "body": "Jira issue originally created by user inTagger:\n\n",
        "created_at": "2013-07-31T15:02:23Z",
        "closed": true,
        "labels": [
            "Improvement"
        ],
        "milestone": 15,
        "assignee": "geertvanhorrik"
    },
    "comments": [
        {
            "created_at": "2013-07-31T15:09:57Z",
            "body": "Comment created by inTagger:\n\nIt seems Windows 8.0 will be deprecated soon, so why not support win81 platform.\nThough it is possible to use Catel win80 libs in win81 projects. So is there real reason to add the new project with win81 target platform while no win81 features are used?"
        },
        {
            "created_at": "2013-08-07T18:24:41Z",
            "body": "Comment created by @geertvanhorrik:\n\nI am not sure whether win80 will be deprecated. I will support both versions for the time being."
        },
        {
            "created_at": "2013-10-18T18:00:47Z",
            "body": "Comment created by @geertvanhorrik:\n\nAdded all WIN81 projects. Now converting all behaviors of Catel so they are supported out of the box."
        },
        {
            "created_at": "2013-10-18T19:50:44Z",
            "body": "Comment created by @geertvanhorrik:\n\nDone!"
        },
        {
            "created_at": "2013-10-18T19:50:44Z",
            "body": "Issue was closed with resolution \"Fixed\""
        }
    ]
}