{
    "issue": {
        "title": "CTL-501: UIVisualizerService does not use passed-in View Model",
        "body": "Jira issue originally created by user hkdware:\n\nI'm using a third party Control package (Syncfusion Essential Studio for WPF) and building a replacement for the MessageBox.   The ViewModel class has five different Constructors (1 Default which initializes all properties, and the other four define different aspects of the actual view (e.g.; Image, Message Text, Buttons, Exception details, etc.).   I'm instantiating my view model variable using one of the four non-default constructors and passing that into the uiVisualizerService.ShowDialog() method.   When the view is display, it is recreating the viewModel using the default constructor.\r\n\r\nLet me know if you need any further information.",
        "created_at": "2014-08-07T00:13:18Z",
        "closed": true,
        "labels": [
            "Bug"
        ],
        "assignee": "geertvanhorrik"
    },
    "comments": [
        {
            "created_at": "2014-08-07T10:15:55Z",
            "body": "Comment created by @geertvanhorrik:\n\nIs it possible to upload a small repro?"
        },
        {
            "created_at": "2014-08-08T00:29:22Z",
            "body": "Comment created by hkdware:\n\nThis is a very simple project which uses the view\/viewModel combo with UIVisualizerService.\r\n\r\nP.S.  The project was created with VS2012 and is using Catel 3.9.0"
        },
        {
            "created_at": "2014-08-08T00:30:29Z",
            "body": "Comment created by hkdware:\n\nThis is a log file while some additional logging calls to show what is taking place."
        },
        {
            "created_at": "2014-08-08T10:48:17Z",
            "body": "Comment created by nix:\n\nYou have a new MessageViewViewModel declared in MessageView.xaml in <DataContext> node; remove it and the viewmodel will not be recreated using the default constructor."
        },
        {
            "created_at": "2014-08-08T12:13:50Z",
            "body": "Comment created by @geertvanhorrik:\n\nAs [~nix] says, you are manually setting the datacontext. This is not required when using Catel, it does that for you automatically. I made 2 changes to the project and it was working good:\r\n\r\n1) Rename the class to \"MessageViewModel\" instead of \"MessageViewViewModel\"\r\n2) Remove the DataContext declaration from \"MessageView.xaml\""
        },
        {
            "created_at": "2014-08-08T12:14:06Z",
            "body": "Issue was closed with resolution \"Won't Fix\""
        }
    ]
}