{
    "issue": {
        "title": "CTL-13: CancelButton in PleaseWaitService",
        "body": "Jira issue originally created by user @geertvanhorrik:\n\nAdd in pleasewaitservice a button which allow to Cancel running action.",
        "created_at": "2013-03-03T16:20:40Z",
        "closed": true,
        "labels": [
            "Task"
        ],
        "assignee": "geertvanhorrik"
    },
    "comments": [
        {
            "created_at": "2013-04-22T19:44:16Z",
            "body": "Comment created by @geertvanhorrik:\n\nPostponed to 3.7"
        },
        {
            "created_at": "2013-08-27T01:36:45Z",
            "body": "Comment created by @alexfdezsauco:\n\nA good starting point should be:\r\n\r\n1) Add an overload to the PleaseWaitService.Show(Action<ITaskProgressTracker> action)\r\n\r\n2) Add a readonly property to ITaskProgressTracker interface to receive a cancellation signal (it can also works for ISplashScreenService)\r\n\r\n3) Add an [x] button to the control visible only if the Show(Action<ITaskProgressTracker> action) was called. \r\n\r\n4) If [x] button is pressed then internally sends a cancelling signal via ITaskProgressTracker interfaces. \r\n\r\n5) All tasks can't be cancelled. All task will be signaled. Only \"cancellable\" tasks take in account the cancelling signal to try stop its current job."
        },
        {
            "created_at": "2014-12-13T14:08:46Z",
            "body": "Comment created by @geertvanhorrik:\n\nWhat's the status of this issue?"
        },
        {
            "created_at": "2015-03-06T13:39:17Z",
            "body": "Issue was closed with resolution \"Won't Fix\""
        }
    ]
}