{
    "issue": {
        "title": "CTL-462: Memory Leaks using Languange Binding",
        "body": "Jira issue originally created by user Stefan:\n\nIf you use LanguageBinding class in a window, the window is not disposed and therefore not be cleaned up by the GC. The instance remains in the memory. \r\n\r\nYou will see it using a memory profiler. You can test it, if you open the attached sample application, open a dialog by clicking \"Show dialog\", close the dialog and repeat this multiple times. \r\nThen search for the type \"TestDialog\" in the memory profiler. You will find multiple instances.",
        "created_at": "2014-06-12T11:47:31Z",
        "closed": true,
        "labels": [
            "Bug"
        ],
        "milestone": 12,
        "assignee": "geertvanhorrik"
    },
    "comments": [
        {
            "created_at": "2014-06-13T14:00:31Z",
            "body": "Comment created by @geertvanhorrik:\n\nI have removed the CommandManager connection in the commands. That should take of some load from the event evaluation."
        },
        {
            "created_at": "2014-06-13T15:39:34Z",
            "body": "Comment created by @geertvanhorrik:\n\nFixed is checked in. Please make sure to test whether real-time updates still work."
        },
        {
            "created_at": "2014-06-13T20:42:07Z",
            "body": "Comment created by Stefan:\n\nI do not understand what the CommandManager and commands has to do with the language binding on the textbox.\r\n\r\nAnyway, the problem is still there. See the screenshot attached. You see 6 instances of type \"TestDialog\" because I opened and closed it 6 times. The should be only 1 instance. If I remove the LanguageBinding, only one instance will be hold in memory.\r\n\r\nIn the second screenshot you see the references on LanguageBinding, which needs to be removed to free the closed dialogs. "
        },
        {
            "created_at": "2014-06-13T20:43:02Z",
            "body": "Comment created by Stefan:\n\nIf you can reopen the issue, I will attach the screenshots."
        },
        {
            "created_at": "2014-06-14T10:10:23Z",
            "body": "Comment created by @geertvanhorrik:\n\nDid you try the code or binaries?"
        },
        {
            "created_at": "2014-06-14T14:13:29Z",
            "body": "Comment created by Stefan:\n\nI tried the binaries, but I am gonna try the source right now as long as I am able to get the current branch from the GIT repository (I am not that used to GIT). How can I be sure, that my sources are the newest?"
        },
        {
            "created_at": "2014-06-15T16:23:41Z",
            "body": "Comment created by Stefan:\n\nHi Geert,\r\n\r\nI tried the source code now and the problem is fixed. Thank you, good work. Will it be part of the 4.0 release?\r\n\r\n"
        },
        {
            "created_at": "2014-06-16T10:41:15Z",
            "body": "Comment created by @geertvanhorrik:\n\nYep, fix version is 4.0, I just haven't released a new nightly build yet."
        },
        {
            "created_at": "2014-06-16T18:20:59Z",
            "body": "Issue was closed with resolution \"Fixed\""
        }
    ]
}