{
    "issue": {
        "title": "CTL-420: Catel.MVVM.IAuthenticationProvider not registered after port from Catel 3.9 to 4.0 beta",
        "body": "Jira issue originally created by user jdehaan:\n\nAfter porting to 4.0 prerelease (3.9.0.1404200146-beta) this exception occurs while creating a viewmodel. I don't make use of the IAuthenticationProvider (thought I should, it looks like a marvelous feature). It seems to me after a search on old issues that maybe Catel faces [CTL-197](https:\/\/catelproject.atlassian.net\/browse\/CTL-197) again.\r\n\r\n{quote}\r\nCatel.IoC.TypeNotRegisteredException occurred\r\n  Message=The specified type is not registered. Please register type before using it.\r\n  Source=Catel.Core\r\n  StackTrace:\r\n       at Catel.IoC.ServiceLocator.ResolveType(Type serviceType, Object tag) in c:\\CI_WS\\Ws\\1459\\Source\\Catel\\src\\Catel.Core\\Catel.Core.NET40\\IoC\\ServiceLocator.cs:line 461\r\n  InnerException: \r\n{quote}",
        "created_at": "2014-04-22T10:35:58Z",
        "closed": true,
        "labels": [
            "Bug"
        ],
        "milestone": 12,
        "assignee": "geertvanhorrik"
    },
    "comments": [
        {
            "created_at": "2014-04-22T10:50:31Z",
            "body": "Comment created by @geertvanhorrik:\n\nIt happens in the command, but is a first-chance exception. Will look into it."
        },
        {
            "created_at": "2014-04-22T13:58:24Z",
            "body": "Comment created by @geertvanhorrik:\n\nFixed."
        },
        {
            "created_at": "2014-04-22T13:58:24Z",
            "body": "Issue was closed with resolution \"Fixed\""
        }
    ]
}