{
    "issue": {
        "title": "CTL-459: Add AutoScroll behavior",
        "body": "Jira issue originally created by user @geertvanhorrik:\n\nCreate a behavior that automatically scrolls an items control to the bottom when the items control changes.",
        "created_at": "2014-06-11T11:52:19Z",
        "closed": true,
        "labels": [
            "Task"
        ],
        "milestone": 12,
        "assignee": "geertvanhorrik"
    },
    "comments": [
        {
            "created_at": "2014-06-11T12:03:29Z",
            "body": "Comment created by @geertvanhorrik:\n\nWritten docs:\r\n\r\nhttps:\/\/catelproject.atlassian.net\/wiki\/display\/CTL\/AutoScroll"
        },
        {
            "created_at": "2014-06-11T12:15:05Z",
            "body": "Comment created by @geertvanhorrik:\n\nDone."
        },
        {
            "created_at": "2014-06-11T12:15:05Z",
            "body": "Issue was closed with resolution \"Fixed\""
        }
    ]
}