{
    "issue": {
        "title": "CTL-150: ViewModelFactory seems to instantiate a view model twice in rare cases",
        "body": "Jira issue originally created by user @geertvanhorrik:\n\nSometimes a VM is created twice. Currently investigating with a user.",
        "created_at": "2013-08-09T14:49:35Z",
        "closed": true,
        "labels": [
            "Bug"
        ],
        "milestone": 16,
        "assignee": "geertvanhorrik"
    },
    "comments": [
        {
            "created_at": "2013-08-09T15:02:29Z",
            "body": "Comment created by @geertvanhorrik:\n\nNot a catel error. Solved by moving the logic in the constructor to the Initialize method of the view model."
        },
        {
            "created_at": "2013-08-09T15:02:29Z",
            "body": "Issue was closed with resolution \"Cannot Reproduce\""
        }
    ]
}