{
    "issue": {
        "title": "CTL-252: Why Custom Buttons",
        "body": "Jira issue originally created by user manvindersingh:\n\nI don't understand the point of creating buttons like using AddCustomButton.\r\nIf we think about the wpf developers all of them are used to create buttons of their requirements in XAML and bind them accordingly.\r\n\r\nIs the only reason to expose such method is to be consistent with OK Cancel buttons of DataWindow or there is something that I have missed.\r\n\r\nAlso Is there any way, I could format, change content of default data window buttons, change ok and cancel to save and exit etc.",
        "created_at": "2013-11-29T13:38:02Z",
        "closed": true,
        "labels": [
            "Bug"
        ],
        "milestone": 15,
        "assignee": "geertvanhorrik"
    },
    "comments": [
        {
            "created_at": "2013-12-01T21:20:47Z",
            "body": "Comment created by @geertvanhorrik:\n\nSome people want to customize \/ translate the buttons or even add more (help for example). That's why Catel also offers the AddCustomButton method so everyone is free to do what they need to.\r\n\r\nIf you want to customize the behavior of the buttons, you have a few options:\r\n\r\n1) Use the AddCustomButton (where you can bind to commands or methods on the view model)\r\n2) Use DataWindowMode.Custom and add the buttons via xaml.\r\n\r\nThe advantage of Catel is that it automatically takes care of the IsDefaultButton (for OK) and the escape (which will trigger Cancel). for you."
        },
        {
            "created_at": "2013-12-01T21:54:29Z",
            "body": "Comment created by manvindersingh:\n\nThanks for your reply.\r\n\r\nI want to change the content of the default Buttons. OK should be Save and Cancel should be Exit.\r\n\r\nI want to change the height and width, back color and fore color of these default buttons. Is it possible to do that or adding both these buttons in DataWindow.Custom is the only way.\r\n\r\n"
        },
        {
            "created_at": "2013-12-02T08:26:35Z",
            "body": "Comment created by @geertvanhorrik:\n\nYou can add custom buttons. Note that the style being used for the buttons is DataWindowButtonStyle, so you can customize that in your resources. Another option is number 2, like I explained earlier."
        },
        {
            "created_at": "2013-12-01T21:20:52Z",
            "body": "Issue was closed with resolution \"Fixed\""
        }
    ]
}