{
    "issue": {
        "title": "CTL-4: Extract serialization into services",
        "body": "Jira issue originally created by user @geertvanhorrik:\n\nGetXmlSchema is now supported. Implement a factory so people can choose the mechanism to serialize the objects.",
        "created_at": "2013-03-02T11:45:32Z",
        "closed": true,
        "labels": [
            "Task"
        ],
        "milestone": 16,
        "assignee": "geertvanhorrik"
    },
    "comments": [
        {
            "body": "empty body",
            "created_at": "2013-03-02T11:45:32Z"
        },
        {
            "created_at": "2013-04-05T12:44:16Z",
            "body": "Comment created by @geertvanhorrik:\n\nWorking on this in a different branch. Once it is done I will check it in at once."
        },
        {
            "created_at": "2013-04-22T19:19:06Z",
            "body": "Comment created by @geertvanhorrik:\n\nStill working on this in the background."
        },
        {
            "created_at": "2013-06-21T09:16:16Z",
            "body": "Comment created by @geertvanhorrik:\n\nin the current Catel we have discovered that when it is deserializing an object Catel uses SetValue(...) to assign the values from the deserialization Cache to the object properties.\nThe problem is that SetValue(...) causes the property callback handler to be executed, which can cause unwanted results.\n \npublic class TestClass : ModelBase\n{\n       public static readonly PropertyData DefaultScaleXProperty = RegisterProperty<Block, double>(o => o.DefaultScaleX, 1.0, (Sender, args) => Sender.OnDefaultScaleXChanged());\n \n}\n \nWe  do not want that OnDefaultScaleXChanged is called on deserialization. We just want a simple field = deserialized.field assignment because else we get troubles with objects which are doing recalculations in their call back handlers.\n"
        },
        {
            "created_at": "2013-07-13T15:30:05Z",
            "body": "Comment created by @geertvanhorrik:\n\nInitial system seems to work, currently documentation all code."
        },
        {
            "created_at": "2013-07-13T16:48:29Z",
            "body": "Comment created by @geertvanhorrik:\n\nXml docs written, almost all unit tests succeed. Checking the failed ones."
        },
        {
            "created_at": "2013-07-16T20:12:09Z",
            "body": "Comment created by @geertvanhorrik:\n\nWritten documentation in the wiki."
        },
        {
            "created_at": "2013-07-17T21:33:49Z",
            "body": "Comment created by @geertvanhorrik:\n\nThe initial version is complete. Nightly build is released so users can test it."
        },
        {
            "created_at": "2013-07-24T20:18:04Z",
            "body": "Issue was closed with resolution \"Fixed\""
        }
    ]
}