{
    "issue": {
        "title": "CTL-205: Add Async Methods in Exception Handling",
        "body": "Jira issue originally created by user rajiv.mounguengue:\n\nAdd some Asynchronous Methods in Exception Handling",
        "created_at": "2013-10-21T08:20:25Z",
        "closed": true,
        "labels": [
            "Improvement"
        ],
        "milestone": 15
    },
    "comments": [
        {
            "created_at": "2013-11-05T16:06:25Z",
            "body": "Comment created by rajiv.mounguengue:\n\nSo far just .NET 4.5 methods are provided, Unit tests and docs left too."
        },
        {
            "created_at": "2013-11-07T16:39:35Z",
            "body": "Comment created by rajiv.mounguengue:\n\nAdded unit tests, doc left."
        },
        {
            "created_at": "2013-11-08T09:38:25Z",
            "body": "Comment created by rajiv.mounguengue:\n\nDone."
        },
        {
            "created_at": "2013-11-08T09:38:25Z",
            "body": "Issue was closed with resolution \"Fixed\""
        }
    ]
}