{
    "issue": {
        "title": "CTL-444: Remove Activator.CreateInstance from TypeFactory",
        "body": "Jira issue originally created by user @geertvanhorrik:\n\nThe TypeFactory uses the Activator.CreateInstance as last resort to create a type. It has already tried all constructors at that time, so it is kind of useless. It will also remove the MissingMethodExceptions (first-chance).",
        "created_at": "2014-05-23T10:18:59Z",
        "closed": true,
        "labels": [
            "Improvement"
        ],
        "milestone": 12,
        "assignee": "geertvanhorrik"
    },
    "comments": [
        {
            "created_at": "2014-05-23T10:31:48Z",
            "body": "Comment created by @geertvanhorrik:\n\nRemoved SupportDependencyInjection from ServiceLocator and configuration."
        },
        {
            "created_at": "2014-05-23T10:32:51Z",
            "body": "Comment created by @geertvanhorrik:\n\nRemoved ITypeFactory.CreateInstanceUsingActivator"
        },
        {
            "created_at": "2014-05-23T10:35:54Z",
            "body": "Comment created by @geertvanhorrik:\n\nDone."
        },
        {
            "created_at": "2014-05-23T10:35:54Z",
            "body": "Issue was closed with resolution \"Fixed\""
        }
    ]
}