{
    "issue": {
        "title": "CTL-133: Start and Update the PleasewaitWindow in an Workerthread",
        "body": "Jira issue originally created by user jens_weller:\n\nIts not possible to start or update the pleasewaitwindow in an Thread startet with Task.Factory.StartNew",
        "created_at": "2013-07-25T08:10:09Z",
        "closed": true,
        "labels": [
            "Bug"
        ],
        "milestone": 15,
        "assignee": "geertvanhorrik"
    },
    "comments": [
        {
            "created_at": "2013-10-20T17:49:41Z",
            "body": "Comment created by @geertvanhorrik:\n\nDone."
        },
        {
            "created_at": "2013-10-20T17:49:41Z",
            "body": "Issue was closed with resolution \"Fixed\""
        }
    ]
}