{
    "issue": {
        "title": "CTL-373: Catel performance",
        "body": "Jira issue originally created by user bigN13:\n\nIn current application I have splited my UI in several Tabs. Each Tab is loading the appropriate View. While I am getting expected results I've noticed that by changing each Tab it takes almost 1~3sec for a View to be shown. Is there a way to speed up this process? \r\n{quote}\r\n <TabItem Header=\"Tools\" >\r\n                <catel:StackGrid>\r\n                    <TabControl >\r\n                        <TabItem Header=\"Worker\">\r\n                            <Grid>\r\n                                <Views:WorkerReportView\/>\r\n                            <\/Grid>\r\n                        <\/TabItem>\r\n                        <TabItem Header=\"Business\">\r\n                            <Grid>\r\n                                <Views:BusinessReportView\/>\r\n                            <\/Grid>\r\n                        <\/TabItem>\r\n                    <\/TabControl>\r\n                <\/catel:StackGrid>\r\n            <\/TabItem>\r\n{quote}",
        "created_at": "2014-03-01T14:56:58Z",
        "closed": true,
        "labels": [
            "Bug"
        ],
        "milestone": 12,
        "assignee": "geertvanhorrik"
    },
    "comments": [
        {
            "created_at": "2014-03-01T15:17:46Z",
            "body": "Comment created by @geertvanhorrik:\n\nPlease upload an app so I can reproduce."
        },
        {
            "created_at": "2014-03-01T21:27:08Z",
            "body": "Comment created by pgross:\n\nAlthough this not a forum, I might have the answer for you:\r\nEach time changing the tab, the view model is instantiated again. If your ViewModel's constructor needs a lot of time, the UI will be frozen for this period of time.\r\n\r\nSee for [Documentation](https:\/\/catelproject.atlassian.net\/wiki\/display\/CTL\/Keeping<ins>view<\/ins>models+alive) reference."
        },
        {
            "created_at": "2014-03-04T21:07:24Z",
            "body": "Comment created by @geertvanhorrik:\n\nWe really appreciate the additional comments, thanks! We will close this issue as cannot reproduce until the starter comes up with a repro."
        },
        {
            "created_at": "2014-03-04T21:43:08Z",
            "body": "Comment created by bigN13:\n\nThe solution was quite crazy. My Tab control was inside plain Grid... once I enclosed the it into CatelGrid, the performance increased significantly. I coudn't reproduce this behaviour on new project therefore I think this issue should be closed. "
        },
        {
            "created_at": "2014-03-04T21:08:06Z",
            "body": "Issue was closed with resolution \"Cannot Reproduce\""
        }
    ]
}