{
    "issue": {
        "title": "CTL-218: IPleaseWait Service Views are not disabled",
        "body": "Jira issue originally created by user Siddy74:\n\nWhen i use the pleaseWait Service i can \"Click\" on Buttons of the View, the View are not disabled when the please wait service is running. \r\n\r\n",
        "created_at": "2013-10-31T08:59:06Z",
        "closed": true,
        "labels": [
            "Bug"
        ],
        "milestone": 15,
        "assignee": "geertvanhorrik"
    },
    "comments": [
        {
            "created_at": "2013-10-31T09:06:54Z",
            "body": "Comment created by @geertvanhorrik:\n\nThis is because we had issues with this with a client. They were showing views based on the enabled state. So every time the PWS kicked in, the view changed completely.\r\n\r\nWe will consider making the overlay non-clickable (disabling the hittest)."
        },
        {
            "created_at": "2013-11-01T14:26:00Z",
            "body": "Comment created by @geertvanhorrik:\n\nThere already is code to enable the hittest again on the close. Adding code to disable the hittest on show."
        },
        {
            "created_at": "2013-11-01T14:33:57Z",
            "body": "Comment created by @geertvanhorrik:\n\nI cannot reproduce this issue. I have added the IsHitTest stuff anyway. Please try again with the latest nightly build (which will be released later today)."
        },
        {
            "created_at": "2013-11-01T14:35:39Z",
            "body": "Comment created by @geertvanhorrik:\n\nDone."
        },
        {
            "created_at": "2013-11-01T14:35:39Z",
            "body": "Issue was closed with resolution \"Fixed\""
        }
    ]
}