{
    "issue": {
        "title": "CTL-14: Split core into several libraries",
        "body": "Jira issue originally created by user @geertvanhorrik:\n\nCatel.Core => only reflection <ins> logging \r\nCatel.IoC => service locator \r\nCatel.Data => dataobjectbase <\/ins> memento \r\n\r\nThe rest of the libraries will stay the same.",
        "created_at": "2013-03-03T16:21:16Z",
        "closed": true,
        "labels": [
            "Task"
        ],
        "assignee": "geertvanhorrik"
    },
    "comments": [
        {
            "created_at": "2013-08-10T17:03:19Z",
            "body": "Issue was closed with resolution \"Won't Fix\""
        }
    ]
}