{
    "issue": {
        "title": "CTL-399: Missing strong signing on Catel.Fody.Attributes",
        "body": "Jira issue originally created by user rchastain@telemetrylabs.com:\n\nI just added Catel.Fody.1.7.0 (via NuGet) to a .net 4.0 application that I am deploying by ClickOnce.\r\nWhen I built the application I received and error message telling me that Catel.Fody.Attributes.dll must be strongly signed in order to be marked as a prerequisite.\r\n",
        "created_at": "2014-03-27T13:37:52Z",
        "closed": true,
        "labels": [
            "Bug"
        ],
        "milestone": 12,
        "assignee": "geertvanhorrik"
    },
    "comments": [
        {
            "created_at": "2014-03-27T14:52:02Z",
            "body": "Comment created by @geertvanhorrik:\n\nI think you can fix this by not setting it as an assembly that will be deployed (somewhere in the ClickOnce settings). The Catel.Fody.Attributes reference will be removed by Fody (after the build)."
        },
        {
            "created_at": "2014-03-27T15:03:32Z",
            "body": "Comment created by rchastain@telemetrylabs.com:\n\nWhat you suggest is true.  Are you telling me that this dll is not required are runtime?"
        },
        {
            "created_at": "2014-03-27T15:05:37Z",
            "body": "Comment created by @geertvanhorrik:\n\nExactly. What it does is this:\r\n\r\n1) Compile your assembly (with the attribute assembly)\r\n2) Run Fody (which calls all weavers in FodyWeavers.xml of the project)\r\n3) The Catel.Fody weaver will use the attributes to find types and convert them. Then it will remove the assembly (no longer needed)"
        },
        {
            "created_at": "2014-03-27T15:10:29Z",
            "body": "Comment created by rchastain@telemetrylabs.com:\n\nOkay, I removed it from the deployment list and the project compiles.  I also see that it is added as a reference WITHOUT copy local being set.  (Very good.)\r\n\r\nWhile it is good to know that I do not need to deploy that dll, and that I can move forward, you might want to consider signing it in the next release just so it does not trip anyone else.\r\n\r\nI am happy with this answer so, close the issue if you like.\r\n\r\nThanks"
        },
        {
            "created_at": "2014-03-27T15:13:10Z",
            "body": "Comment created by @geertvanhorrik:\n\nThe signing of assemblies is always a tricky one and has been debated quite some times already. I think though that it should be possible to sign this assembly. Will consider it in the future."
        },
        {
            "created_at": "2014-03-27T17:20:57Z",
            "body": "Comment created by @geertvanhorrik:\n\nNow we are at it: introducing GitVersion to Catel.Fody and creating new build configuration."
        },
        {
            "created_at": "2014-04-10T17:43:24Z",
            "body": "Comment created by @geertvanhorrik:\n\nCatel.Fody.Attributes is now being signed."
        },
        {
            "created_at": "2014-04-10T17:43:24Z",
            "body": "Issue was closed with resolution \"Fixed\""
        }
    ]
}