{
    "issue": {
        "title": "CTL-2: The service locator sould resolve non-abstract types without registration",
        "body": "Jira issue originally created by user @geertvanhorrik:\n\nIf a non-abstract type is requested to the service locator, and the type is not registered, then the service locator should try instantiate the type without registration (as Transient). \r\n\r\nDo not store the mapping into the service locator, just create the instance.",
        "created_at": "2013-03-02T11:41:40Z",
        "closed": true,
        "labels": [
            "Task"
        ],
        "milestone": 18,
        "assignee": "geertvanhorrik"
    },
    "comments": [
        {
            "created_at": "2013-03-08T17:16:14Z",
            "body": "Comment created by @geertvanhorrik:\n\nAssigned to Alex"
        },
        {
            "created_at": "2013-03-11T21:08:12Z",
            "body": "Comment created by @alexfdezsauco:\n\n(+) ServiceLocator resolves non-abstract types without registration. \r\n\r\nIt also \"simplified\" the of Prism service locator adapter implementation.\r\n\r\nSuggestion: Adds a CanResolve method to the service locator to get a full simplification."
        },
        {
            "created_at": "2013-03-12T14:20:24Z",
            "body": "Comment created by @alexfdezsauco:\n\n(+) Added ServiceLocator.CanResolveNonAbstractTypesWithoutRegistration to setup service locator behavior for non-abstract types resolution without registration"
        },
        {
            "created_at": "2013-03-11T21:08:11Z",
            "body": "Issue was closed with resolution \"Fixed\""
        }
    ]
}