{
    "issue": {
        "title": "CTL-460: Improve TraceOutputControl so it uses Catel logging system",
        "body": "Jira issue originally created by user @geertvanhorrik:\n\nCurrently the TraceOutputControl uses the trace system to show messages. It should use the Catel logging system (but still support traces).\r\n\r\nIt should also contain a filter option and should work faster out of the box.",
        "created_at": "2014-06-11T12:16:08Z",
        "closed": true,
        "labels": [
            "Task"
        ],
        "milestone": 12,
        "assignee": "geertvanhorrik"
    },
    "comments": [
        {
            "created_at": "2014-06-11T13:57:08Z",
            "body": "Comment created by @geertvanhorrik:\n\ndone."
        },
        {
            "created_at": "2014-06-11T14:19:43Z",
            "body": "Comment created by @geertvanhorrik:\n\nRemoved trace listeners from the TraceOutputControl. It fully depends on the Catel logging system now."
        },
        {
            "created_at": "2014-06-11T13:57:08Z",
            "body": "Issue was closed with resolution \"Fixed\""
        }
    ]
}