{
    "issue": {
        "title": "CTL-296: ViewToViewModel Wierdness",
        "body": "Jira issue originally created by user Bitfiddler:\n\nI am trying to create a reusable control with some binding properties.\r\n\r\nIn my parent control I have the following binding code:\r\n<views:TradeListView \r\n    SelectedTrade=\"{Binding SelectedTrade, Mode=TwoWay}\"\r\n    Trades=\"{Binding UnHedgedTrades, Mode=TwoWay}\" Grid.Row=\"1\"\/>\r\n\r\nThe parent control has it's own ViewModel with 'SelectedTrade' and 'UnHedgedTrades' as fody generated dependency properties.\r\n\r\nThe TradeListView Control has the following relevant xaml:\r\n<Grid>\r\n    <ListView ItemsSource=\"{Binding Trades}\" \r\n                   SelectedItem=\"{Binding SelectedTrade}\"  >\r\n...\r\n    <\/ListView>\r\n<\/Grid>\r\n\r\nThe TradeListView also has it's own viewModel with the appropriate Trades and SelectedTrade properties.\r\n\r\nNow I am trying to expose those two properties so this view can be bound to by the parent control.\r\n\r\nI have had to use the following code to get it to work (TradeListView.xaml.cs):\r\n\r\npublic partial class TradeListView \r\n\t{\r\n\t\t\/\/\/ <summary>\r\n\t\t\/\/\/ Initializes a new instance of the <see cref=\"TradeListView\"\/> class.\r\n\t\t\/\/\/ <\/summary>\r\n\t\tpublic TradeListView()\r\n\t\t{\r\n\t\t\tInitializeComponent();\r\n\t\t}\r\n\r\n\t\t#region Trades Dep. Prop.\r\n\r\n\t\t\/\/ ReSharper disable once InconsistentNaming\r\n\t\tpublic static readonly DependencyProperty TradesProperty =\r\n\t\t\tDependencyProperty.Register(\"Trades\",\r\n\t\t\t                            typeof(ObservableCollection<ITrade>),\r\n\t\t\t                            typeof(TradeListView),\r\n\t\t\t\t\t\t\t\t\t\tnew PropertyMetadata(null, (sender, e) => ((TradeListView)sender).UpdateTrades(e)));\r\n\r\n\t\tprivate void UpdateTrades(DependencyPropertyChangedEventArgs eventArgs)\r\n\t\t{\r\n\t\t\tif (eventArgs.OldValue == null)\r\n\t\t\t{\r\n\t\t\t\treturn;\r\n\t\t\t}\r\n\t\t\tViewModel.Trades.ReplaceRange(eventArgs.OldValue as ObservableCollection<ITrade>);\r\n\t\t}\r\n\r\n\t\t[ViewToViewModel(MappingType = ViewToViewModelMappingType.ViewModelToView)]\r\n\t\tpublic ObservableCollection<ITrade> Trades\r\n\t\t{\r\n\t\t\tget { return (ObservableCollection<ITrade>)GetValue(TradesProperty); }\r\n\t\t\tset { SetValue(TradesProperty, value); }\r\n\t\t}\r\n\r\n\t\t#endregion\r\n\r\n\t\t#region Selected Trade Dep. Prop.\r\n\r\n\t\t\/\/ ReSharper disable once InconsistentNaming\r\n\t\tpublic static readonly DependencyProperty SelectedTradeProperty =\r\n\t\t\tDependencyProperty.Register(\"SelectedTrade\",\r\n\t\t\t\t\t\t\t\t\t\ttypeof(ITrade),\r\n\t\t\t\t\t\t\t\t\t\ttypeof(TradeListView),\r\n\t\t\t\t\t\t\t\t\t\tnew PropertyMetadata(null, (sender, e) => ((TradeListView)sender).UpdateSelectedTrade(e)));\r\n\r\n\t\tprivate void UpdateSelectedTrade(DependencyPropertyChangedEventArgs eventArgs)\r\n\t\t{\r\n\t\t\tif (eventArgs.OldValue == null)\r\n\t\t\t{\r\n\t\t\t\treturn;\r\n\t\t\t}\r\n\t\t\tViewModel.SelectedTrade = eventArgs.OldValue as ITrade;\r\n\t\t}\r\n\r\n\t\t[ViewToViewModel(MappingType = ViewToViewModelMappingType.ViewModelToView)]\r\n\t\tpublic ITrade SelectedTrade\r\n\t\t{\r\n\t\t\tget { return (ITrade)GetValue(SelectedTradeProperty); }\r\n\t\t\tset { SetValue(SelectedTradeProperty, value); }\r\n\t\t}\r\n\r\n\t\t#endregion\r\n\r\n\r\n\t\tpublic new TradeListViewModel ViewModel\r\n\t\t{\r\n\t\t\tget { return base.ViewModel as TradeListViewModel; }\r\n\t\t}\r\n\t}\r\n\r\nAs you can see I have had to use the eventArgs 'oldValue' in order to get this to work.  This doesn't make sense to me.  However no matter what else I have tried, I get an empty list of Trades if I do not do this.  My intuition based on the available examples told me that I should not even need the event args and my update handlers should something like:\r\n\r\nViewModel.Trades.ReplaceRange(Trades); \r\n\r\nWhere Trades is the exposed dependency property of the view.  However this does not seem to work (Trades is always empty).  Any idea what I am doing wrong?",
        "created_at": "2014-01-10T00:16:30Z",
        "closed": true,
        "labels": [
            "Task"
        ],
        "milestone": 13,
        "assignee": "geertvanhorrik"
    },
    "comments": [
        {
            "created_at": "2014-01-10T00:43:52Z",
            "body": "Comment created by Bitfiddler:\n\nActually looks like I only need to do this on the collection.  The selectedTrade property goes into an infinite loop if I use the old value, but the original issue still stands for the Collection."
        },
        {
            "created_at": "2014-01-10T00:55:01Z",
            "body": "Comment created by Bitfiddler:\n\nAh, I see.  The issue was with the ViewToViewModelMappingType.  I was not entirely clear on the differences between the different types so I used the one from the example.  It appears what I was looking for was TwoWayViewWins since I want updates to come from both the View (since my parent control is binding to it) and from the model (since there are commands and messages that the child view responds to) but ultimately the parent view should dictate the state of affairs (so view wins).  Am I interpreting this correctly?"
        },
        {
            "created_at": "2014-01-10T12:34:28Z",
            "body": "Comment created by @geertvanhorrik:\n\nYes, you are interpreting that correctly."
        },
        {
            "created_at": "2014-01-10T12:34:37Z",
            "body": "Issue was closed with resolution \"Fixed\""
        }
    ]
}