{
    "issue": {
        "title": "CTL-41: On Silverlight TypeCache doesn't load the types loaded before TypeCache type is load",
        "body": "Jira issue originally created by user @alexfdezsauco:\n\nOn Silverlight TypeCache doesn't load the types loaded before TypeCache type is load\r\n\r\nRepo:\r\n\r\n1)   Type messageType = TypeCache.GetType(\"System.String\");\r\n\r\n2)   messageType is null\r\n\r\n",
        "created_at": "2013-04-04T20:11:09Z",
        "closed": true,
        "labels": [
            "Bug"
        ],
        "milestone": 17,
        "assignee": "geertvanhorrik"
    },
    "comments": [
        {
            "created_at": "2013-05-04T13:47:40Z",
            "body": "Comment created by @geertvanhorrik:\n\nI can reproduce the issue with unit tests."
        },
        {
            "created_at": "2013-05-04T14:14:56Z",
            "body": "Comment created by @geertvanhorrik:\n\nProblem is that the core assemblies are not being seen as \"referenced\" by Silverlight. Currently creating a _frameworkAssemblies for SL4 because that version does not support a appDomain.GetAssemblies();"
        },
        {
            "created_at": "2013-05-04T14:33:45Z",
            "body": "Comment created by @geertvanhorrik:\n\nThe following assemblies are now being preloaded in Silverlight:\n\n* mscorlib\n* system"
        },
        {
            "created_at": "2013-05-04T15:10:44Z",
            "body": "Comment created by @geertvanhorrik:\n\nFixed"
        },
        {
            "created_at": "2013-05-04T15:10:44Z",
            "body": "Issue was closed with resolution \"Fixed\""
        }
    ]
}