{
    "issue": {
        "title": "CTL-44: Issue with ServiceLocator and external container synchronization",
        "body": "Jira issue originally created by user @geertvanhorrik:\n\nI have one issue i discovered today while working with the Catel IOC container and unity.\r\n\r\nWhen I register in the unity container a per instance type and I want to get it from the catel container the service locator always returns the same instance (singleton).\r\n",
        "created_at": "2013-04-09T18:52:02Z",
        "closed": true,
        "labels": [
            "Bug"
        ],
        "milestone": 17,
        "assignee": "geertvanhorrik"
    },
    "comments": [
        {
            "created_at": "2013-04-11T19:17:08Z",
            "body": "Comment created by @geertvanhorrik:\n\nChecking unit tests."
        },
        {
            "created_at": "2013-04-11T19:22:11Z",
            "body": "Comment created by @geertvanhorrik:\n\nIt seems this is not yet covered by the external IoC containers interface. Will have to implement this."
        },
        {
            "created_at": "2013-04-11T19:36:51Z",
            "body": "Comment created by @geertvanhorrik:\n\nIt seems that we are not yet caching the reflection keys neither. Will do this as well for better performance."
        },
        {
            "created_at": "2013-04-11T20:39:05Z",
            "body": "Comment created by @geertvanhorrik:\n\nMuch more work than I expected. I think I have written the right unit tests and modified the ServiceLocator correctly. Now modifying the 4 external helpers Catel supports."
        },
        {
            "created_at": "2013-04-11T23:01:40Z",
            "body": "Comment created by @geertvanhorrik:\n\nAll containers now have a GetRegistrationInfo which retrieves the way types are registered in the external container."
        },
        {
            "created_at": "2013-04-11T23:04:28Z",
            "body": "Comment created by @geertvanhorrik:\n\nAnd all unit tests seem to succeed!"
        },
        {
            "created_at": "2013-04-11T23:07:57Z",
            "body": "Comment created by @geertvanhorrik:\n\nFixed."
        },
        {
            "created_at": "2013-04-11T23:07:57Z",
            "body": "Issue was closed with resolution \"Fixed\""
        }
    ]
}