{
    "issue": {
        "title": "CTL-322: Update project & item templates to Catel 4.0",
        "body": "Jira issue originally created by user @geertvanhorrik:\n\n",
        "created_at": "2014-02-03T17:49:54Z",
        "closed": true,
        "labels": [
            "Task"
        ],
        "milestone": 11,
        "assignee": "geertvanhorrik"
    },
    "comments": [
        {
            "created_at": "2014-03-14T15:36:37Z",
            "body": "Comment created by @geertvanhorrik:\n\nAll updated. Need to release when 4.0 is released."
        },
        {
            "created_at": "2015-02-04T11:17:12Z",
            "body": "Comment created by piotr:\n\n[~geertvanhorrik],\r\n\r\nI have one suggestion for item templates. It would be really great if generated code have #regions. For example code for MyViewModel could looks like:\r\n\r\n```\r\n\/\/\/ <summary>\r\n    \/\/\/ UserControl view model.\r\n    \/\/\/ <\/summary>\r\n    public class MyViewModel : ViewModelBase\r\n    {\r\n        #region Constructors\r\n        \/\/\/ <summary>\r\n        \/\/\/ Initializes a new instance of the <see cref=\"MyViewModel\"\/> class.\r\n        \/\/\/ <\/summary>\r\n        public MyViewModel()\r\n        {\r\n        }\r\n        #endregion\r\n\r\n        #region Properties\r\n        \/\/\/ <summary>\r\n        \/\/\/ Gets the title of the view model.\r\n        \/\/\/ <\/summary>\r\n        \/\/\/ <value>The title.<\/value>\r\n        public override string Title { get { return \"View model title\"; } }\r\n\r\n        \/\/ TODO: Register models with the vmpropmodel codesnippet\r\n        \/\/ TODO: Register view model properties with the vmprop or vmpropviewmodeltomodel codesnippets\r\n        \/\/ TODO: Register commands with the vmcommand or vmcommandwithcanexecute codesnippets\r\n        #endregion\r\n    }\r\n```\r\n\r\n\r\n"
        },
        {
            "created_at": "2015-02-17T19:56:17Z",
            "body": "Comment created by @geertvanhorrik:\n\nRegions is a very personal thing. I will consider it, but some people will be happy, some will not. Unfortunately there is no \"right\" way to do it."
        },
        {
            "created_at": "2015-02-17T19:59:18Z",
            "body": "Comment created by @geertvanhorrik:\n\nDoing a final test on the templates now."
        },
        {
            "created_at": "2015-02-17T20:54:15Z",
            "body": "Comment created by piotr:\n\nAgree with you about regions, so solution for making happy everyone is preparing two set of templates. One with regions one without. User will choose whatever will want. :) Just my two cents. \r\n\r\nPiotr\r\n\r\n"
        },
        {
            "created_at": "2015-02-17T20:55:43Z",
            "body": "Comment created by @geertvanhorrik:\n\nSounds great! It's only 2 hours per template and I only have to maintain them for free, so sounds like a.... ;-)"
        },
        {
            "created_at": "2015-02-17T21:10:51Z",
            "body": "Comment created by @geertvanhorrik:\n\nItem templates are done and checked. Moving to app templates now (which is more work)."
        },
        {
            "created_at": "2015-02-17T21:53:08Z",
            "body": "Comment created by @geertvanhorrik:\n\nUpdating online files in Visual Studio gallery now."
        },
        {
            "created_at": "2015-02-17T22:23:32Z",
            "body": "Comment created by @geertvanhorrik:\n\nAll done!"
        },
        {
            "created_at": "2015-02-17T22:23:37Z",
            "body": "Issue was closed with resolution \"Fixed\""
        }
    ]
}