{
    "issue": {
        "title": "CTL-318: Create TypeCache which can be instantiated and registered in the ServiceLocator",
        "body": "Jira issue originally created by user @geertvanhorrik:\n\nThe TypeCache is static.I think it's better to create a TypeCache that can be instantiated so we can add services to ignore specific assemblies to speed up the cache.",
        "created_at": "2014-02-01T16:12:19Z",
        "closed": true,
        "labels": [
            "Task"
        ],
        "assignee": "geertvanhorrik"
    },
    "comments": [
        {
            "created_at": "2014-03-13T23:05:04Z",
            "body": "Comment created by @geertvanhorrik:\n\nNo longer needed."
        },
        {
            "created_at": "2014-03-13T23:05:03Z",
            "body": "Issue was closed with resolution \"Won't Fix\""
        }
    ]
}