{
    "issue": {
        "title": "CTL-375: ViewModelBase as DesignInstance",
        "body": "Jira issue originally created by user jens_weller:\n\nHello\r\n\r\nI try to set the DesignTime Datacontext:\r\n\r\n```\r\nd:DataContext=\"{d:DesignInstance viewmodel:myViewModel}\"\r\n```\r\n\r\n\"myViewmodel\" is derived of viewmodelbase.\r\n\r\nThats the warning I get:\r\n\r\nDesignInstance cannot create Type myViewModel because ICustomTypeDescriptor and ITypedList are not supported.\r\n\r\n\r\n",
        "created_at": "2014-03-05T11:00:40Z",
        "closed": true,
        "labels": [
            "Bug"
        ],
        "milestone": 12,
        "assignee": "geertvanhorrik"
    },
    "comments": [
        {
            "created_at": "2014-03-08T13:43:19Z",
            "body": "Comment created by @geertvanhorrik:\n\nThis should be fixed in the latest prerelease. Can you please verify?"
        },
        {
            "created_at": "2014-03-10T08:56:14Z",
            "body": "Comment created by jens_weller:\n\nok. That's fixed.\r\n\r\nBut now I get an exception in xaml:\r\n\r\nException: Cannot create an instance of \"UserControl\".\r\n\r\nNotSupportedException: The view model of the view could not be resolved. Use either the GetViewModelType() method or IViewModelLocator\r\n\r\nIn designtime I can not see any more any view."
        },
        {
            "created_at": "2014-03-12T14:34:07Z",
            "body": "Comment created by jens_weller:\n\nI think that's a general problem. I downgraded to stable version 3.9.0\r\n\r\nIn every view I get the error:\r\n\r\nException: Cannot create an instance of \"UserControl\"\r\n\r\nDo I miss something?"
        },
        {
            "created_at": "2014-03-12T14:36:37Z",
            "body": "Comment created by @geertvanhorrik:\n\nI will look into this as soon as I have time. Other priorities first."
        },
        {
            "created_at": "2014-03-13T13:29:44Z",
            "body": "Comment created by jens_weller:\n\nIts strange. I updated to the new beta version of catel and the exception is no longer present.\r\nBut at once the problem is back. No more desingnview of any catel:usercontrol."
        },
        {
            "created_at": "2014-03-13T14:42:12Z",
            "body": "Comment created by jens_weller:\n\nCan this be the problem:\r\n\r\nif (!CatelEnvironment.IsInDesignMode) \r\n\r\nin the Contructor of UserControl?"
        },
        {
            "created_at": "2014-03-13T15:23:18Z",
            "body": "Comment created by @geertvanhorrik:\n\nThe controls should exit when they are in design time. I will check this as soon as I have time."
        },
        {
            "created_at": "2014-03-13T17:12:57Z",
            "body": "Comment created by @geertvanhorrik:\n\nAdded Environment.GetIsInDesignMode to be able to get non-cached values whether the software is currently running in a designer."
        },
        {
            "created_at": "2014-03-13T17:14:43Z",
            "body": "Comment created by @geertvanhorrik:\n\nFixed. It was a problem where Catel checked too early (assembly loading) whether it is running in design mode. Since the value is cached it was never detected correctly."
        },
        {
            "created_at": "2014-03-13T17:14:43Z",
            "body": "Issue was closed with resolution \"Fixed\""
        }
    ]
}