{
    "issue": {
        "title": "CTL-323: ApiCop to ensure correct usage of the API during development",
        "body": "Jira issue originally created by user @geertvanhorrik:\n\nA service which will actively help developers be a better coder.",
        "created_at": "2014-02-05T16:05:35Z",
        "closed": true,
        "labels": [
            "Task"
        ],
        "milestone": 12,
        "assignee": "geertvanhorrik"
    },
    "comments": [
        {
            "created_at": "2014-02-13T16:12:24Z",
            "body": "Comment created by @geertvanhorrik:\n\nMust be something like LogManager where you can enable settings and create IDevCop classes."
        },
        {
            "created_at": "2014-02-19T09:02:50Z",
            "body": "Comment created by @geertvanhorrik:\n\nMerged into develop."
        },
        {
            "created_at": "2014-02-19T09:03:27Z",
            "body": "Comment created by @geertvanhorrik:\n\nWritten part of the documentation."
        },
        {
            "created_at": "2014-02-19T22:14:30Z",
            "body": "Comment created by @geertvanhorrik:\n\nDocumentation is now complete. Only need to implement the usage in the software itself and more rules."
        },
        {
            "created_at": "2014-02-20T13:23:15Z",
            "body": "Issue was closed with resolution \"Fixed\""
        }
    ]
}