{
    "issue": {
        "title": "CTL-486: Add time to logging events",
        "body": "Jira issue originally created by user @geertvanhorrik:\n\nAdd time to events \/ log listeners \/ etc.",
        "created_at": "2014-07-14T10:11:08Z",
        "closed": true,
        "labels": [
            "Task"
        ],
        "milestone": 12,
        "assignee": "geertvanhorrik"
    },
    "comments": [
        {
            "created_at": "2014-07-14T10:17:45Z",
            "body": "Comment created by @geertvanhorrik:\n\nDocumented breaking change in update guide."
        },
        {
            "created_at": "2014-07-14T10:38:13Z",
            "body": "Comment created by @geertvanhorrik:\n\nDone."
        },
        {
            "created_at": "2014-07-14T10:38:13Z",
            "body": "Issue was closed with resolution \"Fixed\""
        }
    ]
}