{
    "issue": {
        "title": "CTL-1028: Unused argument check causes invalid IL",
        "body": "Jira issue originally created by user @geertvanhorrik:\n\nUsing this code:\r\n\r\n```\r\n        public static void SetIsToolTipsEnabled(this DataGridSettings settings, bool isToolTipsEnabled, DataGrid dataGrid)\r\n        {\r\n            Argument.IsNotNull(() => settings);\r\n\r\n            var rowToolTipExtension = dataGrid.Extensions.FirstOrDefault(x => x is RowToolTipsExtension) as RowToolTipsExtension;\r\n            if (rowToolTipExtension == null)\r\n            {\r\n                return;\r\n            }\r\n\r\n            rowToolTipExtension.EnableToolTips = isToolTipsEnabled;\r\n        }\r\n```\r\n\r\nSince settings is not used inside the method, this causes invalid IL.",
        "created_at": "2017-04-03T11:48:17Z",
        "closed": true,
        "labels": [
            "Bug"
        ],
        "milestone": 1,
        "assignee": "geertvanhorrik"
    },
    "comments": [
        {
            "created_at": "2017-04-03T11:51:16Z",
            "body": "Comment created by @geertvanhorrik:\n\nMoved to GitHub."
        },
        {
            "created_at": "2017-04-03T11:51:23Z",
            "body": "Comment created by @geertvanhorrik:\n\nhttps:\/\/github.com\/Catel\/Catel.Fody\/issues\/3"
        },
        {
            "created_at": "2017-04-03T11:51:27Z",
            "body": "Issue was closed with resolution \"Fixed\""
        }
    ]
}