{
    "issue": {
        "title": "CTL-20: WeakEventListener can't register for explicitly implemented events",
        "body": "Jira issue originally created by user @geertvanhorrik:\n\nThe *_WeakEventListener__ in Catel 3.5 tries to register automatically to Catel properties that implement __INotifyPropertyChanged__ or __INotifyCollectionChanged__. However, the way it does this throws an exception if the class of the object implements one of these interfaces explicitly. In this case, the object must be cast to __INotifyPropertyChanged__ or __INotifyCollectionChanged_* to gain access to the event add or remove methods. \r\n\r\nSome Microsoft collections implement *_INotifyCollectionChanged__ explicitly - __ListCollectionView, ReadOnlyObservableCollection_*, for example. \r\n\r\nI have been able to create a simple workaround by modifying *_WeakEventListener.SubscribeToEventUsingNormalImplementation__ so that it tries to cast the source object to __ICollectionViewChanged_* if the first attempt at getting the event Add method fails. However, I believe the \"right\" way for Catel to handle this is to work with the Type of the property, not the Type of the value of the property. For example, let's say I have a Catel property 'MyCollectionView' of type ICollectionView:\r\n\r\n```\r\npublic ICollectionView MyCollectionView\r\n{\r\nget { return GetValue<ICollectionView>(MyCollectionViewProperty); }\r\nset { SetValue(MyCollectionViewProperty, value); }\r\n}\r\n\r\n\/\/\/ <summary>\r\n\/\/\/ Register the MyCollectionView property so it is known in the class.\r\n\/\/\/ <\/summary>\r\npublic static readonly PropertyData MyCollectionViewProperty = RegisterProperty(\"MyCollectionView\", typeof(ICollectionView));\r\n\r\n```\r\nNow, if this property gets set to a *_ListCollectionView__ object, The __WeakEventListener__ should be dealing with the __ICollectionView__ type, not __ListCollectionView_*. \r\n",
        "created_at": "2013-03-09T13:30:12Z",
        "closed": true,
        "labels": [
            "Bug"
        ],
        "milestone": 17,
        "assignee": "geertvanhorrik"
    },
    "comments": [
        {
            "created_at": "2013-03-10T20:18:37Z",
            "body": "Comment created by @geertvanhorrik:\n\nWe are aware of the issue with the explicit interface implementations (ObservableCollection also implements INotifyPropertyChanged explicit). I will see what we can do with casting."
        },
        {
            "created_at": "2013-03-26T20:17:33Z",
            "body": "Comment created by @geertvanhorrik:\n\nWritten unit tests, they fail (which is correct). Now thinking of a fix."
        },
        {
            "created_at": "2013-03-29T21:41:50Z",
            "body": "Comment created by @geertvanhorrik:\n\nHard time trying to reproduce this."
        },
        {
            "created_at": "2013-03-29T21:46:18Z",
            "body": "Comment created by @geertvanhorrik:\n\nFound a test that fails:\r\n\r\n[ TestMethod ]\r\npublic void SupportsExplicitlyImplementedEvents()\r\n{\r\n    var listener = new EventListener();\r\n\r\n    \/\/ ObservableCollection implements ICollectionChanged explicitly\r\n    var source = new ListCollectionView(new List<int>(new [] { 1, 2, 3 }));\r\n\r\n    WeakEventListener.SubscribeToWeakCollectionChangedEvent(listener, source, listener.OnCollectionChangedEvent);\r\n\r\n    source.AddNewItem(4);\r\n\r\n    Assert.AreEqual(1, listener.CollectionChangedEventCount);\r\n}"
        },
        {
            "created_at": "2013-03-29T22:39:28Z",
            "body": "Comment created by @geertvanhorrik:\n\nThis was a very tough one, but I think I was able to fix it (all unit tests now succeed). Currently creating a new nightly build. Please all try it and let me know if the issue is solved for you."
        },
        {
            "created_at": "2013-04-01T08:18:22Z",
            "body": "Comment created by IvanKupriyanov:\n\nAfter short test everything looks fine - at least application now can start and show some screens. Will use beta version in our test build. Will see what will happen.\nThnx for the fix."
        },
        {
            "created_at": "2013-04-02T14:07:50Z",
            "body": "Comment created by tombo86:\n\nThe latest nightly build has fixed this issue for me.  Thanks!"
        },
        {
            "created_at": "2013-04-02T18:10:29Z",
            "body": "Issue was closed with resolution \"Fixed\""
        }
    ]
}