{
    "issue": {
        "title": "CTL-164: Linq on FastObservableCollection",
        "body": "Jira issue originally created by user floydinspace:\n\nIt would be very nice to be able to use Linq on FastObservableCollection.\r\n\r\nKind regards Stefan Loyd",
        "created_at": "2013-08-26T16:05:34Z",
        "closed": true,
        "labels": [
            "Improvement"
        ],
        "milestone": 16,
        "assignee": "geertvanhorrik"
    },
    "comments": [
        {
            "created_at": "2013-08-26T18:26:28Z",
            "body": "Comment created by @geertvanhorrik:\n\nThis is already possible, this unit test succeeds:\n\n```\n            [TestMethod]\n            public void ReturnsSingleElementUsingLinq()\n            {\n                var fastCollection = new FastObservableCollection<int>();\n\n                for (int i = 0; i < 43; i<ins><\/ins>)\n                {\n                    fastCollection.Add(i);\n                }\n\n                var allInts = (from x in fastCollection\n                               where x == 42\n                               select x).FirstOrDefault();\n\n                Assert.AreEqual(42, allInts);\n            }\n```"
        },
        {
            "created_at": "2013-08-26T22:33:19Z",
            "body": "Comment created by @geertvanhorrik:\n\nI cannot reproduce this issue. Please let me know if the unit test is not what you wanted to achieve."
        },
        {
            "created_at": "2013-08-27T00:29:57Z",
            "body": "Comment created by floydinspace:\n\nSuper, I made a simple mistake and made a hasty presumption (forgot a using)\nAs usual, great support, thanks a lot.\n\n\/\/Stefan"
        },
        {
            "created_at": "2013-08-26T22:33:19Z",
            "body": "Issue was closed with resolution \"Cannot Reproduce\""
        }
    ]
}