{
    "issue": {
        "title": "CTL-372: IModelEditor interface which allows public SetValue \/ GetValue",
        "body": "Jira issue originally created by user @geertvanhorrik:\n\n```\r\npublic interface IModelEditor\r\n{\r\n    object GetValue(string propertyName);\r\n    void GetValue(string propertyName, object value);\r\n}\r\n```",
        "created_at": "2014-02-28T15:12:50Z",
        "closed": true,
        "labels": [
            "Task"
        ],
        "milestone": 12,
        "assignee": "geertvanhorrik"
    },
    "comments": [
        {
            "created_at": "2014-02-28T15:29:18Z",
            "body": "Comment created by @geertvanhorrik:\n\nFixed."
        },
        {
            "created_at": "2014-02-28T15:29:18Z",
            "body": "Issue was closed with resolution \"Fixed\""
        }
    ]
}