{
    "issue": {
        "title": "CTL-426: DataWindow should automatically use application icon if no icon specified",
        "body": "Jira issue originally created by user @geertvanhorrik:\n\nPut it as extension method:\r\n\r\nthis.ApplyIconFromApplication();\r\n\r\nThe DataWindow should automatically apply this method.",
        "created_at": "2014-04-28T15:16:01Z",
        "closed": true,
        "labels": [
            "Improvement"
        ],
        "milestone": 12,
        "assignee": "geertvanhorrik"
    },
    "comments": [
        {
            "created_at": "2014-04-28T16:08:42Z",
            "body": "Comment created by @geertvanhorrik:\n\nDone!"
        },
        {
            "created_at": "2014-04-28T16:08:42Z",
            "body": "Issue was closed with resolution \"Fixed\""
        }
    ]
}