{
    "issue": {
        "title": "CTL-106: System.ArgumentException: The type x does not contain a public property named x",
        "body": "Jira issue originally created by user IvanKupriyanov:\n\nAfter update getting this handled exception quity a lot, with model properties, defined as private members. Is it ok? Little worried about performance.\r\n\r\n```\r\nA first chance exception of type 'System.ArgumentException' occurred in System.ComponentModel.DataAnnotations.dll\r\n\r\nAdditional information: \u0412 \u0442\u0438\u043f\u0435 \"ScreenNavigationService\" \u043d\u0435 \u0441\u043e\u0434\u0435\u0440\u0436\u0438\u0442\u0441\u044f \u043e\u0431\u0449\u0435\u0435 \u0441\u0432\u043e\u0439\u0441\u0442\u0432\u043e \u0441 \u0438\u043c\u0435\u043d\u0435\u043c \"History\".\r\n```\r\n\r\n```\r\n   \u0432 System.ComponentModel.DataAnnotations.ValidationAttributeStore.TypeStoreItem.GetPropertyStoreItem(String propertyName)\r\n   \u0432 System.ComponentModel.DataAnnotations.ValidationAttributeStore.GetPropertyType(ValidationContext validationContext)\r\n   \u0432 System.ComponentModel.DataAnnotations.Validator.ValidateProperty(Object value, ValidationContext validationContext)\r\n   \u0432 Catel.Data.ModelBase.ValidatePropertyUsingAnnotations(String propertyName, Object value) \u0432 c:\\Source\\Catel\\src\\Catel.Core\\Catel.Core.NET40\\Data\\ModelBase.validation.cs:\u0441\u0442\u0440\u043e\u043a\u0430 484\r\n```",
        "created_at": "2013-07-01T12:20:08Z",
        "closed": true,
        "labels": [
            "Task"
        ],
        "milestone": 16,
        "assignee": "geertvanhorrik"
    },
    "comments": [
        {
            "created_at": "2013-07-01T21:32:01Z",
            "body": "Comment created by @geertvanhorrik:\n\nThey should only occur once and be noted as \"unable to validate\" in the next validation sequence. Do you actually see a performance hit?"
        },
        {
            "created_at": "2013-07-02T11:31:14Z",
            "body": "Comment created by IvanKupriyanov:\n\nYes, i see this only happend once, then even after vm recreation i have no warning. And i dont see any perfomance hit atm. Thanks for clarification."
        },
        {
            "created_at": "2013-07-03T17:23:48Z",
            "body": "Issue was closed with resolution \"Fixed\""
        }
    ]
}