{
    "issue": {
        "title": "CTL-236: Add Catel.ReSharper to the build server",
        "body": "Jira issue originally created by user @geertvanhorrik:\n\nCreate FinalBuilder projects to run the projects. Then we can easily deploy new versions in the future.",
        "created_at": "2013-11-14T22:18:57Z",
        "closed": true,
        "labels": [
            "Task"
        ],
        "milestone": 9,
        "assignee": "geertvanhorrik"
    },
    "comments": [
        {
            "created_at": "2013-11-28T22:36:08Z",
            "body": "Comment created by @geertvanhorrik:\n\nCreate setup package script is ready. Next is the Create nuget packages script."
        },
        {
            "created_at": "2013-11-28T22:47:23Z",
            "body": "Comment created by @geertvanhorrik:\n\nCreated NuGet packages script. Now have to integrate it into Continua CI."
        },
        {
            "created_at": "2013-11-29T11:57:59Z",
            "body": "Comment created by @geertvanhorrik:\n\nAdding support for Continua CI in GitFlowVersion (see https:\/\/github.com\/Particular\/GitFlowVersion) so we can use that for Catel.ReSharper."
        },
        {
            "created_at": "2015-06-02T09:06:31Z",
            "body": "Comment created by @geertvanhorrik:\n\nDone."
        },
        {
            "created_at": "2015-06-02T09:06:31Z",
            "body": "Issue was closed with resolution \"Fixed\""
        }
    ]
}