{
    "issue": {
        "title": "CTL-120: BackgroundTaskService",
        "body": "Jira issue originally created by user @geertvanhorrik:\n\nCreate a background task service to run tasks in the background to keep the UI responsive.",
        "created_at": "2013-07-12T13:54:11Z",
        "closed": true,
        "labels": [
            "Task"
        ],
        "assignee": "geertvanhorrik"
    },
    "comments": [
        {
            "created_at": "2013-11-14T22:22:45Z",
            "body": "Comment created by @geertvanhorrik:\n\nMoved to 3.9"
        },
        {
            "created_at": "2015-03-27T11:53:48Z",
            "body": "Comment created by @geertvanhorrik:\n\nA scheduler service \/ background task service can be implemented when needed by the end-user."
        },
        {
            "created_at": "2015-03-27T11:53:48Z",
            "body": "Issue was closed with resolution \"Won't Fix\""
        }
    ]
}