{
    "issue": {
        "title": "CTL-11: IFileSupport extensions",
        "body": "Jira issue originally created by user @geertvanhorrik:\n\nPlease add more properties like AddExtension, DefaultExt, FilterIndex...",
        "created_at": "2013-03-03T16:19:39Z",
        "closed": true,
        "labels": [
            "Task"
        ],
        "milestone": 16,
        "assignee": "geertvanhorrik"
    },
    "comments": [
        {
            "created_at": "2013-07-13T15:01:57Z",
            "body": "Comment created by @geertvanhorrik:\n\n@Facos, is this still relevant?"
        },
        {
            "created_at": "2013-07-30T19:32:08Z",
            "body": "Comment created by @geertvanhorrik:\n\nDone."
        },
        {
            "created_at": "2013-07-30T19:32:08Z",
            "body": "Issue was closed with resolution \"Fixed\""
        }
    ]
}