{
    "issue": {
        "title": "CTL-37: InterestedIn and OnViewModelPropertyChanged not firing when property is being updated from UI",
        "body": "Jira issue originally created by user castaingregis:\n\nI try to take advantage of the InterrestedIn attribute in order to check the change on 2 properties from an other viewmodel. \r\nBoth viewmodel are kept alive in a list of viewmodel used as source of items to a tab controller. \r\n\r\nThe OnViewModelPropertyChanged is firing when the viewmodel is created and the property are being assigned but it's not firing if the properties are modified via the UI. \r\n\r\nI also have a save button on the page. When I clicked it the properties are already assigned the typed values so it seems the UI is updating the viewmodel properties as expected.\r\n\r\nIs it normal? Am I missing something in the way the feature is supposed to work? ",
        "created_at": "2013-04-01T16:18:24Z",
        "closed": true,
        "labels": [
            "Bug"
        ],
        "milestone": 17,
        "assignee": "geertvanhorrik"
    },
    "comments": [
        {
            "created_at": "2013-04-07T15:20:24Z",
            "body": "Comment created by @geertvanhorrik:\n\nCurrently looking into this."
        },
        {
            "created_at": "2013-04-07T15:36:14Z",
            "body": "Comment created by @geertvanhorrik:\n\nProperty change is propagated to the ManagedViewModel which takes care of the actual subscriptions. The _interestedViewModels count is 0 though. Finding out why."
        },
        {
            "created_at": "2013-04-07T15:39:59Z",
            "body": "Comment created by @geertvanhorrik:\n\nIssue found. You can set this code in the constructor of your tab views:\n\nCloseViewModelOnUnloaded = false;\n\nThe reason for this is that views inside the tab control are unloaded."
        },
        {
            "created_at": "2013-04-07T15:41:08Z",
            "body": "Comment created by @geertvanhorrik:\n\nI have linked the wiki page with documentation about the feature. Keep in mind that when you use this feature, you are responsible for closing the view model yourself (when the window closes)."
        },
        {
            "created_at": "2013-04-07T15:41:28Z",
            "body": "Issue was closed with resolution \"Fixed\""
        }
    ]
}