{
    "issue": {
        "title": "CTL-482: LanguagService not searching for Parent",
        "body": "Jira issue originally created by user jens_weller:\n\nHi.\r\n\r\nYou can define cultures in the application. With or without country tag. For Example \r\nen\r\nen-us\r\nen-gb\r\n\r\nMy Resourcefiles are without country tag, because most times its not necessary to differ between country in translation.\r\n\r\nIf you now set the PrferedCulture in languagService to en-us languaService do not look into the resource en.\r\n\r\nSolution:\r\nUse cultureInfo.Parent if the culture with country Tag is not found.",
        "created_at": "2014-07-09T12:16:20Z",
        "closed": true,
        "labels": [
            "Bug"
        ],
        "milestone": 12,
        "assignee": "geertvanhorrik"
    },
    "comments": [
        {
            "created_at": "2014-07-09T13:07:51Z",
            "body": "Comment created by jens_weller:\n\nSorry not correct. I get the correct Ressource. My fault. You can close the issue."
        },
        {
            "created_at": "2014-07-09T13:08:49Z",
            "body": "Comment created by @geertvanhorrik:\n\nNot a real issue, closed by request."
        },
        {
            "created_at": "2014-07-09T13:08:49Z",
            "body": "Issue was closed with resolution \"Cannot Reproduce\""
        }
    ]
}