{
    "issue": {
        "title": "CTL-222: Validation methode ValidateFields & ValidateBusinessRules will not called",
        "body": "Jira issue originally created by user Siddy74:\n\nI bind the property in my view with: Text=\"{Binding UserName, ValidatesOnDataErrors = True, NotifyOnValidationError=True}\"\r\n\r\nIn my ViewModel i override ValidateFields & ValidateBusinessRules but this methodes will never called. Is this a bug or what is the problem?",
        "created_at": "2013-11-06T08:55:11Z",
        "closed": true,
        "labels": [
            "Bug"
        ],
        "milestone": 15,
        "assignee": "geertvanhorrik"
    },
    "comments": [
        {
            "created_at": "2013-11-06T08:57:48Z",
            "body": "Comment created by @geertvanhorrik:\n\nIt is called as soon as a property is modified. Did you enable one of the deferring validation options (see https:\/\/catelproject.atlassian.net\/wiki\/display\/CTL\/Deferring+validation)?"
        },
        {
            "created_at": "2013-11-06T09:26:00Z",
            "body": "Comment created by Siddy74:\n\ni have set the:\r\n\r\nSuspendValidation = true;\r\nValidate(true);\r\n\r\nin my ViewModel constructor but the \"ValidateFields\" will not called. I have a breakpoint in this ... "
        },
        {
            "created_at": "2013-11-06T09:48:42Z",
            "body": "Comment created by @geertvanhorrik:\n\nPlease attach a repro to this issue. I have not heard other users about this, nor have we changed anything in it as far as I can recall."
        },
        {
            "created_at": "2013-11-06T10:25:59Z",
            "body": "Comment created by Siddy74:\n\nI have attached a sample projekt with the validation \"problem\""
        },
        {
            "created_at": "2013-11-06T10:54:42Z",
            "body": "Comment created by @geertvanhorrik:\n\nSuspendValidation means really suspend it. You will have to re-enable it before calling Validate. The force is to validate even when no properties have changed since the last validation loop.\r\n\r\nSimple set SuspendValidation to false again and all works like it should."
        },
        {
            "created_at": "2013-11-06T12:49:16Z",
            "body": "Comment created by Siddy74:\n\nok, in the TestApp it works but in my real prism application is the same problem. I set the property SuspendValidation to false but it have no effekt. The validate methode will not calling.  I dont know where is the problem in my prsim module ... do you have a application enviroment to test it in a prism application module?"
        },
        {
            "created_at": "2013-11-06T17:15:51Z",
            "body": "Comment created by @geertvanhorrik:\n\nWe have several examples with prism in the example repository. If you upload a repro, we will try to fix it. We cannot spent our limited time to reproduce an issue which only occurs at a client. We provide professional support for that (see http:\/\/www.catelproject.com\/support\/).\r\n\r\nSo, please provide a repro (with or without prism) or choose professional support."
        },
        {
            "created_at": "2013-11-11T18:34:06Z",
            "body": "Issue was closed with resolution \"Fixed\""
        }
    ]
}