{
    "issue": {
        "title": "CTL-17: Create a getting started section in the docs",
        "body": "Jira issue originally created by user @geertvanhorrik:\n\nCreate a real getting started guide.",
        "created_at": "2013-03-08T17:26:17Z",
        "closed": true,
        "labels": [
            "Task"
        ],
        "milestone": 12,
        "assignee": "geertvanhorrik"
    },
    "comments": [
        {
            "created_at": "2013-07-13T14:58:37Z",
            "body": "Comment created by @geertvanhorrik:\n\nMoved to 3.8"
        },
        {
            "created_at": "2013-10-21T18:41:09Z",
            "body": "Comment created by @geertvanhorrik:\n\nNot 3.8 release specific."
        },
        {
            "created_at": "2013-11-08T18:19:28Z",
            "body": "Comment created by @geertvanhorrik:\n\nWorking on the Getting started guide for WPF. 50% of the guide is now done."
        },
        {
            "created_at": "2013-11-09T01:41:17Z",
            "body": "Comment created by @geertvanhorrik:\n\nDone!"
        },
        {
            "created_at": "2013-11-09T01:41:17Z",
            "body": "Issue was closed with resolution \"Fixed\""
        }
    ]
}