{
    "issue": {
        "title": "CTL-228: Possible deadlock in CatelDependencyResolver",
        "body": "Jira issue originally created by user @geertvanhorrik:\n\nIt might be possible there can be deadlock situations when multiple threads register \/ resolve types at the same time.",
        "created_at": "2013-11-09T15:14:06Z",
        "closed": true,
        "labels": [
            "Bug"
        ],
        "milestone": 15,
        "assignee": "geertvanhorrik"
    },
    "comments": [
        {
            "created_at": "2013-11-09T18:31:40Z",
            "body": "Comment created by @geertvanhorrik:\n\nDone."
        },
        {
            "created_at": "2013-11-09T18:31:40Z",
            "body": "Issue was closed with resolution \"Fixed\""
        }
    ]
}