{
    "issue": {
        "title": "CTL-36: Support batches in memento service",
        "body": "Jira issue originally created by user @geertvanhorrik:\n\nSupport batches to have several actions combined to 1 action.\r\n\r\nPreferably use the using to create the batches.",
        "created_at": "2013-03-31T13:00:33Z",
        "closed": true,
        "labels": [
            "Improvement"
        ],
        "milestone": 17,
        "assignee": "geertvanhorrik"
    },
    "comments": [
        {
            "created_at": "2013-04-12T15:28:04Z",
            "body": "Comment created by @geertvanhorrik:\n\nCleaning up the interface first."
        },
        {
            "created_at": "2013-04-12T17:44:43Z",
            "body": "Comment created by @geertvanhorrik:\n\nCode all cleaned up, now it's time to add a MememtoBatch class. When there is no current _batch in the memento service, an operation will be wrapped into a batch."
        },
        {
            "created_at": "2013-04-13T11:15:25Z",
            "body": "Comment created by @geertvanhorrik:\n\nLogic is written. Now up to the unit tests."
        },
        {
            "created_at": "2013-04-13T12:03:39Z",
            "body": "Comment created by @geertvanhorrik:\n\nUnit tests written. Only docs to go."
        },
        {
            "created_at": "2013-04-13T12:10:04Z",
            "body": "Comment created by @geertvanhorrik:\n\nAll done."
        },
        {
            "created_at": "2013-04-13T12:10:04Z",
            "body": "Issue was closed with resolution \"Fixed\""
        }
    ]
}