{
    "issue": {
        "title": "CTL-16: Move all documentation to confluence",
        "body": "Jira issue originally created by user @geertvanhorrik:\n\nAll docs must be converted.",
        "created_at": "2013-03-08T17:25:50Z",
        "closed": true,
        "labels": [
            "Task"
        ],
        "milestone": 17,
        "assignee": "geertvanhorrik"
    },
    "comments": [
        {
            "created_at": "2013-03-26T20:16:54Z",
            "body": "Comment created by @geertvanhorrik:\n\nDone."
        },
        {
            "created_at": "2013-03-26T20:16:54Z",
            "body": "Issue was closed with resolution \"Fixed\""
        }
    ]
}