{
    "issue": {
        "title": "CTL-190: TypeCache throws exception when same non-existing late-bound type is queried twice",
        "body": "Jira issue originally created by user @geertvanhorrik:\n\n```\r\n[TestMethod]\r\npublic void ReturnsTypeForGenericTypeMultipleTimes()\r\n{\r\n    var type = TypeCache.GetType(\"System.Collections.Generic.List`1[[System.Int32]]\");\r\n\r\n    Assert.AreEqual(typeof(List<int>), type);\r\n\r\n    var type2 = TypeCache.GetType(\"System.Collections.Generic.List`1[[System.Int32]]\");\r\n\r\n    Assert.AreEqual(typeof(List<int>), type2);\r\n}\r\n```",
        "created_at": "2013-10-10T18:27:44Z",
        "closed": true,
        "labels": [
            "Bug"
        ],
        "milestone": 16,
        "assignee": "geertvanhorrik"
    },
    "comments": [
        {
            "created_at": "2013-10-10T19:08:10Z",
            "body": "Comment created by @geertvanhorrik:\n\nFixed."
        },
        {
            "created_at": "2013-10-10T19:08:10Z",
            "body": "Issue was closed with resolution \"Fixed\""
        }
    ]
}