{
    "issue": {
        "title": "CTL-175: Allow customization and replacements of IoC components",
        "body": "Jira issue originally created by user @geertvanhorrik:\n\nIt is required to customize the service locator.",
        "created_at": "2013-09-14T15:28:16Z",
        "closed": true,
        "labels": [
            "Task"
        ],
        "milestone": 16,
        "assignee": "geertvanhorrik"
    },
    "comments": [
        {
            "created_at": "2013-09-14T15:28:45Z",
            "body": "Comment created by @geertvanhorrik:\n\nWritten documentation: https:\/\/catelproject.atlassian.net\/wiki\/pages\/viewpage.action?pageId=622682"
        },
        {
            "created_at": "2013-09-14T15:49:39Z",
            "body": "Comment created by @geertvanhorrik:\n\nImplemented."
        },
        {
            "created_at": "2013-09-14T15:49:39Z",
            "body": "Issue was closed with resolution \"Fixed\""
        }
    ]
}