{
    "issue": {
        "title": "CTL-275: StartUpInfoProvider.Arguments is always empty",
        "body": "Jira issue originally created by user DanielKuehner:\n\nRunning with or without VS debugger above is always empty.\r\n\r\nMaybe replace ```Process.GetCurrentProcess().StartInfo.Arguments``` with ```System.Environment.GetCommandLineArgs()``` and skip first value or we have to inject the `StartupEventArgs` from `Application.OnStartup` into the StartUpInfoProvider.",
        "created_at": "2013-12-14T18:38:35Z",
        "closed": true,
        "labels": [
            "Bug"
        ],
        "milestone": 13
    },
    "comments": [
        {
            "created_at": "2013-12-14T20:09:48Z",
            "body": "Comment created by @geertvanhorrik:\n\nThanks for reporting this issue. We will look into this asap."
        },
        {
            "created_at": "2013-12-24T15:08:11Z",
            "body": "Comment created by @alexfdezsauco:\n\nCopied arguments from System.Environment.GetCommandLineArgs()"
        },
        {
            "created_at": "2013-12-24T15:10:16Z",
            "body": "Comment created by @geertvanhorrik:\n\nPlease add this to history.txt as well."
        },
        {
            "created_at": "2013-12-24T15:40:56Z",
            "body": "Comment created by @alexfdezsauco:\n\nDone\r\n\r\nOn 12\/24\/13, Geert van Horrik [Administrator] (JIRA)\r\n"
        },
        {
            "created_at": "2013-12-24T15:08:11Z",
            "body": "Issue was closed with resolution \"Fixed\""
        }
    ]
}