{
    "issue": {
        "title": "CTL-212: PropertyDataManager throws first chance exceptions for generic types",
        "body": "Jira issue originally created by user @geertvanhorrik:\n\nThis class:\r\n\r\n```\r\n   public abstract class ModelObservableCollectionBase<T> : ModelBase, IObservableCollection<T>, IList\r\n        where T : class\r\n    {\r\n        \/\/\/ <summary>\r\n        \/\/\/     The items property.\r\n        \/\/\/ <\/summary>\r\n        \/\/ ReSharper disable StaticFieldInGenericType\r\n        public static readonly PropertyData ItemsProperty = RegisterProperty\r\n            <ModelObservableCollectionBase<T>, FastObservableCollection<T>>(\r\n                \/\/ ReSharper restore StaticFieldInGenericType\r\n                o => o.Items, () => new FastObservableCollection<T>());\r\n             \u2026\u2026.\r\n            }\r\n   \r\n  public static void Warmup()\r\n        {\r\n            var typesToInitialize =\r\n                (from t in TypeCache.GetTypes() where typeof(ModelBase).IsAssignableFrom(t) select t).ToList();\r\n \r\n            SerializationFactory.GetBinarySerializer().Warmup(typesToInitialize);    <\uf0df--------- it happens here two times (InvalidOperationException)\r\n            SerializationFactory.GetXmlSerializer().Warmup(typesToInitialize);       <\uf0df--------- it also happens here two times (InvalidOperationException)\r\n        }\r\n```\r\n\r\n\r\nThrows the following exception:\r\n\r\nSystem.InvalidOperationException occurred\r\n  HResult=-2146233079\r\n  Message=Late bound operations cannot be performed on types or methods for which ContainsGenericParameters is true.\r\n  Source=mscorlib\r\n  StackTrace:\r\n       at System.Reflection.RtFieldInfo.InternalGetValue(Object obj, StackCrawlMark& stackMark)\r\n  InnerException:\r\n",
        "created_at": "2013-10-25T15:58:46Z",
        "closed": true,
        "labels": [
            "Bug"
        ],
        "milestone": 15,
        "assignee": "geertvanhorrik"
    },
    "comments": [
        {
            "created_at": "2013-10-25T16:16:55Z",
            "body": "Comment created by @geertvanhorrik:\n\nFixed."
        },
        {
            "created_at": "2013-10-25T16:16:55Z",
            "body": "Issue was closed with resolution \"Fixed\""
        }
    ]
}