{
    "issue": {
        "title": "CTL-45: Convention-Based IoC Registration",
        "body": "Jira issue originally created by user rajiv.mounguengue:\n\nGive a way to register in the ServiceLocator using naming convention.",
        "created_at": "2013-04-09T19:41:56Z",
        "closed": true,
        "labels": [
            "New Feature"
        ],
        "milestone": 13
    },
    "comments": [
        {
            "created_at": "2013-07-11T19:41:26Z",
            "body": "Comment created by @geertvanhorrik:\n\nReceived proof of concept, currently looking into it."
        },
        {
            "created_at": "2013-07-11T20:03:48Z",
            "body": "Comment created by @geertvanhorrik:\n\nIdeas are based on this project: http:\/\/thedersen.com\/projects\/unityconfiguration\/\n\nPlease contact owner whether he agrees that we base our work on his."
        },
        {
            "created_at": "2013-11-18T16:09:10Z",
            "body": "Comment created by rajiv.mounguengue:\n\nFirst draft added"
        },
        {
            "created_at": "2013-12-13T10:24:14Z",
            "body": "Comment created by @geertvanhorrik:\n\nCode reviewed, looks good. Please add unit tests and documentation."
        },
        {
            "created_at": "2013-12-13T10:29:31Z",
            "body": "Comment created by @geertvanhorrik:\n\nLinked documentation page."
        },
        {
            "created_at": "2013-12-26T19:42:51Z",
            "body": "Comment created by rajiv.mounguengue:\n\nUnit tests added, documentation left."
        },
        {
            "created_at": "2013-12-27T16:06:58Z",
            "body": "Comment created by rajiv.mounguengue:\n\nDocumentation added"
        },
        {
            "created_at": "2013-12-28T15:13:07Z",
            "body": "Comment created by @geertvanhorrik:\n\nReviewed documentation."
        },
        {
            "created_at": "2013-12-28T16:05:14Z",
            "body": "Comment created by @geertvanhorrik:\n\nMerged to develop."
        },
        {
            "created_at": "2013-12-28T16:05:14Z",
            "body": "Issue was closed with resolution \"Fixed\""
        }
    ]
}