{
    "issue": {
        "title": "CTL-447: TabControl LoadItems=\"AllOnStartup\" not working",
        "body": "Jira issue originally created by user jens_weller:\n\nLoadItems set to AllOnStartup don't in TabControl don't load the tabs (Viewmodel creation) at startup. Every tab is loaded when it will be show.\r\nLike the LoadItems is set to Single.",
        "created_at": "2014-05-28T07:19:25Z",
        "closed": true,
        "labels": [
            "Bug"
        ],
        "milestone": 12,
        "assignee": "geertvanhorrik"
    },
    "comments": [
        {
            "created_at": "2014-05-28T09:19:40Z",
            "body": "Comment created by @geertvanhorrik:\n\nDid you debug Catel to see where the issue might possibly be?"
        },
        {
            "created_at": "2014-05-28T09:25:57Z",
            "body": "Comment created by jens_weller:\n\nI'm on the way. I post my results."
        },
        {
            "created_at": "2014-05-28T10:13:55Z",
            "body": "Comment created by jens_weller:\n\nInformation:\r\n\r\nRecent I added a new discussion https:\/\/catel.codeplex.com\/discussions\/546763. I don't know if I should direct add a issue or start a discussion. \r\n\r\nNow I debugged in the tabcontrol. (Not so easy, code of other are always more difficult to understand then the own code) :-)\r\n\r\nBut it looks like that the problem in this issue and in the discussion have the same origin."
        },
        {
            "created_at": "2014-05-28T10:17:06Z",
            "body": "Comment created by @geertvanhorrik:\n\nThe viewmodel of the catel:usercontrol is build, closed and build again.\r\nIt's not clear why.\r\n\r\nCode in view:\r\n-> called twice. Not clear why? Before and after close of viewmodel\r\n\r\n```\r\nprotected override IViewModel GetViewModelInstance(object dataContext)\r\n{\r\n       if (dataContext is PlaceInstance)\r\n       {\r\n           var model = dataContext as PlaceInstance;\r\n           var manager = ServiceLocator.Default.ResolveType<IViewModelManager>();\r\n\r\n           var vm = manager.GetViewModelsOfModel(model).SingleOrDefault();\r\n\r\n            return vm;\r\n         }\r\n\r\n    return null;\r\n}\r\n```\r\n\r\nCode in viewmodel.\r\n-> called at startup\r\n\r\n```\r\nprotected override void Close()\r\n{\r\n        base.Close();\r\n\r\n        Debug.WriteLine(\"Close\");\r\n}\r\n```\r\n\r\nCallStack: (opened wit .Net Reflector)\r\n\r\n1: public UserControl(IViewModel viewModel)\r\n\r\n2: handler12 = (sender, e) => EventHandlerExtensions.SafeInvoke(this._viewDataContextChanged, this);\r\n\r\n3: public override void OnTargetViewDataContextChanged(object sender, EventArgs e)\r\n\r\n4: base.ViewModel = base.ConstructViewModelUsingArgumentOrDefaultConstructor(newDataContext);\r\n\r\n5: CloseAndDisposeViewModel"
        },
        {
            "created_at": "2014-05-28T10:18:20Z",
            "body": "Comment created by @geertvanhorrik:\n\nWhat is the initial DataContext and what is the DataContext on the DataContextChanged event?"
        },
        {
            "created_at": "2014-05-28T10:30:59Z",
            "body": "Comment created by jens_weller:\n\nThe initial Datacontext of Usercontrol is null. On the DataContextChanged the Datacontext is the model."
        },
        {
            "created_at": "2014-05-28T11:15:06Z",
            "body": "Comment created by @geertvanhorrik:\n\nThen it is normal that Catel requests the VM twice (you have a diff. context). Normally a view model either works with model injection (based on datacontext) or without. If you use with model injection, make sure that your VM only contains a constructor that accepts the model + any dependencies that need to be injected. Catel shouldn't construct the VM twice when it contains an empty constructor (but it will go into the method to check if there is a \"better\" version available with model injection)."
        },
        {
            "created_at": "2014-05-28T13:41:11Z",
            "body": "Comment created by jens_weller:\n\nYes I use model injection. And my viewmodel only contains a constructors that accepts the model + any dependencies. I have no empty constructor. I don't changed anything in my code only updated catel.\r\n\r\nI also debugged with the previous version of Catel. DataContext is also null in the Constructor of Usercontrol\r\n\r\npublic UserControl(IViewModel viewModel)\r\n\r\n-> viewmodel is also null.\r\n\r\nI also don't see where the datacontext is set.\r\n\r\n\r\n"
        },
        {
            "created_at": "2014-05-28T17:45:37Z",
            "body": "Comment created by @geertvanhorrik:\n\nDataContext is set by the outside world. In the new version, Catel also acknowledges the inherited DataContext (you no longer have to explicitly set the DataContext on the user control). But even if it comes in the IViewModelFactory, the factory won't be able to constructor it so what is really wrong with this?"
        },
        {
            "created_at": "2014-05-30T16:33:31Z",
            "body": "Comment created by @geertvanhorrik:\n\nAnother user:\r\n\r\n\"After upgrading a project to Catel 4.0 (prerelease 3.9.0.1405281634-beta) catel:TabControls are not behaving as they did previously.\r\nThe new unexpected behavior is: after loading, the content is at first displayed correctly . But changing the data context on the TabControl does not refect in the TabItems. The TabItems contain controls binding to properties of a viewmodel of the TabControl. The TabItems still stick to their old DataContext (checked with SnoopWpf).\r\nForcing the TabControl to unload and load again makes the expected content appear. Info: there is no binding on the TabItem itself only on the controls inside the TabItem. Is this maybe a wrong use from my side?\r\nI saw there were changes in the TabControl, maybe I just miss something. If so then it's not documented on the wiki page explaining how to port from catel 3.9 to 4.0. Maybe I just completely missed how to use TabItems at all and it previously worked by chance \""
        },
        {
            "created_at": "2014-06-02T09:16:06Z",
            "body": "Comment created by @geertvanhorrik:\n\nCan one of you please provide a repro?"
        },
        {
            "created_at": "2014-06-02T14:43:15Z",
            "body": "Comment created by jdehaan:\n\nShould display \"default\" on start and \"Loaded\" after pushing the Load button"
        },
        {
            "created_at": "2014-06-02T14:45:07Z",
            "body": "Comment created by jdehaan:\n\nThe example as \"working\" is provided for 3.9. After upgrading packages to 4.0 (beta) the example is broken.\r\nI provided it this way so you more easily can check & compare. Downgrading packages with Nuget is not feasible to my knowledge..."
        },
        {
            "created_at": "2014-06-02T15:17:45Z",
            "body": "Comment created by jens_weller:\n\nJust readed the newest messages. Ok Jaap added already an example. Is it helpfull to add also an example with my requirments -> \"The Load Behavior\" ?"
        },
        {
            "created_at": "2014-06-04T14:46:48Z",
            "body": "Comment created by @geertvanhorrik:\n\nI think I found the issue. It's in the parent. When using a templated parent, view.Parent returns null. When a UserControl has no parent, I no longer create a view model (disconnected from visual tree). I have now implemented a generic GetParent that fixes this for all views."
        },
        {
            "created_at": "2014-06-05T23:55:52Z",
            "body": "Comment created by jdehaan:\n\nGreat, this now works with my small tests. I wanted to check in the big app but now I find me fighting with new (for me :-) ) IViewModelLocator stuff. I've to sleep now. I hope I can confirm the fix tomorrow."
        },
        {
            "created_at": "2014-06-06T10:34:29Z",
            "body": "Comment created by @geertvanhorrik:\n\nI know there are a lot of breaking changes, but 4.0 is our chance. After that, no more breaking changes for at least a year (that is our goal)."
        },
        {
            "created_at": "2014-06-06T11:03:00Z",
            "body": "Comment created by jdehaan:\n\nOk sounds good. Every change I needed to make regarding Catel upgrades turned into an improvement so I'm quite happy with that.\r\n\r\nI'm quite busy these days sorry for bad response time. I'm not quite sure what happens now with latest Catel (3.9.0.1406041618-beta). I suspect some issue in location of view models. Even for the classes that follow the Catel standard naming, and look-up scheme, some view models cannot be located (happens at application start-up on creation of the Main Window) Because of that currently I still could not verify this fix fully... I don't know if it's a maybe a new issue... I'm not 100% convinced yet no I do not create a new ticket. At least I'm sure this breaks previously behavior from 3.9."
        },
        {
            "created_at": "2014-06-06T11:33:15Z",
            "body": "Comment created by @geertvanhorrik:\n\nI have simplified some inner workings, but that shouldn't break view model location (haven't touched that)."
        },
        {
            "created_at": "2014-06-11T13:57:24Z",
            "body": "Comment created by @geertvanhorrik:\n\nCan this issue be closed?"
        },
        {
            "created_at": "2014-06-11T22:54:29Z",
            "body": "Comment created by jdehaan:\n\nI got at work one catastrophe after the other and did not have time to decently review it with the newest pre-release. I would from my side say anyway close it. On the reproducing example and smaller projects I got no problem anymore. On the big thing I need some porting effort. I will reopen with a repro if needed. \r\n\r\nWhat about you Jens, it's *your* ticket after all :-)?"
        },
        {
            "created_at": "2014-06-12T08:59:24Z",
            "body": "Comment created by jens_weller:\n\nSame up to you. I have a lots of other problems with catel 4.0.\r\nI try to comment out everything wich makes problems to have a little chance to start my application with catel 4.0\r\n\r\nBut the Tabcontrol is still not working like bevor. The tabitems are not loaded on startup. Only the first tab."
        },
        {
            "created_at": "2014-06-12T15:00:08Z",
            "body": "Comment created by jdehaan:\n\nI finally made it! In my case now the TabControl is working backwards compatible also in the big app (Version 3.9.0.1406111241-beta). And it's great, seems performance was greatly improved for 4.0 vs 3.9!!\r\nI now can consider switching soon.\r\n\r\n@Jens can you provide a small repro in your case?\r\n\r\nI would also make sure that similar constructs are not hidden somewhere in my code. I didn't test every single thing yet (huge app), but the main tabcontrols are working properly."
        },
        {
            "created_at": "2014-06-13T08:33:15Z",
            "body": "Comment created by jens_weller:\n\nIn Catel 3.9 all Viewmodels are constructed on startup for all tabs in tabcontrol. In catel 4.0 only the viewmodel of the selected tab is constructed.\r\nI think you can test this with every project you have with the tabcontrol."
        },
        {
            "created_at": "2014-06-16T12:04:34Z",
            "body": "Comment created by jdehaan:\n\nAh.. I think I begin to understand. I now have some bad behavior too at one place which is matching for my understanding what you say... I try to make a small repro but I'm currently submerged with work...\r\n\r\nIn my case I load a model in => views update correctly. I load another model => for a sub tabcontrol depending on the first one, the view is not updated correctly (it did for Catel 3.9)...\r\nFor my logic it doesn't matter if a viewmodel is created or not for the tabitems which are not visible yet. But it seems there are cases where the viewmodel is not refreshed on changes of datacontext... This needs a repro..."
        },
        {
            "created_at": "2014-06-17T16:03:12Z",
            "body": "Comment created by jens_weller:\n\n\"For my logic it doesn't matter if a viewmodel is created or not for the tabitems which are not visible yet.\"\r\n\r\nI does matter. If you change the visible tab first the viewmodel has to be created. If the viewmodel have some complex logic you have to wait until its constructed. You have to wait for every tab. In my case I have enough time if the application is started. So create AllOnStartup. And don't delete the viewmodel if the tab is closed.\r\n\r\nThe reason why I introduced this tabcontrol.  "
        },
        {
            "created_at": "2014-06-23T11:19:29Z",
            "body": "Comment created by @geertvanhorrik:\n\nCreated repro, please verify that it's correct and which behavior doesn't work as expected."
        },
        {
            "created_at": "2014-06-23T11:31:06Z",
            "body": "Comment created by @geertvanhorrik:\n\nIntroducing new names for the LoadTabItemsBehavior:\r\n\r\nLazyLoading => Load all tabs using lazy loading, but keeps the tabs in memory afterwards.\r\nLazyLoadingUnloadOthers => Load all tabs using lazy loading. As soon as a tab is loaded, all other loaded tabs will be unloaded.\r\nEagerLoading => Load all tabs as soon as the tab control is loaded.\r\nEagerLoadingOnFirstUse => Load all tabs when any of the tabs is used for the first time.\r\n"
        },
        {
            "created_at": "2014-06-23T12:28:23Z",
            "body": "Comment created by @geertvanhorrik:\n\n-Single- LazyLoading seems to be working again with some fixes."
        },
        {
            "created_at": "2014-06-23T12:43:24Z",
            "body": "Comment created by @geertvanhorrik:\n\nLazyLoadingUnloadOthers is nearly working. It somehow gets the wrong datacontext. Need to investigate."
        },
        {
            "created_at": "2014-06-23T13:23:17Z",
            "body": "Comment created by @geertvanhorrik:\n\nThe UserControlLogic seems to change view models when a target view is unloaded. Will apply a fix there and test if it doesn't have other unforeseen consequences."
        },
        {
            "created_at": "2014-06-23T13:37:00Z",
            "body": "Comment created by @geertvanhorrik:\n\nSeems to be a bug in the ViewLoadManager."
        },
        {
            "created_at": "2014-06-23T15:36:22Z",
            "body": "Comment created by @geertvanhorrik:\n\nOk, that was quite a complex refactoring, but I think I made it. SingleUnloadOthers now correctly unloads views and does not double create view models."
        },
        {
            "created_at": "2014-06-23T15:38:15Z",
            "body": "Comment created by @geertvanhorrik:\n\nBoth LazyLoading and LazyLoadingUnloadOthers are working correctly. Will continue testing because this is a major refactoring inside the inner workings of Catel where it fixes the Loaded \/ Unloaded state of all platforms to behave the same so we can \"easily\" develop against it in a single way."
        },
        {
            "created_at": "2014-06-23T16:43:56Z",
            "body": "Comment created by @geertvanhorrik:\n\nI also need to add this as example so people are aware of the different options in the TabControl."
        },
        {
            "created_at": "2014-06-24T16:22:03Z",
            "body": "Comment created by @geertvanhorrik:\n\nI needed to fix [CTL-473](https:\/\/catelproject.atlassian.net\/browse\/CTL-473) before working on this one."
        },
        {
            "created_at": "2014-06-24T17:43:10Z",
            "body": "Comment created by @geertvanhorrik:\n\nAdded updated example that shows that all is working now."
        },
        {
            "created_at": "2014-06-24T18:25:08Z",
            "body": "Comment created by @geertvanhorrik:\n\nNew version with fix is released. Let me know if it works."
        },
        {
            "created_at": "2014-06-25T09:56:33Z",
            "body": "Comment created by jens_weller:\n\nHi.\r\n\r\nEagerLoading and EagerLoadingOnFirstUse works in the same way.\r\n\r\nI set LoadTabItems to EagerLoading. But the tabs are loaded after I selected a tab."
        },
        {
            "created_at": "2014-06-25T09:56:56Z",
            "body": "Comment created by jens_weller:\n\nEagerLoading sample attached"
        },
        {
            "created_at": "2014-06-25T12:26:33Z",
            "body": "Comment created by @geertvanhorrik:\n\nI have now tested your example and it works with both eager loading (even though no tab selected, all are loaded) and eager loading on first use (the first time you select a tab everything gets loaded)."
        },
        {
            "created_at": "2014-06-25T12:47:07Z",
            "body": "Comment created by @geertvanhorrik:\n\nI think I have it all working now. Last tests..."
        },
        {
            "created_at": "2014-06-25T13:48:11Z",
            "body": "Comment created by @geertvanhorrik:\n\nAdding new situations to reproducable case (so we can easily test this in the future)."
        },
        {
            "created_at": "2014-06-25T14:06:39Z",
            "body": "Comment created by @geertvanhorrik:\n\nAlso adding code to prevent flickering when item is hidden before the next selected item is shown. "
        },
        {
            "created_at": "2014-06-25T14:20:21Z",
            "body": "Comment created by @geertvanhorrik:\n\nJust committed all the fixes and uploaded new repro (see attached file). It contains a demo with 8 examples which show all behaviors working."
        },
        {
            "created_at": "2014-06-25T14:44:40Z",
            "body": "Comment created by jens_weller:\n\nGreat.\r\nMy repro now works as expected.\r\n\r\nThen I added the newest catel to my real project. Don't starts any more :-(. The splash is shown a long time. The viewmodels are closed again. Look at other issue. After that I get a Exception: ContextSwitchDeadlock.\r\n\r\nCatel 4 is a big challenge."
        },
        {
            "created_at": "2014-06-25T14:46:12Z",
            "body": "Comment created by @geertvanhorrik:\n\nAre you sure that the new deadlock is part of the tabcontrol? Or is it something else?"
        },
        {
            "created_at": "2014-06-25T15:11:56Z",
            "body": "Comment created by jens_weller:\n\nI think its a other problem. I tried to use the old tabcontrol which I have introduced to catel. Same problem. Maybe the problem of the virtualization discussed in other issue. I think the tabcontrol is ok now.\r\n\r\nI do again tests and continue the discussion in the other issue about that."
        },
        {
            "created_at": "2014-06-25T16:51:19Z",
            "body": "Comment created by @geertvanhorrik:\n\nFixed. I never want to see this tabcontrol source code in my life again ;-)"
        },
        {
            "created_at": "2014-06-25T16:51:19Z",
            "body": "Issue was closed with resolution \"Fixed\""
        }
    ]
}