{
    "issue": {
        "title": "CTL-332: StackoverflowException after upgrade to Catel 3.9",
        "body": "Jira issue originally created by user SSchips:\n\nAfter upgrading from catel 3.8 to catel 3.9 I get a StackoverflowException when Setting a property decorated with the [Model] Attribute in my ViewModel. In the call stack there are many calls to \"Catel.Core.dll!Catel.Reflection.TypeHelper.IsBasicType(System.Type type)\" until the StackoverflowException is thrown.\r\n\r\nDo you have any ideas what has changed since catel 3.8 what is causing this error?\r\n\r\nThanks in advance!",
        "created_at": "2014-02-10T14:09:37Z",
        "closed": true,
        "labels": [
            "Bug"
        ],
        "milestone": 12,
        "assignee": "geertvanhorrik"
    },
    "comments": [
        {
            "created_at": "2014-02-10T20:55:36Z",
            "body": "Comment created by @geertvanhorrik:\n\nCan you provide information about the model? What types are being used inside the model?"
        },
        {
            "created_at": "2014-02-11T08:24:04Z",
            "body": "Comment created by SSchips:\n\nI have isolated the property in the Model that causes the exception. The property is of type FastObservableCollection<OtherModel>. In the constructor of the Model class I instantiate this propery to an empty FastObservableCollection<OtherModel>. If I comment out that line and the FastObservableCollection<OtherModel> is null, I can safely set the model Property in my ViewModel class."
        },
        {
            "created_at": "2014-02-11T10:28:53Z",
            "body": "Comment created by abaka:\n\nAfter upgrading to 3.9, i began to get stackoverflow exception as well, however my problem occurs while application starts.\r\nAfter SafeDirectoryModuleCatalog is created, i call initialize method and that is where i get my stackoverflow exception.\r\nI wonder if it is related to the issue Stefan mentioned."
        },
        {
            "created_at": "2014-02-11T11:12:39Z",
            "body": "Comment created by @geertvanhorrik:\n\nI will write unit tests for the FastObservableCollection."
        },
        {
            "created_at": "2014-02-11T11:13:05Z",
            "body": "Comment created by @geertvanhorrik:\n\n[~abaka], can you enable logging to see what happens? Or provide a callstack?"
        },
        {
            "created_at": "2014-02-11T11:37:14Z",
            "body": "Comment created by @geertvanhorrik:\n\nFound the bug, it happens with Nullable<> types."
        },
        {
            "created_at": "2014-02-11T11:40:38Z",
            "body": "Comment created by @geertvanhorrik:\n\nFixed."
        },
        {
            "created_at": "2014-02-12T14:57:44Z",
            "body": "Comment created by abaka:\n\nThanks Geert. \r\nHowever, i have still stackoverflow exception when application starts.\r\n\r\nIn Catel.Reflection.ReflectionExtensions namespace:\r\nGetTypesEx method take all assemblies all over again and again, then throws stackoverflow exception.\r\n\r\nvar moduleCatalog = new SafeDirectoryModuleCatalog() { ModulePath = @\".\\Modules\" };\r\nmoduleCatalog.Initialize();\r\n\r\nIt happens during Initialize method.\r\n\r\nI have a modular WPF application using Microsoft Prism modules."
        },
        {
            "created_at": "2014-02-12T15:20:43Z",
            "body": "Comment created by abaka:\n\nEdit : I changed SafeDirectoryModuleCatalog with DirectoryModuleCatalog.\r\nInitialization succeeds, but in Catel,MVVM.Task namespace : \r\nIn ActionTask class : Execute method throws stackoverflow exception.\r\n\r\nOutput :\r\n04:16:45:565 => [DEBUG] [Catel.IoC.TypeFactory] Creating instance of type 'Catel.Data.AttributeValidatorProvider'. No constructor found in the cache, so searching for the right one.\r\n04:16:45:566 => [DEBUG] [Catel.IoC.TypeFactory] Calling constructor.Invoke with the right parameters\r\n04:16:45:567 => [DEBUG] [Catel.IoC.TypeFactory] Initializing type 'AttributeValidatorProvider' after construction\r\n04:16:45:568 => [DEBUG] [Catel.IoC.TypeFactory] Injecting properties into type 'AttributeValidatorProvider' after construction\r\n04:16:45:569 => [DEBUG] [Catel.IoC.ServiceLocator] Registering type 'Catel.Data.IValidatorProvider' to instance of type 'Catel.Data.AttributeValidatorProvider'\r\n04:16:45:569 => [DEBUG] [Catel.IoC.TypeFactory] Cleared type constructor cache\r\n04:16:45:570 => [DEBUG] [Catel.IoC.ServiceLocator] Registered type 'Catel.Data.IValidatorProvider' to instance of type 'Catel.Data.AttributeValidatorProvider'\r\n04:16:45:731 => [DEBUG] [Catel.IoC.TypeFactory] Creating instance of type 'Catel.Tasks.BootstrapperTaskFactory'. No constructor found in the cache, so searching for the right one.\r\n04:16:45:732 => [DEBUG] [Catel.IoC.TypeFactory] Calling constructor.Invoke with the right parameters\r\n04:16:45:732 => [DEBUG] [Catel.IoC.TypeFactory] Initializing type 'BootstrapperTaskFactory' after construction\r\n04:16:45:732 => [DEBUG] [Catel.IoC.TypeFactory] Injecting properties into type 'BootstrapperTaskFactory' after construction\r\n04:16:45:733 => [DEBUG] [Catel.IoC.ServiceLocator] Registering type 'Catel.Tasks.IBootstrapperTaskFactory' to instance of type 'Catel.Tasks.BootstrapperTaskFactory'\r\n04:16:45:733 => [DEBUG] [Catel.IoC.TypeFactory] Cleared type constructor cache\r\n04:16:45:734 => [DEBUG] [Catel.IoC.ServiceLocator] Registered type 'Catel.Tasks.IBootstrapperTaskFactory' to instance of type 'Catel.Tasks.BootstrapperTaskFactory'\r\n04:16:45:754 => [DEBUG] [Catel.BootstrapperBase] [Low] Created logger\r\n04:16:45:755 => [DEBUG] [Catel.BootstrapperBase] [Low] Creating module catalog\r\n04:16:50:566 => [DEBUG] [Catel.BootstrapperBase] [Low] Created module catalog\r\n04:16:50:567 => [DEBUG] [Catel.BootstrapperBase] [Low] Configuring module catalog\r\n04:16:50:567 => [DEBUG] [Catel.BootstrapperBase] [Low] Configured module catalog\r\n04:16:50:568 => [DEBUG] [Catel.BootstrapperBase] [Low] Creating service locator container\r\n04:16:50:569 => [DEBUG] [Catel.BootstrapperBase] [Low] Created service locator container\r\n04:16:50:570 => [DEBUG] [Catel.BootstrapperBase] [Low] Configuring the service locator container"
        },
        {
            "created_at": "2014-02-12T21:47:45Z",
            "body": "Comment created by @geertvanhorrik:\n\nPlease create a new issue for this so things won't get intertwined."
        },
        {
            "created_at": "2014-02-14T09:02:19Z",
            "body": "Comment created by SSchips:\n\nThanks, Geert!\r\n\r\nI have updated my Project with the latest build and it works now.\r\n\r\nThanks again!\r\n"
        },
        {
            "created_at": "2014-02-11T11:40:38Z",
            "body": "Issue was closed with resolution \"Fixed\""
        }
    ]
}