{
    "issue": {
        "title": "CTL-406: Support Windows Phone 8.1",
        "body": "Jira issue originally created by user @geertvanhorrik:\n\nVisual Studio Update 2 RC is now out with Windows Phone 8.1 support. Need to add support in Catel.",
        "created_at": "2014-04-02T21:20:01Z",
        "closed": true,
        "labels": [
            "Task"
        ],
        "milestone": 12,
        "assignee": "geertvanhorrik"
    },
    "comments": [
        {
            "created_at": "2014-04-02T23:21:24Z",
            "body": "Comment created by @geertvanhorrik:\n\nCatel.Core for NETFX_CORE (Windows Phone Runtime) is done. Catel.Core for WP81 (Silverlight) is under construction. Expecting to release the first version tomorrow of Catel.Core and soon Catel.MVVM."
        },
        {
            "created_at": "2014-04-03T10:24:43Z",
            "body": "Comment created by @geertvanhorrik:\n\nCatel.Core is now supported."
        },
        {
            "created_at": "2014-04-05T13:43:10Z",
            "body": "Comment created by @geertvanhorrik:\n\nCatel.MVVM is now supported."
        },
        {
            "created_at": "2014-04-05T13:43:39Z",
            "body": "Comment created by @geertvanhorrik:\n\nWe need to wait for PCL to fix a bug so Catel.Fody.Attributes and other Fody plugins can be released with support for Windows Phone 8.1 (runtime)."
        },
        {
            "created_at": "2014-04-10T17:39:08Z",
            "body": "Comment created by @geertvanhorrik:\n\nDone."
        },
        {
            "created_at": "2014-04-10T17:39:08Z",
            "body": "Issue was closed with resolution \"Fixed\""
        }
    ]
}