{
    "issue": {
        "title": "CTL-400: Don't handle errors in CommandManager when designer is attached",
        "body": "Jira issue originally created by user @geertvanhorrik:\n\nA lot of commands are registered in the constructor of a view model. But then the command is probably not yet created.\r\n\r\nDon't throw exception when attached to a designer.",
        "created_at": "2014-03-31T19:29:03Z",
        "closed": true,
        "labels": [
            "Improvement"
        ],
        "milestone": 12,
        "assignee": "geertvanhorrik"
    },
    "comments": [
        {
            "created_at": "2014-04-06T20:58:24Z",
            "body": "Comment created by @geertvanhorrik:\n\nDone."
        },
        {
            "created_at": "2014-04-06T20:58:24Z",
            "body": "Issue was closed with resolution \"Fixed\""
        }
    ]
}