{
    "issue": {
        "title": "CTL-416: BindingHelper.cs contains  wrong condition",
        "body": "Jira issue originally created by user nvkokorin:\n\nthe BindingHelper class contains wrong condition statement in the IsSentinelObject method, dataContext chould be compared with {DisconnectedItem} instead of {DisconnectedObject}",
        "created_at": "2014-04-15T07:39:49Z",
        "closed": true,
        "labels": [
            "Improvement"
        ],
        "milestone": 12,
        "assignee": "geertvanhorrik"
    },
    "comments": [
        {
            "created_at": "2014-04-15T09:15:22Z",
            "body": "Comment created by @geertvanhorrik:\n\nDo you have any documentation about this? Why do you think this should be changed?\r\n"
        },
        {
            "created_at": "2014-04-15T09:33:15Z",
            "body": "Comment created by nvkokorin:\n\nI have a life example from my project where I get {DisconnectedItem} when visual object  unloaded. How I can attach printscreen image here?"
        },
        {
            "created_at": "2014-04-15T09:39:05Z",
            "body": "Comment created by @geertvanhorrik:\n\nI have added the DisconnectedItem, but will not remove the DisconnectedObject because I cannot oversee the consequences of that."
        },
        {
            "created_at": "2014-04-15T09:47:54Z",
            "body": "Comment created by @geertvanhorrik:\n\nDone."
        },
        {
            "created_at": "2014-04-15T09:47:53Z",
            "body": "Issue was closed with resolution \"Fixed\""
        }
    ]
}