{
    "issue": {
        "title": "CTL-334: ViewModelBase should respect SuspendValidation",
        "body": "Jira issue originally created by user @geertvanhorrik:\n\nViewModelBase must respect the SuspendValidation in the ValidateViewModel. Even if the view model contains errors, when SuspendValidation is enabled, it must be able to continue.",
        "created_at": "2014-02-11T15:22:58Z",
        "closed": true,
        "labels": [
            "Improvement"
        ],
        "milestone": 12,
        "assignee": "geertvanhorrik"
    },
    "comments": [
        {
            "created_at": "2014-02-11T15:24:24Z",
            "body": "Comment created by @geertvanhorrik:\n\nFixed."
        },
        {
            "created_at": "2014-02-11T15:24:24Z",
            "body": "Issue was closed with resolution \"Fixed\""
        }
    ]
}