{
    "issue": {
        "title": "CTL-297: Check if On[PropertyName]Changed method matches right signature",
        "body": "Jira issue originally created by user @geertvanhorrik:\n\nWrong signature gets compiled but causes runtime issues.\r\n\r\nSuch as:\r\n\r\nprivate void OnPropertyChanged(int element)\r\n\r\nThose methods should not be weaved.",
        "created_at": "2014-01-13T14:35:22Z",
        "closed": true,
        "labels": [
            "Improvement"
        ],
        "milestone": 13,
        "assignee": "geertvanhorrik"
    },
    "comments": [
        {
            "created_at": "2014-01-17T11:47:04Z",
            "body": "Comment created by @geertvanhorrik:\n\nWriting unit tests."
        },
        {
            "created_at": "2014-01-17T11:57:33Z",
            "body": "Comment created by @geertvanhorrik:\n\nDone!"
        },
        {
            "created_at": "2014-01-17T11:57:33Z",
            "body": "Issue was closed with resolution \"Fixed\""
        }
    ]
}