{
    "issue": {
        "title": "CTL-395: IValidationSummary property is null and this prevents command execution in case there are no errors",
        "body": "Jira issue originally created by user jens_weller:\n\nIValidationSummary Property is null. I have to add a temporary error with the tag to initilize the proptery.\r\n\r\nSee also discussion:\r\nhttps:\/\/catel.codeplex.com\/discussions\/472415",
        "created_at": "2014-03-21T10:24:51Z",
        "closed": true,
        "labels": [
            "Bug"
        ],
        "milestone": 12,
        "assignee": "geertvanhorrik"
    },
    "comments": [
        {
            "created_at": "2014-06-17T15:46:03Z",
            "body": "Comment created by jens_weller:\n\nIts possible to initialize the IValidationSummary Property in the constructor of ViewModel:\r\n\r\nPlacementErrorValidationSummary = this.GetValidationSummary(includeChildViewModels, tag);\r\nBut this should work automaticaly.\r\n\r\nDo you have any idea?"
        },
        {
            "created_at": "2014-06-17T16:23:37Z",
            "body": "Comment created by @geertvanhorrik:\n\nI don't think I understand your question \/ comment. Can you explain it?"
        },
        {
            "created_at": "2014-06-17T16:50:04Z",
            "body": "Comment created by jens_weller:\n\nDo you understand my isue at all?\r\n\r\nThe IValidationSummary Property is null at startup\r\nIn my repro: PlacementErrorValidationSummary\r\n\r\nThere are no errors at startup. But you can not execute a Command which is created with the IViewModelSummary.\r\nuntil any error or warnig is added one time.\r\n```\r\nActivateCommand = CommandHelper.CreateCommand(Activate, () => PlacementErrorValidationSummary));\r\n```\r\n\r\nNow you can add a initial error to solve this.\r\n\r\nOr you can initilaize the IValidationSummary Property in the constructor of the viewmodel\r\n\r\n```\r\nPlacementErrorValidationSummary = this.GetValidationSummary(includeChildViewModel, tag);\r\n```\r\n\r\nBut then you have redundant informations.\r\n\r\nThe includeChildViewModel and tag is already set on the property:\r\n\r\n```\r\n[ValidationToViewModel(Tag = \"PlacementError\", IncludeChildViewModels = true)]\r\npublic IValidationSummary PlacementErrorValidationSummary { get; set; }\r\n```\r\n\r\nSo all IValidationSummary properties should be initialized somewhere else.\r\n\r\nHope now its a little bit more clear."
        },
        {
            "created_at": "2014-06-17T18:36:14Z",
            "body": "Comment created by @geertvanhorrik:\n\nBut if there hasn't been a validation yet, I think it is better to allow the command to be executed. For example:\r\n\r\nhttps:\/\/github.com\/Catel\/Catel\/blob\/47e4fb3ae03f5f6beca885b7754cf23bccc879b3\/src\/Catel.MVVM\/Catel.MVVM.Shared\/MVVM\/Commands\/Helpers\/CommandHelper.cs#L39\r\n\r\nThe line could be changed in:\r\n\r\n```\r\nreturn (validationSummary == null) || !validationSummary.HasErrors);\r\n```\r\n\r\nOr do you think it will have more negative side effects?"
        },
        {
            "created_at": "2014-06-18T07:22:20Z",
            "body": "Comment created by jens_weller:\n\nIt has been a validation. There was only no errror.\r\n\r\nOk. Your solution will work in my case. \r\n\r\nWhat about getting the errorcounter?\r\nOk you have to check for is null before you getting the error counter\r\n\r\nHm...\r\nI think its a good solution.\r\n\r\n"
        },
        {
            "created_at": "2014-06-18T14:26:39Z",
            "body": "Comment created by @geertvanhorrik:\n\nThe reason I don't want to do it in startup is that I want to keep the performance optimal. If there are no errors, the validation summary == null means no errors. The less code that has to be executed in the startup, the better.\r\n\r\nI will apply the fix."
        },
        {
            "created_at": "2014-06-18T14:28:38Z",
            "body": "Comment created by @geertvanhorrik:\n\nDone."
        },
        {
            "created_at": "2014-06-18T15:14:17Z",
            "body": "Comment created by jens_weller:\n\nGreat. Thanks for resolve.\r\n\r\nLittle question to github. Why do I see this change not in the github application. Is this because I'm still on my fork."
        },
        {
            "created_at": "2014-06-18T15:49:39Z",
            "body": "Comment created by @geertvanhorrik:\n\nYes, that's the reason. See this guide for information on how to sync:\r\n\r\nhttps:\/\/help.github.com\/articles\/syncing-a-fork (don't forget to create the upstream master first!)"
        },
        {
            "created_at": "2014-06-18T14:28:38Z",
            "body": "Issue was closed with resolution \"Fixed\""
        }
    ]
}