{
    "issue": {
        "title": "CTL-341: Stackoverflow Exception while configuring Service Locator Container.",
        "body": "Jira issue originally created by user abaka:\n\nI get stackoverflow exception when application starts after upgrading CATEL version from 3.8 to 3.9.\r\n\r\nIn Catel,MVVM.Task namespace : \r\nIn ActionTask class : Execute method throws stackoverflow exception.\r\n\r\nI do not override ConfigureContainer method.\r\n\r\nOutput :\r\n04:16:45:565 => DEBUG Catel.IoC.TypeFactory Creating instance of type 'Catel.Data.AttributeValidatorProvider'. No constructor found in the cache, so searching for the right one.\r\n04:16:45:566 => DEBUG Catel.IoC.TypeFactory Calling constructor.Invoke with the right parameters\r\n04:16:45:567 => DEBUG Catel.IoC.TypeFactory Initializing type 'AttributeValidatorProvider' after construction\r\n04:16:45:568 => DEBUG Catel.IoC.TypeFactory Injecting properties into type 'AttributeValidatorProvider' after construction\r\n04:16:45:569 => DEBUG Catel.IoC.ServiceLocator Registering type 'Catel.Data.IValidatorProvider' to instance of type 'Catel.Data.AttributeValidatorProvider'\r\n04:16:45:569 => DEBUG Catel.IoC.TypeFactory Cleared type constructor cache\r\n04:16:45:570 => DEBUG Catel.IoC.ServiceLocator Registered type 'Catel.Data.IValidatorProvider' to instance of type 'Catel.Data.AttributeValidatorProvider'\r\n04:16:45:731 => DEBUG Catel.IoC.TypeFactory Creating instance of type 'Catel.Tasks.BootstrapperTaskFactory'. No constructor found in the cache, so searching for the right one.\r\n04:16:45:732 => DEBUG Catel.IoC.TypeFactory Calling constructor.Invoke with the right parameters\r\n04:16:45:732 => DEBUG Catel.IoC.TypeFactory Initializing type 'BootstrapperTaskFactory' after construction\r\n04:16:45:732 => DEBUG Catel.IoC.TypeFactory Injecting properties into type 'BootstrapperTaskFactory' after construction\r\n04:16:45:733 => DEBUG Catel.IoC.ServiceLocator Registering type 'Catel.Tasks.IBootstrapperTaskFactory' to instance of type 'Catel.Tasks.BootstrapperTaskFactory'\r\n04:16:45:733 => DEBUG Catel.IoC.TypeFactory Cleared type constructor cache\r\n04:16:45:734 => DEBUG Catel.IoC.ServiceLocator Registered type 'Catel.Tasks.IBootstrapperTaskFactory' to instance of type 'Catel.Tasks.BootstrapperTaskFactory'\r\n04:16:45:754 => DEBUG Catel.BootstrapperBase Low Created logger\r\n04:16:45:755 => DEBUG Catel.BootstrapperBase Low Creating module catalog\r\n04:16:50:566 => DEBUG Catel.BootstrapperBase Low Created module catalog\r\n04:16:50:567 => DEBUG Catel.BootstrapperBase Low Configuring module catalog\r\n04:16:50:567 => DEBUG Catel.BootstrapperBase Low Configured module catalog\r\n04:16:50:568 => DEBUG Catel.BootstrapperBase Low Creating service locator container\r\n04:16:50:569 => DEBUG Catel.BootstrapperBase Low Created service locator container\r\n04:16:50:570 => DEBUG Catel.BootstrapperBase Low Configuring the service locator container",
        "created_at": "2014-02-13T08:53:09Z",
        "closed": true,
        "labels": [
            "Bug"
        ],
        "milestone": 12,
        "assignee": "geertvanhorrik"
    },
    "comments": [
        {
            "created_at": "2014-02-13T08:59:31Z",
            "body": "Comment created by abaka:\n\nIn addition : I have a modular PRISM application and discover modules in a directory by using DirectoryModuleCatalog."
        },
        {
            "created_at": "2014-02-13T09:50:56Z",
            "body": "Comment created by abaka:\n\nOops. I commented out DependentAssemblies in app.config like \r\n<dependentAssembly>\r\n        <assemblyIdentity name=\"System.Windows.Interactivity\" publicKeyToken=\"31bf3856ad364e35\" culture=\"neutral\" \/>\r\n        <bindingRedirect oldVersion=\"0.0.0.0-4.5.0.0\" newVersion=\"4.5.0.0\" \/>\r\n<\/dependentAssembly>\r\n.\r\n.\r\n\r\nand my problem is resolved. I guess i had nothing to do with the upgrade. \r\nIt might be about Fody which i recently installed.\r\n\r\nThanks anyway."
        },
        {
            "created_at": "2014-02-13T13:48:38Z",
            "body": "Comment created by @geertvanhorrik:\n\nSo if I fully understand, the issue is solved now?"
        },
        {
            "created_at": "2014-02-13T14:23:04Z",
            "body": "Comment created by abaka:\n\nYes the issue is solved.\r\n\r\nI simply removed below lines from my app.config.\r\n<dependentAssembly>\r\n      <assemblyIdentity name=\"Microsoft.Practices.ServiceLocation\" publicKeyToken=\"31bf3856ad364e35\" culture=\"neutral\" \/>\r\n      <bindingRedirect oldVersion=\"0.0.0.0-1.2.0.0\" newVersion=\"1.2.0.0\" \/>\r\n<\/dependentAssembly>\r\n\r\nI don't know how it got there in the first place."
        },
        {
            "created_at": "2014-02-13T14:30:24Z",
            "body": "Comment created by @geertvanhorrik:\n\nUpdated prism? Anyway, glad it is all solved now."
        },
        {
            "created_at": "2014-02-13T14:30:30Z",
            "body": "Issue was closed with resolution \"Cannot Reproduce\""
        }
    ]
}