{
    "issue": {
        "title": "CTL-510: Cannot implement IServiceLocator",
        "body": "Jira issue originally created by user wasabi:\n\nError\t1\t'Catel.IoC.IExternalContainerHelper' is obsolete: 'External container support will be removed in 4.0, see https:\/\/catelproject.atlassian.net\/browse\/[CTL-273](https:\/\/catelproject.atlassian.net\/browse\/CTL-273) Will be removed in version 4.0.0.'\tC:\\Users\\wasabi\\Development\\ISIS.WorkForm\\ISIS.WorkForm.Windows\\Composition.cs\t150\t14\tISIS.WorkForm.Windows\r\n\r\n\r\n\r\nI cannot override IServiceLocator, because I cannot implement this method, because the ObsoleteAttribute is set to IsError.",
        "created_at": "2014-08-21T04:05:59Z",
        "closed": true,
        "labels": [
            "Bug"
        ],
        "milestone": 12,
        "assignee": "geertvanhorrik"
    },
    "comments": [
        {
            "created_at": "2014-08-21T11:36:05Z",
            "body": "Comment created by @geertvanhorrik:\n\nWe recommend using Catel as primary container because it has all the features you probably need (saves you another dependency). But if you really want to use a 3rd party in the upcoming 4.0 version, please check out this documentation:\r\n\r\nhttps:\/\/catelproject.atlassian.net\/wiki\/display\/CTL\/Replacing<ins>the<\/ins>default+components\r\n\r\nYou can have your container implement IServiceLocator and register it and all should work fine."
        },
        {
            "created_at": "2014-09-02T10:17:01Z",
            "body": "Comment created by @geertvanhorrik:\n\n[~wasabi] were you able to fix this?"
        },
        {
            "created_at": "2014-09-09T21:18:21Z",
            "body": "Comment created by wasabi:\n\nSorry. Never got back to you. Yes, I solved it. I had to reimplement a dozen or so interfaces, but I got it working. I prefer my own IoC. "
        },
        {
            "created_at": "2014-09-06T10:36:14Z",
            "body": "Issue was closed with resolution \"Cannot Reproduce\""
        }
    ]
}