{
    "issue": {
        "title": "CTL-192: Add To Inverted Property To ValueConverterBase",
        "body": "Jira issue originally created by user metasong:\n\nTo Reuse The Converters: when Inverted=true, VisibilityToBool become BoolToVisibility\r\nExample:\r\npublic class VisibilityToBoolConverter : IValueConverter\r\n  {\r\n    #region Inverted Property\r\n\r\n    public bool Inverted\r\n    {\r\n      get\r\n      {\r\n        return _inverted;\r\n      }\r\n      set\r\n      {\r\n        _inverted = value;\r\n      }\r\n    }\r\n\r\n    private bool _inverted; \/\/false\r\n\r\n    #endregion\r\n\r\n    #region Not Property\r\n\r\n    public bool Not\r\n    {\r\n      get\r\n      {\r\n        return _not;\r\n      }\r\n      set\r\n      {\r\n        _not = value;\r\n      }\r\n    }\r\n\r\n    private bool _not; \/\/false\r\n\r\n    #endregion\r\n\r\n    public object Convert( object value, Type targetType, object parameter, CultureInfo culture )\r\n    {\r\n      return this.Inverted ? this.BoolToVisibility( value ) : this.VisibilityToBool( value );\r\n    }\r\n\r\n    public object ConvertBack( object value, Type targetType, object parameter, CultureInfo culture )\r\n    {\r\n      return this.Inverted ? this.VisibilityToBool( value ) : this.BoolToVisibility( value );\r\n    }\r\n\r\n    private object VisibilityToBool( object value )\r\n    {\r\n      if( !( value is Visibility ) )\r\n        throw new InvalidOperationException( ErrorMessages.GetMessage( \"SuppliedValueWasNotVisibility\" ) );\r\n\r\n      return ( ( ( Visibility )value ) == Visibility.Visible ) <sup> Not;\r\n    }\r\n\r\n    private object BoolToVisibility( object value )\r\n    {\r\n      if( !( value is bool ) )\r\n        throw new InvalidOperationException( ErrorMessages.GetMessage( \"SuppliedValueWasNotBool\" ) );\r\n\r\n      return ( ( bool )value <\/sup> Not ) ? Visibility.Visible : Visibility.Collapsed;\r\n    }\r\n  }",
        "created_at": "2013-10-14T06:55:35Z",
        "closed": true,
        "labels": [
            "New Feature"
        ],
        "assignee": "geertvanhorrik"
    },
    "comments": [
        {
            "created_at": "2013-10-14T18:06:44Z",
            "body": "Comment created by @geertvanhorrik:\n\nThanks for this addition. We will add this."
        },
        {
            "created_at": "2013-10-14T18:09:22Z",
            "body": "Comment created by @geertvanhorrik:\n\nOn a second thought: what's wrong with the BooleanToVisibilityConverter that ships with Catel? It doesn't do the job for you?"
        },
        {
            "created_at": "2013-12-24T22:18:51Z",
            "body": "Comment created by @geertvanhorrik:\n\nCan you please let me know if the BooleanToVisibilityConverter fits your needs?"
        },
        {
            "created_at": "2014-01-05T14:56:16Z",
            "body": "Issue was closed with resolution \"Won't Fix\""
        }
    ]
}