{
    "issue": {
        "title": "CTL-432: ApiCop missing in Catel.Core assembly",
        "body": "Jira issue originally created by user jdehaan:\n\nWhat happened to ApiCop in the official NuGet packages?\r\n\r\nThe public classes are not present in the delivery (checked with ILDasm). If I build myself then the classes are there and the world is ok...\r\n\r\nIs this intented?",
        "created_at": "2014-05-02T10:04:01Z",
        "closed": true,
        "labels": [
            "Improvement"
        ],
        "milestone": 12,
        "assignee": "geertvanhorrik"
    },
    "comments": [
        {
            "created_at": "2014-05-02T10:06:20Z",
            "body": "Comment created by @geertvanhorrik:\n\nNo. What versions are you using? Official (3.9 is latest official) doesn't have that feature yet."
        },
        {
            "created_at": "2014-05-02T10:18:43Z",
            "body": "Comment created by jdehaan:\n\nOh my god, I'm so stupid I double checked the version. I got messed up on switching forth and back between latest pre-release and 3.9... Forget about this ticket, I was looking in 3.9... I'm switching from one to the other to try making 4.0 work on a bigger project (still fighting, but now probably due to some mistakes in using Catel that's why I came up to activating ApiCop) \r\n\r\nSorry for stealing your time."
        },
        {
            "created_at": "2014-05-02T10:20:01Z",
            "body": "Comment created by @geertvanhorrik:\n\nNo problem, ticket closed."
        },
        {
            "created_at": "2014-05-02T10:20:01Z",
            "body": "Issue was closed with resolution \"Cannot Reproduce\""
        }
    ]
}