{
    "issue": {
        "title": "CTL-174: model value isn't updated inside the AdvancedPropertyChangedEvent",
        "body": "Jira issue originally created by user lipchev:\n\nRegisterProperty(\"Count\", typeof (int), -1, (sender, args) => ((ProducedBottleViewModel)sender).CountChanged(args)); \r\n\r\ninside CountChanged: Count==newValue, but Model.Count == oldValue",
        "created_at": "2013-09-13T19:03:21Z",
        "closed": true,
        "labels": [
            "Bug"
        ],
        "milestone": 16,
        "assignee": "geertvanhorrik"
    },
    "comments": [
        {
            "created_at": "2013-09-13T19:13:42Z",
            "body": "Comment created by @geertvanhorrik:\n\nThe reason for this is that it is a VM property. The handler that you call is a VM changed handler. In fact, this is what happens:\n\n1) Change property on VM\n2) Registered changed handler of property is called => CountChanged\n3) The VM is also registered to change notifications, but **after** the change handlers registered with property data (which always come first). Since you have a ViewModelToModel mapping, now the VM will map the values back to the model\n4) The OnModelPropertyChanged will be called\n\nI hope this is clear."
        },
        {
            "created_at": "2013-09-13T19:18:15Z",
            "body": "Comment created by lipchev:\n\nYes, and back to my original question: is there a way to capture the change of Count other than switching inside OnModelPropertyChanged?"
        },
        {
            "created_at": "2013-09-13T20:10:08Z",
            "body": "Comment created by @geertvanhorrik:\n\nNo, if you want the model to be changed, the first possibility is the OnModelPropertyChanged. Another option is to subscribe to the INotifyPropertyChanged of the model itself, but that is the same and you might cause memory leaks if you don't unsubscribe properly."
        },
        {
            "created_at": "2013-09-14T10:28:08Z",
            "body": "Comment created by @geertvanhorrik:\n\nDone."
        },
        {
            "created_at": "2013-09-14T10:28:08Z",
            "body": "Issue was closed with resolution \"Fixed\""
        }
    ]
}