{
    "issue": {
        "title": "CTL-223: ReSharper plugin stop working at some cases",
        "body": "Jira issue originally created by user IvanKupriyanov:\n\nExpose model properties method works pretty bad. Sometimes it works, sometimes not.\r\n\r\nIn this case IUpdatableModel already derived from IModel, i add it to IComputer to show this is not a case. Also ViewModelBase is a subclass for Catel.MVVM.ViewModelBase.\r\n\r\n",
        "created_at": "2013-11-06T13:36:11Z",
        "closed": true,
        "labels": [
            "Bug"
        ],
        "milestone": 15,
        "assignee": "geertvanhorrik"
    },
    "comments": [
        {
            "created_at": "2013-11-06T14:39:07Z",
            "body": "Comment created by IvanKupriyanov:\n\nNow it works. Magic. I suspect there is problem with cache. Will try rebuild solution when will get this bug again."
        },
        {
            "created_at": "2013-11-06T17:13:46Z",
            "body": "Comment created by @geertvanhorrik:\n\nI will close this issue as cannot reproduce. If you feel it can be reproduced again, please let us know."
        },
        {
            "created_at": "2013-11-06T17:13:46Z",
            "body": "Issue was closed with resolution \"Cannot Reproduce\""
        }
    ]
}