{
    "issue": {
        "title": "CTL-414: Catel+PRISM unexpected IRegionManager behavior",
        "body": "Jira issue originally created by user nvkokorin:\n\nIRegionManager does not gets region names for some controls such as Fluent.Ribbon and Avalon.DockManager, also regular DockPanel and some other. \r\nFor simply reproduce this, you can use follow sample from http:\/\/avalondock.codeplex.com\/releases\/view\/92210 just need change Unity's references to Catel and inject the IRegionManager in the ctor of any module ...",
        "created_at": "2014-04-14T16:53:37Z",
        "closed": false,
        "labels": [
            "Bug"
        ],
        "milestone": 23,
        "assignee": "geertvanhorrik"
    },
    "comments": [
        {
            "created_at": "2015-05-05T13:04:34Z",
            "body": "Comment created by @geertvanhorrik:\n\nWe did quite some work on Prism lately. Is your issue fixed [~nvkokorin]?"
        },
        {
            "created_at": "2015-07-29T12:03:11Z",
            "body": "Comment created by @geertvanhorrik:\n\n[~nvkokorin], can you please check if the issue is solved?"
        }
    ]
}