{
    "issue": {
        "title": "CTL-1010: MessageMediator.Unregister has a bug when method names are the same",
        "body": "Jira issue originally created by user menno:\n\nToday, I ran into the following problem: when two classes have the same method name to handle the same message type, unregistering is not handled correctly. A repro is in the unit test below. If the message handler method names are not the same, the unit test passes. \r\n\r\nThe solution is to add a ReferenceEquals check to the Unregister method (see below)\r\n\r\n```\r\n    public class Message\r\n    {\r\n        public string Text { get; set; }\r\n    }\r\n\r\n    public class ReceiverA\r\n    {\r\n        public string Received { get; private set; }\r\n        public void OnMessageReceived(Message msg)\r\n        {\r\n            Received = msg.Text;\r\n        }\r\n    }\r\n\r\n    public class ReceiverB\r\n    {\r\n        public string Received { get; private set; }\r\n        public void OnMessageReceived(Message msg)\r\n        {\r\n            Received = msg.Text;\r\n        }\r\n    }\r\n\r\n    [TestFixture]\r\n    public class TestRegistrationOfMethodsWithSameName\r\n    {\r\n        [Test]\r\n        public void SendMessage()\r\n        {\r\n            ReceiverA a = new ReceiverA();\r\n            ReceiverB b = new ReceiverB();\r\n\r\n            IMessageMediator m = this.GetDependencyResolver().Resolve<IMessageMediator>();\r\n\r\n            m.Register<Message>(a, a.OnMessageReceived);\r\n            m.Register<Message>(b, b.OnMessageReceived);\r\n            m.Unregister<Message>(b, b.OnMessageReceived); \/\/ this actually unregisters a's handler, not b's handler.\r\n\r\n            m.SendMessage(new Message {Text = \"hello\"});\r\n            Assert.That(a.Received, Is.EqualTo(\"hello\"));\r\n        }\r\n    }\r\n\r\n    public bool Unregister<TMessage>(object recipient, Action<TMessage> handler, object tag = null)\r\n    {\r\n        Argument.IsNotNull(\"handler\", handler);\r\n\r\n        lock (_lockObject)\r\n        {\r\n            var messageType = typeof(TMessage);\r\n\r\n            if (_registeredHandlers.ContainsKey(messageType))\r\n            {\r\n                var messageHandlers = _registeredHandlers[messageType];\r\n                for (int i = 0; i < messageHandlers.Count; i<ins><\/ins>)\r\n                {\r\n                    var handlerInfo = messageHandlers[i];\r\n                    var weakAction = (IWeakAction<TMessage>)handlerInfo.Action;\r\n                    if (!ReferenceEquals(recipient, weakAction.Target)) continue;\r\n\r\n                    if (TagHelper.AreTagsEqual(tag, handlerInfo.Tag) && AreEqualHandlers(handler, weakAction))\r\n                    {\r\n                        messageHandlers.RemoveAt(i--);\r\n\r\n                        Log.Debug(\"Unregistered handler for message type '{0}' with tag '{1}'\", messageType.Name, ObjectToStringHelper.ToString(tag));\r\n\r\n                        return true;\r\n                    }\r\n                }\r\n            }\r\n\r\n            Log.Warning(\"Failed to unregister handler for message type '{0}' with tag '{1}' because handler was not registered\", messageType.Name, ObjectToStringHelper.ToString(tag));\r\n\r\n            return false;\r\n        }\r\n    }\r\n```\r\n\r\n",
        "created_at": "2017-02-14T11:02:14Z",
        "closed": true,
        "labels": [
            "Bug"
        ],
        "milestone": 1,
        "assignee": "geertvanhorrik"
    },
    "comments": [
        {
            "created_at": "2017-02-14T13:10:31Z",
            "body": "Comment created by @geertvanhorrik:\n\nGreat points, thanks! Interested in doing a PR?"
        },
        {
            "created_at": "2017-02-14T13:20:31Z",
            "body": "Comment created by menno:\n\nIt is a single line of code to be added to between line 190 and 191 (as is current on Github). \r\n\r\nIt is the following\r\n\r\n```\r\nif (!ReferenceEquals(recipient, weakAction.Target)) continue;\r\n```\r\n\r\n"
        },
        {
            "created_at": "2017-02-14T13:50:15Z",
            "body": "Comment created by @geertvanhorrik:\n\nAnd the unit test ;-)\r\n\r\nJust added this to the develop branch, will release a new version of Catel v5 (prerelease) with this fix soon."
        },
        {
            "created_at": "2017-02-14T13:50:49Z",
            "body": "Comment created by @geertvanhorrik:\n\nDone!"
        },
        {
            "created_at": "2017-02-14T13:50:49Z",
            "body": "Issue was closed with resolution \"Fixed\""
        }
    ]
}