{
    "issue": {
        "title": "CTL-330: ViewModel gets unloaded before View",
        "body": "Jira issue originally created by user AvelN:\n\nWhen using binding to ViewModel's data and then leaving the page, viewmodel removed before the view is removed from the screen and gets unloaded. As a result, there are ugly artifacts with ui: during transition it gets empty and only static content remains until page is fully removes from screen. And it's noticable",
        "created_at": "2014-02-07T07:47:58Z",
        "closed": true,
        "labels": [
            "Bug"
        ],
        "milestone": 12,
        "assignee": "geertvanhorrik"
    },
    "comments": [
        {
            "created_at": "2014-02-07T10:03:32Z",
            "body": "Comment created by @geertvanhorrik:\n\nI need a repro. Does this happen when using nested views or even on top-levels?"
        },
        {
            "created_at": "2014-02-07T20:12:54Z",
            "body": "Comment created by AvelN:\n\nSteps to reproduce:\r\n1) Open the main page.\r\n2) Press back button. \r\n   Expected result: the data on view remains until the end of transition.\r\n   Real result: the data on view gets removed before the end of transition and only empty fields remain."
        },
        {
            "created_at": "2014-02-08T13:20:08Z",
            "body": "Comment created by @geertvanhorrik:\n\nI will see what I can do about this. Probably need to use the dispatcher to get the VM unloading to take place **after** the transition."
        },
        {
            "created_at": "2014-02-08T14:29:10Z",
            "body": "Comment created by @geertvanhorrik:\n\nDispatcher wasn't any help, but I now introduced a new event in the LogicBase:\r\n\r\nOnNavigatedAwayFromPage\r\nOnNavigatedToPage\r\n\r\nThis makes it much easier for future changes and handling of navigation events."
        },
        {
            "created_at": "2014-02-08T14:43:40Z",
            "body": "Comment created by @geertvanhorrik:\n\nAll looks great. Testing this on a larger application."
        },
        {
            "created_at": "2014-02-09T13:07:57Z",
            "body": "Comment created by AvelN:\n\nSo, how the things are doing?"
        },
        {
            "created_at": "2014-02-10T20:51:41Z",
            "body": "Comment created by @geertvanhorrik:\n\nIt took me a bit longer, but I think it all works good now. You can still cancel the navigation by returning false in the Save method. But the view model is being closed **after** the navigation has been completed."
        },
        {
            "created_at": "2014-02-16T18:57:22Z",
            "body": "Comment created by AvelN:\n\nWas it really fixed? I have the latest brightly build and still get VoewModel == null when OnNavigatingAway fires and as a result the View is empty on transition start"
        },
        {
            "created_at": "2014-02-17T20:45:43Z",
            "body": "Comment created by @geertvanhorrik:\n\nCan you please verify that this is fixed now as well?"
        },
        {
            "created_at": "2014-02-17T20:51:23Z",
            "body": "Comment created by AvelN:\n\nYes, it seams it is, thanks!"
        },
        {
            "created_at": "2014-02-10T20:54:09Z",
            "body": "Issue was closed with resolution \"Fixed\""
        }
    ]
}