{
    "issue": {
        "title": "CTL-411: Allow source linking as alternative to symbolsource.org",
        "body": "Jira issue originally created by user @geertvanhorrik:\n\nSee https:\/\/github.com\/ctaggart\/SourceLink",
        "created_at": "2014-04-10T19:15:28Z",
        "closed": true,
        "labels": [
            "Task"
        ],
        "milestone": 12,
        "assignee": "geertvanhorrik"
    },
    "comments": [
        {
            "created_at": "2014-04-17T00:10:26Z",
            "body": "Comment created by @geertvanhorrik:\n\nImplementing this via https:\/\/github.com\/geertvanhorrik\/githublink"
        },
        {
            "created_at": "2014-04-17T12:19:49Z",
            "body": "Comment created by @geertvanhorrik:\n\nDone. Will work in the latest prerelease."
        },
        {
            "created_at": "2014-04-19T22:22:56Z",
            "body": "Comment created by @geertvanhorrik:\n\nLatest prerelease contains this feature. See documentation for more information."
        },
        {
            "created_at": "2014-04-19T22:23:50Z",
            "body": "Comment created by @geertvanhorrik:\n\nDone!"
        },
        {
            "created_at": "2014-04-19T22:23:50Z",
            "body": "Issue was closed with resolution \"Fixed\""
        }
    ]
}