{
    "issue": {
        "title": "CTL-293: Catel.Fody does not work with generic properties",
        "body": "Jira issue originally created by user @geertvanhorrik:\n\nA generic base class where a property is defined as generic does not work.",
        "created_at": "2014-01-06T17:57:08Z",
        "closed": true,
        "labels": [
            "Bug"
        ],
        "milestone": 13,
        "assignee": "geertvanhorrik"
    },
    "comments": [
        {
            "created_at": "2014-01-17T12:23:20Z",
            "body": "Comment created by @geertvanhorrik:\n\nFixed with unit tests."
        },
        {
            "created_at": "2014-01-17T12:23:20Z",
            "body": "Issue was closed with resolution \"Fixed\""
        }
    ]
}