{
    "issue": {
        "title": "CTL-100: System.StackOverflowException on Catel.Core.dll",
        "body": "Jira issue originally created by user bir:\n\n",
        "created_at": "2013-06-20T19:46:00Z",
        "closed": true,
        "labels": [
            "Bug"
        ],
        "milestone": 16,
        "assignee": "geertvanhorrik"
    },
    "comments": [
        {
            "created_at": "2013-06-20T20:14:05Z",
            "body": "Comment created by @geertvanhorrik:\n\nThank you for submitting this issue. \n\n1) Can you please provide more information what you are trying to do? \n2) Can you upload a reproducable project? \n3) Did you try the latest nightly build via nuget?"
        },
        {
            "created_at": "2013-06-21T11:19:21Z",
            "body": "Comment created by bir:\n\nPlease can you give an example using catel entity Framework component\r\n"
        },
        {
            "created_at": "2013-06-21T11:27:22Z",
            "body": "Comment created by bir:\n\nThe problem occur when I try two change the selected value on the\r\nmouvement\u2019s combox in the main ribbon ."
        },
        {
            "created_at": "2013-06-21T12:00:32Z",
            "body": "Comment created by @geertvanhorrik:\n\nWe are too busy to create a real-world example. It's still on the to-do list, but I cannot provide you one at the moment.\n\nPlease try to upload a small project where you reproduce the issue.\n\nPlease make sure that you have read the docs:\n\nhttps:\/\/catelproject.atlassian.net\/wiki\/display\/CTL\/Catel.Extensions.EntityFramework5"
        },
        {
            "created_at": "2013-06-21T12:11:21Z",
            "body": "Comment created by bir:\n\nI have already send an example of my project"
        },
        {
            "created_at": "2013-06-21T12:17:52Z",
            "body": "Comment created by @geertvanhorrik:\n\nGreat, thanks. And please do not reply via email. It posts all your contact information and I cannot keep removing this sensitive information."
        },
        {
            "created_at": "2013-06-21T12:22:04Z",
            "body": "Comment created by @geertvanhorrik:\n\nI have deleted the attachment because I think it contains sensitive information. I have the source, but it won't be public now. However, I cannot reproduce the stackoverflow.\n\nWhen I run the app, I can safely change any combobox, no crashes. I am using the latest 3.6 nightly build available via nuget. Did you try that one as well?"
        },
        {
            "created_at": "2013-06-26T13:25:34Z",
            "body": "Comment created by bir:\n\nHi any solution ?"
        },
        {
            "created_at": "2013-06-26T13:29:57Z",
            "body": "Comment created by @geertvanhorrik:\n\nNo. I cannot reproduce it like I said. Did you try the latest nightly builds via nuget?"
        },
        {
            "created_at": "2013-07-25T18:00:31Z",
            "body": "Comment created by @geertvanhorrik:\n\nNo response, closing issue as cannot reproduce."
        },
        {
            "created_at": "2013-07-25T18:00:31Z",
            "body": "Issue was closed with resolution \"Cannot Reproduce\""
        }
    ]
}