{
    "issue": {
        "title": "CTL-27: Attribute validation doesn't work for non-catel properties",
        "body": "Jira issue originally created by user @geertvanhorrik:\n\nWe discovered another thing which may not work correctly (property validations using annotations).\r\n\r\nThe BoolRequired validator always gets false even if the associated property returns true.\r\n\r\nThis is an automatic property, not a Catel one.\r\n",
        "created_at": "2013-03-15T12:38:33Z",
        "closed": true,
        "labels": [
            "Bug"
        ],
        "milestone": 18,
        "assignee": "geertvanhorrik"
    },
    "comments": [
        {
            "created_at": "2013-03-15T12:38:59Z",
            "body": "Comment created by @geertvanhorrik:\n\nI think the problem lies within ModelBase. Catel is triggering the validation (BoolRequired) but calls the\nvalidator with a \u201ewrong\u201c (default) value (and without requesting the property for the actual value -> ValidatePropertyUsingAnnotations(\u2026) -> TestProject)"
        },
        {
            "created_at": "2013-03-15T19:51:17Z",
            "body": "Comment created by @geertvanhorrik:\n\nMaybe it\u2019s magic, but I cannot reproduce this with the latest version (which I use). Can you make sure that you are using the last version available via nuget?"
        },
        {
            "created_at": "2013-03-16T14:30:10Z",
            "body": "Comment created by facos:\n\nStill no luck with the latest release (catel_4a481b8d3324) or nuget release.\n\nIn the test project i set a breakpoint in CanSave property and in BoolRequired.IsValid().\nBoolRequired.IsValid() is called (with value false although the property returns true)\nonce and before the CanSave property is ever read.\n\nThis is the callstack:\n\n \tBoolRequired.exe!BoolRequired.BoolRequiredAttribute.IsValid(object obj) Line 59\tC#\n \tSystem.ComponentModel.DataAnnotations.dll!System.ComponentModel.DataAnnotations.ValidationAttribute.IsValid(object value, System.ComponentModel.DataAnnotations.ValidationContext validationContext) <ins> 0x64 bytes\t\n \tSystem.ComponentModel.DataAnnotations.dll!System.ComponentModel.DataAnnotations.ValidationAttribute.GetValidationResult(object value, System.ComponentModel.DataAnnotations.ValidationContext validationContext) <\/ins> 0x1a bytes\t\n \tSystem.ComponentModel.DataAnnotations.dll!System.ComponentModel.DataAnnotations.Validator.TryValidate(object value, System.ComponentModel.DataAnnotations.ValidationContext validationContext, System.ComponentModel.DataAnnotations.ValidationAttribute attribute, out System.ComponentModel.DataAnnotations.Validator.ValidationError validationError) <ins> 0x19 bytes\t\n \tSystem.ComponentModel.DataAnnotations.dll!System.ComponentModel.DataAnnotations.Validator.GetValidationErrors(object value, System.ComponentModel.DataAnnotations.ValidationContext validationContext, System.Collections.Generic.IEnumerable<System.ComponentModel.DataAnnotations.ValidationAttribute> attributes, bool breakOnFirstError) <\/ins> 0x106 bytes\t\n \tSystem.ComponentModel.DataAnnotations.dll!System.ComponentModel.DataAnnotations.Validator.ValidateProperty(object value, System.ComponentModel.DataAnnotations.ValidationContext validationContext) <ins> 0x42 bytes\t\n \tCatel.Core.dll!Catel.Data.ModelBase.ValidatePropertyUsingAnnotations(string propertyName, object value) Line 408 <\/ins> 0x25 bytes\tC#\n \tCatel.Core.dll!Catel.Data.ModelBase.Validate(bool force, bool validateDataAnnotations) Line 638 <ins> 0x6b bytes\tC#\n \tCatel.Core.dll!Catel.Data.ModelBase.Validate(bool force) Line 593 <\/ins> 0xe bytes\tC#\n>\tBoolRequired.exe!BoolRequired.MainWindowViewModel.Initialize() Line 25 <ins> 0xd bytes\tC#\n \tCatel.MVVM.dll!Catel.MVVM.ViewModelBase.InitializeViewModel() Line 1646 <\/ins> 0xb bytes\tC#\n \tCatel.MVVM.dll!Catel.Windows.Controls.MVVMProviders.Logic.LogicBase.ViewModel.set(Catel.MVVM.IViewModel value) Line 234 <ins> 0xc bytes\tC#\n \tCatel.MVVM.dll!Catel.Windows.Controls.MVVMProviders.Logic.LogicBase.OnTargetControlLoaded(object sender, System.EventArgs e) Line 485 <\/ins> 0x1c bytes\tC#\n \tCatel.MVVM.dll!Catel.Windows.Controls.MVVMProviders.Logic.LogicBase.OnTargetControlLoadedInternal(object sender, System.EventArgs e) Line 425 <ins> 0x11 bytes\tC#\n \tPresentationCore.dll!System.Windows.RoutedEventHandlerInfo.InvokeHandler(object target, System.Windows.RoutedEventArgs routedEventArgs) <\/ins> 0x78 bytes\t\n....\n\nValidatePropertyUsingAnnotations() gets the value to validate from _propertyValues and there CanSave = false (but it should be true).\n\nI have no clue why this behavior is not reproducable...\n\nThanks a lot for your efforts!\n"
        },
        {
            "created_at": "2013-03-21T17:26:00Z",
            "body": "Comment created by @geertvanhorrik:\n\nBetween the call to System.ComponentModel.DataAnnotations.Validator.ValidateProperty and the actual validation attribute, no Catel code is involved. I will check out though why it does not work as expected."
        },
        {
            "created_at": "2013-03-21T17:37:17Z",
            "body": "Comment created by @geertvanhorrik:\n\nFound the issue. Catel passes in the wrong value to the method."
        },
        {
            "created_at": "2013-03-21T18:40:26Z",
            "body": "Comment created by @geertvanhorrik:\n\nWrote unit tests for calculated properties support."
        },
        {
            "created_at": "2013-03-21T19:52:02Z",
            "body": "Comment created by @geertvanhorrik:\n\nIssue is fixed."
        },
        {
            "created_at": "2013-03-21T19:52:11Z",
            "body": "Issue was closed with resolution \"Fixed\""
        }
    ]
}