{
    "issue": {
        "title": "CTL-245: Catel model does not deserialize in WCF",
        "body": "Jira issue originally created by user SSchips:\n\nHi, I've tried to implement the catel Framework into my new WCF Project. I included a Service method that returns an object derived from ModelBase. Then I created a Service reference in my Client Project. The Service call works, but the method result is not the original object type, but it is DataSet. That may make sense to me, because I did not have a reference to Catel.Core in my Client Project. After adding this reference, any attempt to update the Service reference fails. I receive an error and some warnings, e.g. \"Late bound operations cannot be performed on types or methods for which ContainsGenericParameters is true\". \r\n\r\nI don't know whether I missed anything or this is not possible or a bug?\r\n\r\nBest regards,\r\nStefan",
        "created_at": "2013-11-22T15:01:54Z",
        "closed": true,
        "labels": [
            "Bug"
        ],
        "milestone": 15,
        "assignee": "geertvanhorrik"
    },
    "comments": [
        {
            "created_at": "2013-11-22T15:50:19Z",
            "body": "Comment created by @geertvanhorrik:\n\nIf you can show us a repro, then we can test this."
        },
        {
            "created_at": "2013-11-22T16:12:05Z",
            "body": "Comment created by SSchips:\n\nHi Geert,\r\n\r\nthanks for your quick Response. Do you want me to send a test solution?\r\n\r\nBR, Stefan"
        },
        {
            "created_at": "2013-11-22T16:26:31Z",
            "body": "Comment created by @geertvanhorrik:\n\nYes please, That's the fastest way for us to look into issues without having to spend too much time on trying to reproduce what you already have on your machine.\r\n\r\nYou can attach the solution to this issue."
        },
        {
            "created_at": "2013-11-22T16:34:55Z",
            "body": "Comment created by SSchips:\n\nHere we go.\r\n\r\nBR, Stefan"
        },
        {
            "created_at": "2013-11-22T16:42:08Z",
            "body": "Comment created by @geertvanhorrik:\n\nLet's see if we can fix this easily. Otherwise this will be delayed to 3.9."
        },
        {
            "created_at": "2013-11-22T16:56:18Z",
            "body": "Comment created by @geertvanhorrik:\n\nAs soon as I allow types to be reused from Catel.Core, the generated Reference.cs is empty."
        },
        {
            "created_at": "2013-11-22T16:59:39Z",
            "body": "Comment created by @geertvanhorrik:\n\nWsdl can be found at:\r\n\r\nhttp:\/\/localhost:8733\/Design*Time*Addresses\/WcfServiceLibrary\/Service1\/?singleWsdl"
        },
        {
            "created_at": "2013-11-22T17:19:32Z",
            "body": "Comment created by @geertvanhorrik:\n\nSome info:\r\n\r\nhttp:\/\/thomashundley.com\/post\/2011\/12\/07\/WCF-Service-References-not-generating-webconfig-client-endpoints-and-bindings.aspx"
        },
        {
            "created_at": "2013-11-22T17:25:36Z",
            "body": "Comment created by SSchips:\n\nYes, if I remove the reusage for the Assembly Catel.Core, I get no error. Then it's the same behavior as if there is no reference to Catel.Core at all in the Client Project. And the method result is \"DataSet\", not \"ModelBaseDerived\".\r\n\r\nCan this be fixed? Or would you not recommend to transfer the Catel derived objects with a WCF Service?\r\n\r\nThanks again!"
        },
        {
            "created_at": "2013-11-22T17:28:31Z",
            "body": "Comment created by @geertvanhorrik:\n\nManual call to svcutil:\r\n\r\nc:\\Source\\Research\\CTL245>svcutil \/reference:Catel.Core.dll http:\/\/localhost:8733\/Design*Time*Addresses\/WcfServiceLibrary\/Service1\/?singleWsdl"
        },
        {
            "created_at": "2013-11-22T17:35:04Z",
            "body": "Comment created by @geertvanhorrik:\n\nI think I found something interesting."
        },
        {
            "created_at": "2013-11-22T17:37:24Z",
            "body": "Comment created by @geertvanhorrik:\n\nYep, that's it. In Catel the ModelBase (and some deprecated DataObjectBase<T> classes) are decorated with the XmlSchemaAttribute. Since this needs to be weaved into the models using Catel.Fody, these attributes can be removed safely. After removing the attributes, it all works fine.\r\n\r\nNow going to test the final application whether it can send data over the wire."
        },
        {
            "created_at": "2013-11-22T17:39:34Z",
            "body": "Comment created by @geertvanhorrik:\n\nWorks like a charm :)"
        },
        {
            "created_at": "2013-11-22T17:43:53Z",
            "body": "Comment created by @geertvanhorrik:\n\nGoing to release a new nightly build so you can test this. I hope I didn't remove too much by also removing this attribute on non-generic classes, but we'll see. Your example does work."
        },
        {
            "created_at": "2013-11-22T17:59:20Z",
            "body": "Comment created by @geertvanhorrik:\n\nThe nightly build should be available now via NuGet (3.7.1311221743-beta)"
        },
        {
            "created_at": "2013-11-22T17:59:27Z",
            "body": "Comment created by @geertvanhorrik:\n\nFixed."
        },
        {
            "created_at": "2013-11-22T17:59:27Z",
            "body": "Issue was closed with resolution \"Fixed\""
        }
    ]
}