{
    "issue": {
        "title": "CTL-32: Default UoW.SaveChanges seems to fail",
        "body": "Jira issue originally created by user @geertvanhorrik:\n\nCurrently: SaveOptions.DetectChangesBeforeSave \r\nShould be: SaveOptions.AcceptAllChangesAfterSave \r\n",
        "created_at": "2013-03-26T22:23:12Z",
        "closed": true,
        "labels": [
            "Bug"
        ],
        "milestone": 17,
        "assignee": "geertvanhorrik"
    },
    "comments": [
        {
            "created_at": "2013-03-27T08:17:31Z",
            "body": "Comment created by @geertvanhorrik:\n\nDone."
        },
        {
            "created_at": "2013-03-27T08:17:31Z",
            "body": "Issue was closed with resolution \"Fixed\""
        }
    ]
}