{
    "issue": {
        "title": "CTL-452: Make it simple to use Catel on 3rd party controls",
        "body": "Jira issue originally created by user @geertvanhorrik:\n\nMake it more simple to use Catel on 3rd party controls. Optimal way is this:\r\n\r\n```\r\nvar logic = new Logic(this);\r\n```",
        "created_at": "2014-06-02T15:01:45Z",
        "closed": true,
        "labels": [
            "Improvement"
        ],
        "milestone": 12,
        "assignee": "geertvanhorrik"
    },
    "comments": [
        {
            "created_at": "2014-06-02T15:02:56Z",
            "body": "Comment created by @geertvanhorrik:\n\nRemoving GetViewModelType() and putting check code in LogicBase."
        },
        {
            "created_at": "2014-06-02T15:20:57Z",
            "body": "Comment created by @geertvanhorrik:\n\nSee update guide for most details:\r\n\r\nhttps:\/\/catelproject.atlassian.net\/wiki\/display\/CTL\/Catel+4.0.0"
        },
        {
            "created_at": "2014-06-02T21:36:55Z",
            "body": "Comment created by @geertvanhorrik:\n\nCommitted. Need to update docs."
        },
        {
            "created_at": "2014-06-03T12:03:32Z",
            "body": "Comment created by @geertvanhorrik:\n\nDocumentation updated."
        },
        {
            "created_at": "2014-06-03T12:03:32Z",
            "body": "Issue was closed with resolution \"Fixed\""
        }
    ]
}