{
    "issue": {
        "title": "CTL-1019: Consider dropping EntityFramework extensions",
        "body": "Jira issue originally created by user @geertvanhorrik:\n\nWe want to minimize the footprint of Catel. One of the libraries we can drop is EntityFramework. If people want to keep this alive, it can be done in a separate repository by other maintainers.",
        "created_at": "2017-02-27T20:22:15Z",
        "closed": false,
        "labels": [
            "Task"
        ],
        "milestone": 1,
        "assignee": "geertvanhorrik"
    },
    "comments": [
        {
            "created_at": "2017-02-27T20:22:39Z",
            "body": "Comment created by @geertvanhorrik:\n\n[~alexander.fernandez.sauco], what do you think. Do you use these libs?"
        }
    ]
}