{
    "issue": {
        "title": "CTL-316: Add configuration section for packaged modules",
        "body": "Jira issue originally created by user @alexfdezsauco:\n\n",
        "created_at": "2014-01-30T20:36:26Z",
        "closed": false,
        "labels": [
            "Improvement"
        ],
        "milestone": 1
    },
    "comments": [
        {
            "created_at": "2015-02-06T14:13:34Z",
            "body": "Comment created by @geertvanhorrik:\n\n[~alexander.fernandez.sauco], can you update the description so I know what it means?\r\n"
        },
        {
            "created_at": "2015-02-10T21:32:46Z",
            "body": "Comment created by @alexfdezsauco:\n\n@Geert van Horrik [Administrator]\nThis is about an specialized configuration section for packaged modules to setup the nuget catalog behavior, for instance enable or disable module package discovering from configuration file."
        }
    ]
}