{
    "issue": {
        "title": "CTL-28: Cannot insert decimal separator in textbox when it is bind to decimal value. ",
        "body": "Jira issue originally created by user mze666:\n\nWhen i bind a textbox to a decimal value i can't insert decimal separator to the textbox (both normal textbox or catel numeric textbox).\r\nI'm using .net framework 4.5",
        "created_at": "2013-03-17T06:27:04Z",
        "closed": true,
        "labels": [
            "Bug"
        ],
        "assignee": "geertvanhorrik"
    },
    "comments": [
        {
            "created_at": "2013-03-18T18:57:44Z",
            "body": "Comment created by @geertvanhorrik:\n\nInteresting, this seems to be a \"fix\", but they explain that they support \"backwards compatibility\" for those \"who misused the bug\". I am not sure how you can use that though."
        },
        {
            "created_at": "2013-04-08T19:08:24Z",
            "body": "Comment created by @geertvanhorrik:\n\nSee http:\/\/connect.microsoft.com\/VisualStudio\/feedback\/details\/737301\/binding-to-wpf-textbox-seems-to-be-broken-in-net-4-5-beta for more information."
        },
        {
            "created_at": "2013-04-08T19:10:32Z",
            "body": "Comment created by @geertvanhorrik:\n\nThe link adds this recommendation:\n\n\"I recommend that TextBox bindings use UpdateSourceTrigger=LostFocus (the default), precisely so that users can type without interference from the round-trip process. With PropertyChanged the round-tripping happens on every keystroke and you often can't type a full string because a partial string gets converted out from under you.\""
        },
        {
            "created_at": "2013-04-09T18:50:25Z",
            "body": "Comment created by @geertvanhorrik:\n\n.NET issue, not a Catel issue."
        },
        {
            "created_at": "2013-04-09T18:50:25Z",
            "body": "Issue was closed with resolution \"Won't Fix\""
        }
    ]
}