{
    "issue": {
        "title": "CTL-139: Create DynamicObjects extension",
        "body": "Jira issue originally created by user @geertvanhorrik:\n\nA dynamic extension to ModelBase with IDynamicMetaObjectProvider and ICustomTypeProvider.\r\n\r\nWe need to create a lot of dynamic views and it would be very helpful if ModelBase would implement\r\na mix of DynamicObject, ExpandoObject and CustomTypeHelper with support for catel properties with all their features (validation, notification etc) in a dynamic fashion.\r\n\r\nExample:\r\n\r\nClass Contact : ModelBase\r\n{\r\n        Public FirstName { get; set; }   \/\/ Catel Properties\r\n        Public LastName { get; set; }\r\n}\r\n\r\n\/\/ dynamic properties\r\n\r\nvar contact  = new Contact();\r\ncontact.FirstName = \u201eFoo\u201c;\r\ncontact[\u201eCity\u201c] = \u201eNew York\u201c;\r\n\r\ncontact.AddProperty(\u201ePostalCode\u201c, typeof(int), new PostalCodeValidatorAttribute())\r\ncontact[\u201ePostalCode\u201c] = 3225;\r\n\r\ncontact.RemoveProperty(\u201ePostalCode\u201c);\r\n\r\ncontact.Street = \u201eFoo\u201c;\r\n\r\nhttp:\/\/blogs.msdn.com\/b\/silverlight_sdk\/archive\/2011\/04\/26\/binding-to-dynamic-properties-with-icustomtypeprovider-silverlight-5-beta.aspx\r\n",
        "created_at": "2013-07-31T08:14:34Z",
        "closed": true,
        "labels": [
            "Task"
        ],
        "milestone": 16,
        "assignee": "geertvanhorrik"
    },
    "comments": [
        {
            "created_at": "2013-08-01T23:05:35Z",
            "body": "Comment created by @geertvanhorrik:\n\nWhen using IDynamicMetaObjectProvider, you are forced to use dynamic. When using ICustomTypeProvider, we cannot support NET40. What is your preference?"
        },
        {
            "created_at": "2013-08-02T17:28:08Z",
            "body": "Comment created by @geertvanhorrik:\n\nIDynamicMetaObjectProvider it is to support NET40. Maybe we will implement the ICustomTypeProvider in a later stage.\n\nThe advantage if IDynamicMetaObjectProvider is that we can support SL4 and NET40 as well."
        },
        {
            "created_at": "2013-08-02T18:16:59Z",
            "body": "Comment created by @geertvanhorrik:\n\nSee http:\/\/msdn.microsoft.com\/en-us\/vstudio\/ff800651.aspx"
        },
        {
            "created_at": "2013-08-05T21:06:34Z",
            "body": "Comment created by @geertvanhorrik:\n\nCode + unit tests done, only documentation left."
        },
        {
            "created_at": "2013-08-07T19:11:29Z",
            "body": "Comment created by @geertvanhorrik:\n\nWritten documentation."
        },
        {
            "created_at": "2013-08-08T19:00:40Z",
            "body": "Comment created by @geertvanhorrik:\n\nSerialization is now also fully supported."
        },
        {
            "created_at": "2013-08-08T19:00:40Z",
            "body": "Issue was closed with resolution \"Fixed\""
        }
    ]
}