{
    "issue": {
        "title": "CTL-38: Default values from Catel Properties do not get observed",
        "body": "Jira issue originally created by user facos:\n\n    public class TestModel\r\n    {\r\n        public static readonly PropertyData ItemsProperty = RegisterProperty\r\n            <TestModel, FastObservableCollection<int>>(\r\n                o => o.Items, () => new FastObservableCollection<int>());    \/\/ default value\r\n\r\n\tpublic TestModel()\r\n        {\r\n             \/\/ crude workaround (manually set Catel Property to force observation)\r\n             \/\/ without it does not work!\r\n             \/\/ this.Items = new FastObservableCollection<int>();\r\n        }\r\n\r\n        protected virtual void OnCollectionChanged(NotifyCollectionChangedEventArgs e)\r\n        {\r\n              \/\/ never gets called with default value only\r\n        }\r\n\r\n        protected override void OnPropertyObjectCollectionChanged(object sender, NotifyCollectionChangedEventArgs e)\r\n        {\r\n              \/\/ never gets called with default value only\r\n        }\r\n\r\n        protected override void OnPropertyObjectPropertyChanged(object sender, PropertyChangedEventArgs e)\r\n        {\r\n              \/\/ never gets called with default value only\r\n        }\r\n    }",
        "created_at": "2013-04-03T09:24:36Z",
        "closed": true,
        "labels": [
            "Bug"
        ],
        "milestone": 17,
        "assignee": "geertvanhorrik"
    },
    "comments": [
        {
            "created_at": "2013-04-04T20:57:58Z",
            "body": "Comment created by @geertvanhorrik:\n\nFailing unit test is written, going to implement the fix now."
        },
        {
            "created_at": "2013-04-04T21:12:26Z",
            "body": "Comment created by @geertvanhorrik:\n\nWrapped the calls to _propertyValues into SetValueFast and GetValueFast. These methods take care of the event subscriptions and locking for multi-threading support. These methods can only be used by the class itself but now all property code behaves consistent."
        },
        {
            "created_at": "2013-04-04T21:17:30Z",
            "body": "Comment created by @geertvanhorrik:\n\nFixed."
        },
        {
            "created_at": "2013-04-05T14:50:12Z",
            "body": "Comment created by facos:\n\nWorks perfectly! Thanks a lot for your fast fix!"
        },
        {
            "created_at": "2013-04-04T21:17:30Z",
            "body": "Issue was closed with resolution \"Fixed\""
        }
    ]
}